company_id,metric_key,fiscal_year,period_end,value,unit,scope,accounting_standard,availability,source_id,note
recruit-holdings,revenue,2022,2022-03-31,2871705000000,JPY,consolidated,IFRS,reported,edinet-s100vzg5,element_id=jpcrp_cor:RevenueIFRSSummaryOfBusinessResults; context_id=Prior3YearDuration
recruit-holdings,revenue,2023,2023-03-31,3429519000000,JPY,consolidated,IFRS,reported,edinet-s100vzg5,element_id=jpcrp_cor:RevenueIFRSSummaryOfBusinessResults; context_id=Prior2YearDuration
recruit-holdings,revenue,2024,2024-03-31,3416492000000,JPY,consolidated,IFRS,reported,edinet-s100vzg5,element_id=jpcrp_cor:RevenueIFRSSummaryOfBusinessResults; context_id=Prior1YearDuration
recruit-holdings,revenue,2025,2025-03-31,3557478000000,JPY,consolidated,IFRS,reported,edinet-s100vzg5,element_id=jpcrp_cor:RevenueIFRSSummaryOfBusinessResults; context_id=CurrentYearDuration
recruit-holdings,revenue,2026,2026-03-31,3697351000000,JPY,consolidated,IFRS,reported,edinet-s100ydhl,element_id=jpcrp_cor:RevenueIFRSSummaryOfBusinessResults; context_id=CurrentYearDuration
recruit-holdings,equity_ratio,2022,2022-03-31,56.3,percent,consolidated,IFRS,reported,edinet-s100vzg5,element_id=jpcrp_cor:RatioOfOwnersEquityToGrossAssetsIFRSSummaryOfBusinessResults; context_id=Prior3YearInstant
recruit-holdings,equity_ratio,2023,2023-03-31,58.2,percent,consolidated,IFRS,reported,edinet-s100vzg5,element_id=jpcrp_cor:RatioOfOwnersEquityToGrossAssetsIFRSSummaryOfBusinessResults; context_id=Prior2YearInstant
recruit-holdings,equity_ratio,2024,2024-03-31,63.6,percent,consolidated,IFRS,reported,edinet-s100vzg5,element_id=jpcrp_cor:RatioOfOwnersEquityToGrossAssetsIFRSSummaryOfBusinessResults; context_id=Prior1YearInstant
recruit-holdings,equity_ratio,2025,2025-03-31,58.3,percent,consolidated,IFRS,reported,edinet-s100vzg5,element_id=jpcrp_cor:RatioOfOwnersEquityToGrossAssetsIFRSSummaryOfBusinessResults; context_id=CurrentYearInstant
recruit-holdings,equity_ratio,2026,2026-03-31,56.8,percent,consolidated,IFRS,reported,edinet-s100ydhl,element_id=jpcrp_cor:RatioOfOwnersEquityToGrossAssetsIFRSSummaryOfBusinessResults; context_id=CurrentYearInstant
recruit-holdings,operating_cf,2022,2022-03-31,439610000000,JPY,consolidated,IFRS,reported,edinet-s100vzg5,element_id=jpcrp_cor:CashFlowsFromUsedInOperatingActivitiesIFRSSummaryOfBusinessResults; context_id=Prior3YearDuration
recruit-holdings,operating_cf,2023,2023-03-31,438193000000,JPY,consolidated,IFRS,reported,edinet-s100vzg5,element_id=jpcrp_cor:CashFlowsFromUsedInOperatingActivitiesIFRSSummaryOfBusinessResults; context_id=Prior2YearDuration
recruit-holdings,operating_cf,2024,2024-03-31,535362000000,JPY,consolidated,IFRS,reported,edinet-s100vzg5,element_id=jpcrp_cor:CashFlowsFromUsedInOperatingActivitiesIFRSSummaryOfBusinessResults; context_id=Prior1YearDuration
recruit-holdings,operating_cf,2025,2025-03-31,610363000000,JPY,consolidated,IFRS,reported,edinet-s100vzg5,element_id=jpcrp_cor:CashFlowsFromUsedInOperatingActivitiesIFRSSummaryOfBusinessResults; context_id=CurrentYearDuration
recruit-holdings,operating_cf,2026,2026-03-31,669431000000,JPY,consolidated,IFRS,reported,edinet-s100ydhl,element_id=jpcrp_cor:CashFlowsFromUsedInOperatingActivitiesIFRSSummaryOfBusinessResults; context_id=CurrentYearDuration
recruit-holdings,investing_cf,2022,2022-03-31,-70738000000,JPY,consolidated,IFRS,reported,edinet-s100vzg5,element_id=jpcrp_cor:CashFlowsFromUsedInInvestingActivitiesIFRSSummaryOfBusinessResults; context_id=Prior3YearDuration
recruit-holdings,investing_cf,2023,2023-03-31,-32676000000,JPY,consolidated,IFRS,reported,edinet-s100vzg5,element_id=jpcrp_cor:CashFlowsFromUsedInInvestingActivitiesIFRSSummaryOfBusinessResults; context_id=Prior2YearDuration
recruit-holdings,investing_cf,2024,2024-03-31,-68789000000,JPY,consolidated,IFRS,reported,edinet-s100vzg5,element_id=jpcrp_cor:CashFlowsFromUsedInInvestingActivitiesIFRSSummaryOfBusinessResults; context_id=Prior1YearDuration
recruit-holdings,investing_cf,2025,2025-03-31,-61054000000,JPY,consolidated,IFRS,reported,edinet-s100vzg5,element_id=jpcrp_cor:CashFlowsFromUsedInInvestingActivitiesIFRSSummaryOfBusinessResults; context_id=CurrentYearDuration
recruit-holdings,investing_cf,2026,2026-03-31,-49742000000,JPY,consolidated,IFRS,reported,edinet-s100ydhl,element_id=jpcrp_cor:CashFlowsFromUsedInInvestingActivitiesIFRSSummaryOfBusinessResults; context_id=CurrentYearDuration
recruit-holdings,financing_cf,2022,2022-03-31,-254371000000,JPY,consolidated,IFRS,reported,edinet-s100vzg5,element_id=jpcrp_cor:CashFlowsFromUsedInFinancingActivitiesIFRSSummaryOfBusinessResults; context_id=Prior3YearDuration
recruit-holdings,financing_cf,2023,2023-03-31,-252060000000,JPY,consolidated,IFRS,reported,edinet-s100vzg5,element_id=jpcrp_cor:CashFlowsFromUsedInFinancingActivitiesIFRSSummaryOfBusinessResults; context_id=Prior2YearDuration
recruit-holdings,financing_cf,2024,2024-03-31,-334648000000,JPY,consolidated,IFRS,reported,edinet-s100vzg5,element_id=jpcrp_cor:CashFlowsFromUsedInFinancingActivitiesIFRSSummaryOfBusinessResults; context_id=Prior1YearDuration
recruit-holdings,financing_cf,2025,2025-03-31,-880480000000,JPY,consolidated,IFRS,reported,edinet-s100vzg5,element_id=jpcrp_cor:CashFlowsFromUsedInFinancingActivitiesIFRSSummaryOfBusinessResults; context_id=CurrentYearDuration
recruit-holdings,financing_cf,2026,2026-03-31,-743478000000,JPY,consolidated,IFRS,reported,edinet-s100ydhl,element_id=jpcrp_cor:CashFlowsFromUsedInFinancingActivitiesIFRSSummaryOfBusinessResults; context_id=CurrentYearDuration
recruit-holdings,average_age,2026,2026-03-31,40.2,years,non_consolidated,,reported,edinet-s100ydhl,element_id=jpcrp_cor:AverageAgeYearsInformationAboutReportingCompanyInformationAboutEmployees; context_id=CurrentYearInstant_NonConsolidatedMember
recruit-holdings,average_tenure,2026,2026-03-31,9.3,years,non_consolidated,,reported,edinet-s100ydhl,element_id=jpcrp_cor:AverageLengthOfServiceYearsInformationAboutReportingCompanyInformationAboutEmployees; context_id=CurrentYearInstant_NonConsolidatedMember
recruit-holdings,average_annual_salary,2026,2026-03-31,11624997,JPY,non_consolidated,,reported,edinet-s100ydhl,element_id=jpcrp_cor:AverageAnnualSalaryInformationAboutReportingCompanyInformationAboutEmployees; context_id=CurrentYearInstant_NonConsolidatedMember
recruit-holdings,operating_profit,2025,2025-03-31,490542000000,JPY,consolidated,IFRS,reported,edinet-s100vzg5,element_id=jpigp_cor:OperatingProfitLossIFRS; context_id=CurrentYearDuration
recruit-holdings,operating_profit,2026,2026-03-31,630567000000,JPY,consolidated,IFRS,reported,edinet-s100ydhl,element_id=jpigp_cor:OperatingProfitLossIFRS; context_id=CurrentYearDuration
ly-corporation,revenue,2022,2022-03-31,1567421000000,JPY,consolidated,IFRS,reported,edinet-s100ybxd,element_id=jpcrp_cor:RevenueIFRSSummaryOfBusinessResults; context_id=Prior4YearDuration
ly-corporation,revenue,2023,2023-03-31,1672377000000,JPY,consolidated,IFRS,reported,edinet-s100ybxd,element_id=jpcrp_cor:RevenueIFRSSummaryOfBusinessResults; context_id=Prior3YearDuration
ly-corporation,revenue,2024,2024-03-31,1814663000000,JPY,consolidated,IFRS,reported,edinet-s100ybxd,element_id=jpcrp_cor:RevenueIFRSSummaryOfBusinessResults; context_id=Prior2YearDuration
ly-corporation,revenue,2025,2025-03-31,1917478000000,JPY,consolidated,IFRS,reported,edinet-s100ybxd,element_id=jpcrp_cor:RevenueIFRSSummaryOfBusinessResults; context_id=Prior1YearDuration
ly-corporation,revenue,2026,2026-03-31,2036366000000,JPY,consolidated,IFRS,reported,edinet-s100ybxd,element_id=jpcrp_cor:RevenueIFRSSummaryOfBusinessResults; context_id=CurrentYearDuration
ly-corporation,equity_ratio,2022,2022-03-31,37.8,percent,consolidated,IFRS,reported,edinet-s100ybxd,element_id=jpcrp_cor:RatioOfOwnersEquityToGrossAssetsIFRSSummaryOfBusinessResults; context_id=Prior4YearInstant
ly-corporation,equity_ratio,2023,2023-03-31,34,percent,consolidated,IFRS,reported,edinet-s100ybxd,element_id=jpcrp_cor:RatioOfOwnersEquityToGrossAssetsIFRSSummaryOfBusinessResults; context_id=Prior3YearInstant
ly-corporation,equity_ratio,2024,2024-03-31,33.6,percent,consolidated,IFRS,reported,edinet-s100ybxd,element_id=jpcrp_cor:RatioOfOwnersEquityToGrossAssetsIFRSSummaryOfBusinessResults; context_id=Prior2YearInstant
ly-corporation,equity_ratio,2025,2025-03-31,32.7,percent,consolidated,IFRS,reported,edinet-s100ybxd,element_id=jpcrp_cor:RatioOfOwnersEquityToGrossAssetsIFRSSummaryOfBusinessResults; context_id=Prior1YearInstant
ly-corporation,equity_ratio,2026,2026-03-31,26.8,percent,consolidated,IFRS,reported,edinet-s100ybxd,element_id=jpcrp_cor:RatioOfOwnersEquityToGrossAssetsIFRSSummaryOfBusinessResults; context_id=CurrentYearInstant
ly-corporation,operating_cf,2022,2022-03-31,266314000000,JPY,consolidated,IFRS,reported,edinet-s100ybxd,element_id=jpcrp_cor:CashFlowsFromUsedInOperatingActivitiesIFRSSummaryOfBusinessResults; context_id=Prior4YearDuration
ly-corporation,operating_cf,2023,2023-03-31,93051000000,JPY,consolidated,IFRS,reported,edinet-s100ybxd,element_id=jpcrp_cor:CashFlowsFromUsedInOperatingActivitiesIFRSSummaryOfBusinessResults; context_id=Prior3YearDuration
ly-corporation,operating_cf,2024,2024-03-31,316477000000,JPY,consolidated,IFRS,reported,edinet-s100ybxd,element_id=jpcrp_cor:CashFlowsFromUsedInOperatingActivitiesIFRSSummaryOfBusinessResults; context_id=Prior2YearDuration
ly-corporation,operating_cf,2025,2025-03-31,519590000000,JPY,consolidated,IFRS,reported,edinet-s100ybxd,element_id=jpcrp_cor:CashFlowsFromUsedInOperatingActivitiesIFRSSummaryOfBusinessResults; context_id=Prior1YearDuration
ly-corporation,operating_cf,2026,2026-03-31,662854000000,JPY,consolidated,IFRS,reported,edinet-s100ybxd,element_id=jpcrp_cor:CashFlowsFromUsedInOperatingActivitiesIFRSSummaryOfBusinessResults; context_id=CurrentYearDuration
ly-corporation,investing_cf,2022,2022-03-31,-303899000000,JPY,consolidated,IFRS,reported,edinet-s100ybxd,element_id=jpcrp_cor:CashFlowsFromUsedInInvestingActivitiesIFRSSummaryOfBusinessResults; context_id=Prior4YearDuration
ly-corporation,investing_cf,2023,2023-03-31,319786000000,JPY,consolidated,IFRS,reported,edinet-s100ybxd,element_id=jpcrp_cor:CashFlowsFromUsedInInvestingActivitiesIFRSSummaryOfBusinessResults; context_id=Prior3YearDuration
ly-corporation,investing_cf,2024,2024-03-31,-444060000000,JPY,consolidated,IFRS,reported,edinet-s100ybxd,element_id=jpcrp_cor:CashFlowsFromUsedInInvestingActivitiesIFRSSummaryOfBusinessResults; context_id=Prior2YearDuration
ly-corporation,investing_cf,2025,2025-03-31,-505633000000,JPY,consolidated,IFRS,reported,edinet-s100ybxd,element_id=jpcrp_cor:CashFlowsFromUsedInInvestingActivitiesIFRSSummaryOfBusinessResults; context_id=Prior1YearDuration
ly-corporation,investing_cf,2026,2026-03-31,-809247000000,JPY,consolidated,IFRS,reported,edinet-s100ybxd,element_id=jpcrp_cor:CashFlowsFromUsedInInvestingActivitiesIFRSSummaryOfBusinessResults; context_id=CurrentYearDuration
ly-corporation,financing_cf,2022,2022-03-31,91630000000,JPY,consolidated,IFRS,reported,edinet-s100ybxd,element_id=jpcrp_cor:CashFlowsFromUsedInFinancingActivitiesIFRSSummaryOfBusinessResults; context_id=Prior4YearDuration
ly-corporation,financing_cf,2023,2023-03-31,105791000000,JPY,consolidated,IFRS,reported,edinet-s100ybxd,element_id=jpcrp_cor:CashFlowsFromUsedInFinancingActivitiesIFRSSummaryOfBusinessResults; context_id=Prior3YearDuration
ly-corporation,financing_cf,2024,2024-03-31,-81490000000,JPY,consolidated,IFRS,reported,edinet-s100ybxd,element_id=jpcrp_cor:CashFlowsFromUsedInFinancingActivitiesIFRSSummaryOfBusinessResults; context_id=Prior2YearDuration
ly-corporation,financing_cf,2025,2025-03-31,-416797000000,JPY,consolidated,IFRS,reported,edinet-s100ybxd,element_id=jpcrp_cor:CashFlowsFromUsedInFinancingActivitiesIFRSSummaryOfBusinessResults; context_id=Prior1YearDuration
ly-corporation,financing_cf,2026,2026-03-31,153309000000,JPY,consolidated,IFRS,reported,edinet-s100ybxd,element_id=jpcrp_cor:CashFlowsFromUsedInFinancingActivitiesIFRSSummaryOfBusinessResults; context_id=CurrentYearDuration
ly-corporation,average_age,2026,2026-03-31,39,years,non_consolidated,,reported,edinet-s100ybxd,element_id=jpcrp_cor:AverageAgeYearsInformationAboutReportingCompanyInformationAboutEmployees; context_id=CurrentYearInstant_NonConsolidatedMember
ly-corporation,average_tenure,2026,2026-03-31,9.6,years,non_consolidated,,reported,edinet-s100ybxd,element_id=jpcrp_cor:AverageLengthOfServiceYearsInformationAboutReportingCompanyInformationAboutEmployees; context_id=CurrentYearInstant_NonConsolidatedMember
ly-corporation,average_annual_salary,2026,2026-03-31,9023870,JPY,non_consolidated,,reported,edinet-s100ybxd,element_id=jpcrp_cor:AverageAnnualSalaryInformationAboutReportingCompanyInformationAboutEmployees; context_id=CurrentYearInstant_NonConsolidatedMember
ly-corporation,operating_profit,2025,2025-03-31,315033000000,JPY,consolidated,IFRS,reported,edinet-s100ybxd,element_id=jpcrp030000-asr_E05000-000:OperatingProfitLossIFRSSummaryOfBusinessResults; context_id=Prior1YearDuration
ly-corporation,operating_profit,2026,2026-03-31,341322000000,JPY,consolidated,IFRS,reported,edinet-s100ybxd,element_id=jpcrp030000-asr_E05000-000:OperatingProfitLossIFRSSummaryOfBusinessResults; context_id=CurrentYearDuration
ly-corporation,operating_profit,2022,2022-03-31,189503000000,JPY,consolidated,IFRS,reported,edinet-s100ybxd,element_id=jpcrp030000-asr_E05000-000:OperatingProfitLossIFRSSummaryOfBusinessResults; context_id=Prior4YearDuration
ly-corporation,operating_profit,2023,2023-03-31,314533000000,JPY,consolidated,IFRS,reported,edinet-s100ybxd,element_id=jpcrp030000-asr_E05000-000:OperatingProfitLossIFRSSummaryOfBusinessResults; context_id=Prior3YearDuration
ly-corporation,operating_profit,2024,2024-03-31,208191000000,JPY,consolidated,IFRS,reported,edinet-s100ybxd,element_id=jpcrp030000-asr_E05000-000:OperatingProfitLossIFRSSummaryOfBusinessResults; context_id=Prior2YearDuration
ly-corporation,current_assets,2023,2023-03-31,416841000000,JPY,consolidated,IFRS,reported,edinet-s100tm4a,連結財政状態計算書の比較情報
ly-corporation,current_liabilities,2023,2023-03-31,443785000000,JPY,consolidated,IFRS,reported,edinet-s100tm4a,連結財政状態計算書の比較情報
ly-corporation,quick_assets,2023,2023-03-31,372356000000,JPY,consolidated,IFRS,reported,edinet-s100tm4a,現金及び預金・売掛金・前払費用・関係会社短期貸付金の合計
ly-corporation,current_assets,2024,2024-03-31,688279000000,JPY,consolidated,IFRS,reported,edinet-s100tm4a,連結財政状態計算書
ly-corporation,current_liabilities,2024,2024-03-31,810592000000,JPY,consolidated,IFRS,reported,edinet-s100tm4a,連結財政状態計算書
ly-corporation,quick_assets,2024,2024-03-31,513845000000,JPY,consolidated,IFRS,reported,edinet-s100tm4a,現金及び預金・売掛金・前払費用・関係会社短期貸付金の合計
mercari,revenue,2023,2023-06-30,171967000000,JPY,consolidated,IFRS,reported,edinet-s100wqdw,element_id=jpcrp_cor:RevenueIFRSSummaryOfBusinessResults; context_id=Prior2YearDuration
mercari,revenue,2024,2024-06-30,187407000000,JPY,consolidated,IFRS,reported,edinet-s100wqdw,element_id=jpcrp_cor:RevenueIFRSSummaryOfBusinessResults; context_id=Prior1YearDuration
mercari,revenue,2025,2025-06-30,192633000000,JPY,consolidated,IFRS,reported,edinet-s100wqdw,element_id=jpcrp_cor:RevenueIFRSSummaryOfBusinessResults; context_id=CurrentYearDuration
mercari,equity_ratio,2022,2022-06-30,11,percent,consolidated,IFRS,reported,edinet-s100wqdw,element_id=jpcrp_cor:RatioOfOwnersEquityToGrossAssetsIFRSSummaryOfBusinessResults; context_id=Prior3YearInstant
mercari,equity_ratio,2023,2023-06-30,13.2,percent,consolidated,IFRS,reported,edinet-s100wqdw,element_id=jpcrp_cor:RatioOfOwnersEquityToGrossAssetsIFRSSummaryOfBusinessResults; context_id=Prior2YearInstant
mercari,equity_ratio,2024,2024-06-30,14.3,percent,consolidated,IFRS,reported,edinet-s100wqdw,element_id=jpcrp_cor:RatioOfOwnersEquityToGrossAssetsIFRSSummaryOfBusinessResults; context_id=Prior1YearInstant
mercari,equity_ratio,2025,2025-06-30,18.3,percent,consolidated,IFRS,reported,edinet-s100wqdw,element_id=jpcrp_cor:RatioOfOwnersEquityToGrossAssetsIFRSSummaryOfBusinessResults; context_id=CurrentYearInstant
mercari,operating_cf,2023,2023-06-30,-35820000000,JPY,consolidated,IFRS,reported,edinet-s100wqdw,element_id=jpcrp_cor:CashFlowsFromUsedInOperatingActivitiesIFRSSummaryOfBusinessResults; context_id=Prior2YearDuration
mercari,operating_cf,2024,2024-06-30,-43337000000,JPY,consolidated,IFRS,reported,edinet-s100wqdw,element_id=jpcrp_cor:CashFlowsFromUsedInOperatingActivitiesIFRSSummaryOfBusinessResults; context_id=Prior1YearDuration
mercari,operating_cf,2025,2025-06-30,-11949000000,JPY,consolidated,IFRS,reported,edinet-s100wqdw,element_id=jpcrp_cor:CashFlowsFromUsedInOperatingActivitiesIFRSSummaryOfBusinessResults; context_id=CurrentYearDuration
mercari,investing_cf,2023,2023-06-30,-601000000,JPY,consolidated,IFRS,reported,edinet-s100wqdw,element_id=jpcrp_cor:CashFlowsFromUsedInInvestingActivitiesIFRSSummaryOfBusinessResults; context_id=Prior2YearDuration
mercari,investing_cf,2024,2024-06-30,-877000000,JPY,consolidated,IFRS,reported,edinet-s100wqdw,element_id=jpcrp_cor:CashFlowsFromUsedInInvestingActivitiesIFRSSummaryOfBusinessResults; context_id=Prior1YearDuration
mercari,investing_cf,2025,2025-06-30,-31364000000,JPY,consolidated,IFRS,reported,edinet-s100wqdw,element_id=jpcrp_cor:CashFlowsFromUsedInInvestingActivitiesIFRSSummaryOfBusinessResults; context_id=CurrentYearDuration
mercari,financing_cf,2023,2023-06-30,25167000000,JPY,consolidated,IFRS,reported,edinet-s100wqdw,element_id=jpcrp_cor:CashFlowsFromUsedInFinancingActivitiesIFRSSummaryOfBusinessResults; context_id=Prior2YearDuration
mercari,financing_cf,2024,2024-06-30,32091000000,JPY,consolidated,IFRS,reported,edinet-s100wqdw,element_id=jpcrp_cor:CashFlowsFromUsedInFinancingActivitiesIFRSSummaryOfBusinessResults; context_id=Prior1YearDuration
mercari,financing_cf,2025,2025-06-30,504000000,JPY,consolidated,IFRS,reported,edinet-s100wqdw,element_id=jpcrp_cor:CashFlowsFromUsedInFinancingActivitiesIFRSSummaryOfBusinessResults; context_id=CurrentYearDuration
mercari,average_age,2025,2025-06-30,36.3,years,non_consolidated,,reported,edinet-s100wqdw,element_id=jpcrp_cor:AverageAgeYearsInformationAboutReportingCompanyInformationAboutEmployees; context_id=CurrentYearInstant_NonConsolidatedMember
mercari,average_tenure,2025,2025-06-30,3.8,years,non_consolidated,,reported,edinet-s100wqdw,element_id=jpcrp_cor:AverageLengthOfServiceYearsInformationAboutReportingCompanyInformationAboutEmployees; context_id=CurrentYearInstant_NonConsolidatedMember
mercari,average_annual_salary,2025,2025-06-30,11763000,JPY,non_consolidated,,reported,edinet-s100wqdw,element_id=jpcrp_cor:AverageAnnualSalaryInformationAboutReportingCompanyInformationAboutEmployees; context_id=CurrentYearInstant_NonConsolidatedMember
mercari,operating_profit,2024,2024-06-30,17486000000,JPY,consolidated,IFRS,reported,edinet-s100wqdw,element_id=jpigp_cor:OperatingProfitLossIFRS; context_id=Prior1YearDuration
mercari,operating_profit,2025,2025-06-30,27840000000,JPY,consolidated,IFRS,reported,edinet-s100wqdw,element_id=jpigp_cor:OperatingProfitLossIFRS; context_id=CurrentYearDuration
cyberagent,average_age,2025,2025-09-30,33.8,years,non_consolidated,,reported,edinet-s100xcu9,element_id=jpcrp_cor:AverageAgeYearsInformationAboutReportingCompanyInformationAboutEmployees; context_id=CurrentYearInstant_NonConsolidatedMember
cyberagent,average_tenure,2025,2025-09-30,6.5,years,non_consolidated,,reported,edinet-s100xcu9,element_id=jpcrp_cor:AverageLengthOfServiceYearsInformationAboutReportingCompanyInformationAboutEmployees; context_id=CurrentYearInstant_NonConsolidatedMember
cyberagent,average_annual_salary,2025,2025-09-30,9138000,JPY,non_consolidated,,reported,edinet-s100xcu9,element_id=jpcrp_cor:AverageAnnualSalaryInformationAboutReportingCompanyInformationAboutEmployees; context_id=CurrentYearInstant_NonConsolidatedMember
dena,revenue,2022,2022-03-31,130868000000,JPY,consolidated,IFRS,reported,edinet-s100yldv,element_id=jpcrp_cor:RevenueIFRSSummaryOfBusinessResults; context_id=Prior4YearDuration
dena,revenue,2023,2023-03-31,134914000000,JPY,consolidated,IFRS,reported,edinet-s100yldv,element_id=jpcrp_cor:RevenueIFRSSummaryOfBusinessResults; context_id=Prior3YearDuration
dena,revenue,2024,2024-03-31,136733000000,JPY,consolidated,IFRS,reported,edinet-s100yldv,element_id=jpcrp_cor:RevenueIFRSSummaryOfBusinessResults; context_id=Prior2YearDuration
dena,revenue,2025,2025-03-31,163997000000,JPY,consolidated,IFRS,reported,edinet-s100yldv,element_id=jpcrp_cor:RevenueIFRSSummaryOfBusinessResults; context_id=Prior1YearDuration
dena,revenue,2026,2026-03-31,147700000000,JPY,consolidated,IFRS,reported,edinet-s100yldv,element_id=jpcrp_cor:RevenueIFRSSummaryOfBusinessResults; context_id=CurrentYearDuration
dena,operating_profit,2022,2022-03-31,11462000000,JPY,consolidated,IFRS,reported,edinet-s100yldv,element_id=jpcrp030000-asr_E05460-000:OperatingProfitLossIFRSSummaryOfBusinessResults; context_id=Prior4YearDuration
dena,operating_profit,2023,2023-03-31,4202000000,JPY,consolidated,IFRS,reported,edinet-s100yldv,element_id=jpcrp030000-asr_E05460-000:OperatingProfitLossIFRSSummaryOfBusinessResults; context_id=Prior3YearDuration
dena,operating_profit,2024,2024-03-31,-28270000000,JPY,consolidated,IFRS,reported,edinet-s100yldv,element_id=jpcrp030000-asr_E05460-000:OperatingProfitLossIFRSSummaryOfBusinessResults; context_id=Prior2YearDuration
dena,operating_profit,2025,2025-03-31,28973000000,JPY,consolidated,IFRS,reported,edinet-s100yldv,element_id=jpcrp030000-asr_E05460-000:OperatingProfitLossIFRSSummaryOfBusinessResults; context_id=Prior1YearDuration
dena,operating_profit,2026,2026-03-31,18694000000,JPY,consolidated,IFRS,reported,edinet-s100yldv,element_id=jpcrp030000-asr_E05460-000:OperatingProfitLossIFRSSummaryOfBusinessResults; context_id=CurrentYearDuration
dena,equity_ratio,2022,2022-03-31,70.7,percent,consolidated,IFRS,reported,edinet-s100yldv,element_id=jpcrp_cor:RatioOfOwnersEquityToGrossAssetsIFRSSummaryOfBusinessResults; context_id=Prior4YearInstant
dena,equity_ratio,2023,2023-03-31,63.5,percent,consolidated,IFRS,reported,edinet-s100yldv,element_id=jpcrp_cor:RatioOfOwnersEquityToGrossAssetsIFRSSummaryOfBusinessResults; context_id=Prior3YearInstant
dena,equity_ratio,2024,2024-03-31,62.3,percent,consolidated,IFRS,reported,edinet-s100yldv,element_id=jpcrp_cor:RatioOfOwnersEquityToGrossAssetsIFRSSummaryOfBusinessResults; context_id=Prior2YearInstant
dena,equity_ratio,2025,2025-03-31,61.3,percent,consolidated,IFRS,reported,edinet-s100yldv,element_id=jpcrp_cor:RatioOfOwnersEquityToGrossAssetsIFRSSummaryOfBusinessResults; context_id=Prior1YearInstant
dena,equity_ratio,2026,2026-03-31,69.8,percent,consolidated,IFRS,reported,edinet-s100yldv,element_id=jpcrp_cor:RatioOfOwnersEquityToGrossAssetsIFRSSummaryOfBusinessResults; context_id=CurrentYearInstant
dena,operating_cf,2022,2022-03-31,18375000000,JPY,consolidated,IFRS,reported,edinet-s100yldv,element_id=jpcrp_cor:CashFlowsFromUsedInOperatingActivitiesIFRSSummaryOfBusinessResults; context_id=Prior4YearDuration
dena,operating_cf,2023,2023-03-31,10808000000,JPY,consolidated,IFRS,reported,edinet-s100yldv,element_id=jpcrp_cor:CashFlowsFromUsedInOperatingActivitiesIFRSSummaryOfBusinessResults; context_id=Prior3YearDuration
dena,operating_cf,2024,2024-03-31,-10839000000,JPY,consolidated,IFRS,reported,edinet-s100yldv,element_id=jpcrp_cor:CashFlowsFromUsedInOperatingActivitiesIFRSSummaryOfBusinessResults; context_id=Prior2YearDuration
dena,operating_cf,2025,2025-03-31,38999000000,JPY,consolidated,IFRS,reported,edinet-s100yldv,element_id=jpcrp_cor:CashFlowsFromUsedInOperatingActivitiesIFRSSummaryOfBusinessResults; context_id=Prior1YearDuration
dena,operating_cf,2026,2026-03-31,33431000000,JPY,consolidated,IFRS,reported,edinet-s100yldv,element_id=jpcrp_cor:CashFlowsFromUsedInOperatingActivitiesIFRSSummaryOfBusinessResults; context_id=CurrentYearDuration
dena,investing_cf,2022,2022-03-31,-19924000000,JPY,consolidated,IFRS,reported,edinet-s100yldv,element_id=jpcrp_cor:CashFlowsFromUsedInInvestingActivitiesIFRSSummaryOfBusinessResults; context_id=Prior4YearDuration
dena,investing_cf,2023,2023-03-31,12451000000,JPY,consolidated,IFRS,reported,edinet-s100yldv,element_id=jpcrp_cor:CashFlowsFromUsedInInvestingActivitiesIFRSSummaryOfBusinessResults; context_id=Prior3YearDuration
dena,investing_cf,2024,2024-03-31,-12629000000,JPY,consolidated,IFRS,reported,edinet-s100yldv,element_id=jpcrp_cor:CashFlowsFromUsedInInvestingActivitiesIFRSSummaryOfBusinessResults; context_id=Prior2YearDuration
dena,investing_cf,2025,2025-03-31,-12280000000,JPY,consolidated,IFRS,reported,edinet-s100yldv,element_id=jpcrp_cor:CashFlowsFromUsedInInvestingActivitiesIFRSSummaryOfBusinessResults; context_id=Prior1YearDuration
dena,investing_cf,2026,2026-03-31,34820000000,JPY,consolidated,IFRS,reported,edinet-s100yldv,element_id=jpcrp_cor:CashFlowsFromUsedInInvestingActivitiesIFRSSummaryOfBusinessResults; context_id=CurrentYearDuration
dena,financing_cf,2022,2022-03-31,-18549000000,JPY,consolidated,IFRS,reported,edinet-s100yldv,element_id=jpcrp_cor:CashFlowsFromUsedInFinancingActivitiesIFRSSummaryOfBusinessResults; context_id=Prior4YearDuration
dena,financing_cf,2023,2023-03-31,-4930000000,JPY,consolidated,IFRS,reported,edinet-s100yldv,element_id=jpcrp_cor:CashFlowsFromUsedInFinancingActivitiesIFRSSummaryOfBusinessResults; context_id=Prior3YearDuration
dena,financing_cf,2024,2024-03-31,-4102000000,JPY,consolidated,IFRS,reported,edinet-s100yldv,element_id=jpcrp_cor:CashFlowsFromUsedInFinancingActivitiesIFRSSummaryOfBusinessResults; context_id=Prior2YearDuration
dena,financing_cf,2025,2025-03-31,-5445000000,JPY,consolidated,IFRS,reported,edinet-s100yldv,element_id=jpcrp_cor:CashFlowsFromUsedInFinancingActivitiesIFRSSummaryOfBusinessResults; context_id=Prior1YearDuration
dena,financing_cf,2026,2026-03-31,-58079000000,JPY,consolidated,IFRS,reported,edinet-s100yldv,element_id=jpcrp_cor:CashFlowsFromUsedInFinancingActivitiesIFRSSummaryOfBusinessResults; context_id=CurrentYearDuration
dena,average_age,2026,2026-03-31,38.6,years,non_consolidated,,reported,edinet-s100yldv,element_id=jpcrp_cor:AverageAgeYearsInformationAboutReportingCompanyInformationAboutEmployees; context_id=CurrentYearInstant_NonConsolidatedMember
dena,average_tenure,2026,2026-03-31,7,years,non_consolidated,,reported,edinet-s100yldv,element_id=jpcrp_cor:AverageLengthOfServiceYearsInformationAboutReportingCompanyInformationAboutEmployees; context_id=CurrentYearInstant_NonConsolidatedMember
dena,average_annual_salary,2026,2026-03-31,11179000,JPY,non_consolidated,,reported,edinet-s100yldv,element_id=jpcrp_cor:AverageAnnualSalaryInformationAboutReportingCompanyInformationAboutEmployees; context_id=CurrentYearInstant_NonConsolidatedMember
ntt-data-group,revenue,2021,2021-03-31,2318658000000,JPY,consolidated,IFRS,reported,edinet-s100vwr9,element_id=jpcrp_cor:RevenueIFRSSummaryOfBusinessResults; context_id=Prior4YearDuration
ntt-data-group,revenue,2022,2022-03-31,2551906000000,JPY,consolidated,IFRS,reported,edinet-s100vwr9,element_id=jpcrp_cor:RevenueIFRSSummaryOfBusinessResults; context_id=Prior3YearDuration
ntt-data-group,revenue,2023,2023-03-31,3490182000000,JPY,consolidated,IFRS,reported,edinet-s100vwr9,element_id=jpcrp_cor:RevenueIFRSSummaryOfBusinessResults; context_id=Prior2YearDuration
ntt-data-group,revenue,2024,2024-03-31,4367387000000,JPY,consolidated,IFRS,reported,edinet-s100vwr9,element_id=jpcrp_cor:RevenueIFRSSummaryOfBusinessResults; context_id=Prior1YearDuration
ntt-data-group,revenue,2025,2025-03-31,4638721000000,JPY,consolidated,IFRS,reported,edinet-s100vwr9,element_id=jpcrp_cor:RevenueIFRSSummaryOfBusinessResults; context_id=CurrentYearDuration
ntt-data-group,operating_profit,2021,2021-03-31,139173000000,JPY,consolidated,IFRS,reported,edinet-s100vwr9,element_id=jpcrp030000-asr_E04911-000:OperatingProfitLossIFRSSummaryOfBusinessResults; context_id=Prior4YearDuration
ntt-data-group,operating_profit,2022,2022-03-31,212590000000,JPY,consolidated,IFRS,reported,edinet-s100vwr9,element_id=jpcrp030000-asr_E04911-000:OperatingProfitLossIFRSSummaryOfBusinessResults; context_id=Prior3YearDuration
ntt-data-group,operating_profit,2023,2023-03-31,259110000000,JPY,consolidated,IFRS,reported,edinet-s100vwr9,element_id=jpcrp030000-asr_E04911-000:OperatingProfitLossIFRSSummaryOfBusinessResults; context_id=Prior2YearDuration
ntt-data-group,operating_profit,2024,2024-03-31,309551000000,JPY,consolidated,IFRS,reported,edinet-s100vwr9,element_id=jpcrp030000-asr_E04911-000:OperatingProfitLossIFRSSummaryOfBusinessResults; context_id=Prior1YearDuration
ntt-data-group,operating_profit,2025,2025-03-31,323862000000,JPY,consolidated,IFRS,reported,edinet-s100vwr9,element_id=jpcrp030000-asr_E04911-000:OperatingProfitLossIFRSSummaryOfBusinessResults; context_id=CurrentYearDuration
ntt-data-group,equity_ratio,2021,2021-03-31,37,percent,consolidated,IFRS,reported,edinet-s100vwr9,element_id=jpcrp_cor:RatioOfOwnersEquityToGrossAssetsIFRSSummaryOfBusinessResults; context_id=Prior4YearInstant
ntt-data-group,equity_ratio,2022,2022-03-31,41.2,percent,consolidated,IFRS,reported,edinet-s100vwr9,element_id=jpcrp_cor:RatioOfOwnersEquityToGrossAssetsIFRSSummaryOfBusinessResults; context_id=Prior3YearInstant
ntt-data-group,equity_ratio,2023,2023-03-31,23.6,percent,consolidated,IFRS,reported,edinet-s100vwr9,element_id=jpcrp_cor:RatioOfOwnersEquityToGrossAssetsIFRSSummaryOfBusinessResults; context_id=Prior2YearInstant
ntt-data-group,equity_ratio,2024,2024-03-31,23.8,percent,consolidated,IFRS,reported,edinet-s100vwr9,element_id=jpcrp_cor:RatioOfOwnersEquityToGrossAssetsIFRSSummaryOfBusinessResults; context_id=Prior1YearInstant
ntt-data-group,equity_ratio,2025,2025-03-31,23.5,percent,consolidated,IFRS,reported,edinet-s100vwr9,element_id=jpcrp_cor:RatioOfOwnersEquityToGrossAssetsIFRSSummaryOfBusinessResults; context_id=CurrentYearInstant
ntt-data-group,operating_cf,2021,2021-03-31,352492000000,JPY,consolidated,IFRS,reported,edinet-s100vwr9,element_id=jpcrp_cor:CashFlowsFromUsedInOperatingActivitiesIFRSSummaryOfBusinessResults; context_id=Prior4YearDuration
ntt-data-group,operating_cf,2022,2022-03-31,310404000000,JPY,consolidated,IFRS,reported,edinet-s100vwr9,element_id=jpcrp_cor:CashFlowsFromUsedInOperatingActivitiesIFRSSummaryOfBusinessResults; context_id=Prior3YearDuration
ntt-data-group,operating_cf,2023,2023-03-31,350568000000,JPY,consolidated,IFRS,reported,edinet-s100vwr9,element_id=jpcrp_cor:CashFlowsFromUsedInOperatingActivitiesIFRSSummaryOfBusinessResults; context_id=Prior2YearDuration
ntt-data-group,operating_cf,2024,2024-03-31,498789000000,JPY,consolidated,IFRS,reported,edinet-s100vwr9,element_id=jpcrp_cor:CashFlowsFromUsedInOperatingActivitiesIFRSSummaryOfBusinessResults; context_id=Prior1YearDuration
ntt-data-group,operating_cf,2025,2025-03-31,397148000000,JPY,consolidated,IFRS,reported,edinet-s100vwr9,element_id=jpcrp_cor:CashFlowsFromUsedInOperatingActivitiesIFRSSummaryOfBusinessResults; context_id=CurrentYearDuration
ntt-data-group,investing_cf,2021,2021-03-31,-173893000000,JPY,consolidated,IFRS,reported,edinet-s100vwr9,element_id=jpcrp_cor:CashFlowsFromUsedInInvestingActivitiesIFRSSummaryOfBusinessResults; context_id=Prior4YearDuration
ntt-data-group,investing_cf,2022,2022-03-31,-196487000000,JPY,consolidated,IFRS,reported,edinet-s100vwr9,element_id=jpcrp_cor:CashFlowsFromUsedInInvestingActivitiesIFRSSummaryOfBusinessResults; context_id=Prior3YearDuration
ntt-data-group,investing_cf,2023,2023-03-31,-322281000000,JPY,consolidated,IFRS,reported,edinet-s100vwr9,element_id=jpcrp_cor:CashFlowsFromUsedInInvestingActivitiesIFRSSummaryOfBusinessResults; context_id=Prior2YearDuration
ntt-data-group,investing_cf,2024,2024-03-31,-624508000000,JPY,consolidated,IFRS,reported,edinet-s100vwr9,element_id=jpcrp_cor:CashFlowsFromUsedInInvestingActivitiesIFRSSummaryOfBusinessResults; context_id=Prior1YearDuration
ntt-data-group,investing_cf,2025,2025-03-31,-669743000000,JPY,consolidated,IFRS,reported,edinet-s100vwr9,element_id=jpcrp_cor:CashFlowsFromUsedInInvestingActivitiesIFRSSummaryOfBusinessResults; context_id=CurrentYearDuration
ntt-data-group,financing_cf,2021,2021-03-31,-101618000000,JPY,consolidated,IFRS,reported,edinet-s100vwr9,element_id=jpcrp_cor:CashFlowsFromUsedInFinancingActivitiesIFRSSummaryOfBusinessResults; context_id=Prior4YearDuration
ntt-data-group,financing_cf,2022,2022-03-31,-166513000000,JPY,consolidated,IFRS,reported,edinet-s100vwr9,element_id=jpcrp_cor:CashFlowsFromUsedInFinancingActivitiesIFRSSummaryOfBusinessResults; context_id=Prior3YearDuration
ntt-data-group,financing_cf,2023,2023-03-31,135659000000,JPY,consolidated,IFRS,reported,edinet-s100vwr9,element_id=jpcrp_cor:CashFlowsFromUsedInFinancingActivitiesIFRSSummaryOfBusinessResults; context_id=Prior2YearDuration
ntt-data-group,financing_cf,2024,2024-03-31,109166000000,JPY,consolidated,IFRS,reported,edinet-s100vwr9,element_id=jpcrp_cor:CashFlowsFromUsedInFinancingActivitiesIFRSSummaryOfBusinessResults; context_id=Prior1YearDuration
ntt-data-group,financing_cf,2025,2025-03-31,289409000000,JPY,consolidated,IFRS,reported,edinet-s100vwr9,element_id=jpcrp_cor:CashFlowsFromUsedInFinancingActivitiesIFRSSummaryOfBusinessResults; context_id=CurrentYearDuration
ntt-data-group,average_age,2025,2025-03-31,39.7,years,non_consolidated,,reported,edinet-s100vwr9,element_id=jpcrp_cor:AverageAgeYearsInformationAboutReportingCompanyInformationAboutEmployees; context_id=CurrentYearInstant_NonConsolidatedMember
ntt-data-group,average_tenure,2025,2025-03-31,14.1,years,non_consolidated,,reported,edinet-s100vwr9,element_id=jpcrp_cor:AverageLengthOfServiceYearsInformationAboutReportingCompanyInformationAboutEmployees; context_id=CurrentYearInstant_NonConsolidatedMember
ntt-data-group,average_annual_salary,2025,2025-03-31,9234000,JPY,non_consolidated,,reported,edinet-s100vwr9,element_id=jpcrp_cor:AverageAnnualSalaryInformationAboutReportingCompanyInformationAboutEmployees; context_id=CurrentYearInstant_NonConsolidatedMember
scsk,equity_ratio,2022,2022-03-31,60.6,percent,consolidated,IFRS,reported,edinet-s100yhdd,element_id=jpcrp_cor:RatioOfOwnersEquityToGrossAssetsIFRSSummaryOfBusinessResults; context_id=Prior4YearInstant
scsk,equity_ratio,2023,2023-03-31,62.4,percent,consolidated,IFRS,reported,edinet-s100yhdd,element_id=jpcrp_cor:RatioOfOwnersEquityToGrossAssetsIFRSSummaryOfBusinessResults; context_id=Prior3YearInstant
scsk,equity_ratio,2024,2024-03-31,64.1,percent,consolidated,IFRS,reported,edinet-s100yhdd,element_id=jpcrp_cor:RatioOfOwnersEquityToGrossAssetsIFRSSummaryOfBusinessResults; context_id=Prior2YearInstant
scsk,equity_ratio,2025,2025-03-31,32.9,percent,consolidated,IFRS,reported,edinet-s100yhdd,element_id=jpcrp_cor:RatioOfOwnersEquityToGrossAssetsIFRSSummaryOfBusinessResults; context_id=Prior1YearInstant
scsk,equity_ratio,2026,2026-03-31,38.2,percent,consolidated,IFRS,reported,edinet-s100yhdd,element_id=jpcrp_cor:RatioOfOwnersEquityToGrossAssetsIFRSSummaryOfBusinessResults; context_id=CurrentYearInstant
scsk,operating_cf,2022,2022-03-31,59081000000,JPY,consolidated,IFRS,reported,edinet-s100yhdd,element_id=jpcrp_cor:CashFlowsFromUsedInOperatingActivitiesIFRSSummaryOfBusinessResults; context_id=Prior4YearDuration
scsk,operating_cf,2023,2023-03-31,43592000000,JPY,consolidated,IFRS,reported,edinet-s100yhdd,element_id=jpcrp_cor:CashFlowsFromUsedInOperatingActivitiesIFRSSummaryOfBusinessResults; context_id=Prior3YearDuration
scsk,operating_cf,2024,2024-03-31,67900000000,JPY,consolidated,IFRS,reported,edinet-s100yhdd,element_id=jpcrp_cor:CashFlowsFromUsedInOperatingActivitiesIFRSSummaryOfBusinessResults; context_id=Prior2YearDuration
scsk,operating_cf,2025,2025-03-31,68037000000,JPY,consolidated,IFRS,reported,edinet-s100yhdd,element_id=jpcrp_cor:CashFlowsFromUsedInOperatingActivitiesIFRSSummaryOfBusinessResults; context_id=Prior1YearDuration
scsk,operating_cf,2026,2026-03-31,90561000000,JPY,consolidated,IFRS,reported,edinet-s100yhdd,element_id=jpcrp_cor:CashFlowsFromUsedInOperatingActivitiesIFRSSummaryOfBusinessResults; context_id=CurrentYearDuration
scsk,investing_cf,2022,2022-03-31,-14927000000,JPY,consolidated,IFRS,reported,edinet-s100yhdd,element_id=jpcrp_cor:CashFlowsFromUsedInInvestingActivitiesIFRSSummaryOfBusinessResults; context_id=Prior4YearDuration
scsk,investing_cf,2023,2023-03-31,-14950000000,JPY,consolidated,IFRS,reported,edinet-s100yhdd,element_id=jpcrp_cor:CashFlowsFromUsedInInvestingActivitiesIFRSSummaryOfBusinessResults; context_id=Prior3YearDuration
scsk,investing_cf,2024,2024-03-31,-19898000000,JPY,consolidated,IFRS,reported,edinet-s100yhdd,element_id=jpcrp_cor:CashFlowsFromUsedInInvestingActivitiesIFRSSummaryOfBusinessResults; context_id=Prior2YearDuration
scsk,investing_cf,2025,2025-03-31,-275488000000,JPY,consolidated,IFRS,reported,edinet-s100yhdd,element_id=jpcrp_cor:CashFlowsFromUsedInInvestingActivitiesIFRSSummaryOfBusinessResults; context_id=Prior1YearDuration
scsk,investing_cf,2026,2026-03-31,-1032000000,JPY,consolidated,IFRS,reported,edinet-s100yhdd,element_id=jpcrp_cor:CashFlowsFromUsedInInvestingActivitiesIFRSSummaryOfBusinessResults; context_id=CurrentYearDuration
scsk,financing_cf,2022,2022-03-31,-32342000000,JPY,consolidated,IFRS,reported,edinet-s100yhdd,element_id=jpcrp_cor:CashFlowsFromUsedInFinancingActivitiesIFRSSummaryOfBusinessResults; context_id=Prior4YearDuration
scsk,financing_cf,2023,2023-03-31,-29074000000,JPY,consolidated,IFRS,reported,edinet-s100yhdd,element_id=jpcrp_cor:CashFlowsFromUsedInFinancingActivitiesIFRSSummaryOfBusinessResults; context_id=Prior3YearDuration
scsk,financing_cf,2024,2024-03-31,-25881000000,JPY,consolidated,IFRS,reported,edinet-s100yhdd,element_id=jpcrp_cor:CashFlowsFromUsedInFinancingActivitiesIFRSSummaryOfBusinessResults; context_id=Prior2YearDuration
scsk,financing_cf,2025,2025-03-31,167946000000,JPY,consolidated,IFRS,reported,edinet-s100yhdd,element_id=jpcrp_cor:CashFlowsFromUsedInFinancingActivitiesIFRSSummaryOfBusinessResults; context_id=Prior1YearDuration
scsk,financing_cf,2026,2026-03-31,-81093000000,JPY,consolidated,IFRS,reported,edinet-s100yhdd,element_id=jpcrp_cor:CashFlowsFromUsedInFinancingActivitiesIFRSSummaryOfBusinessResults; context_id=CurrentYearDuration
scsk,average_age,2026,2026-03-31,42,years,non_consolidated,,reported,edinet-s100yhdd,element_id=jpcrp_cor:AverageAgeYearsInformationAboutReportingCompanyInformationAboutEmployees; context_id=CurrentYearInstant_NonConsolidatedMember
scsk,average_tenure,2026,2026-03-31,16,years,non_consolidated,,reported,edinet-s100yhdd,element_id=jpcrp_cor:AverageLengthOfServiceYearsInformationAboutReportingCompanyInformationAboutEmployees; context_id=CurrentYearInstant_NonConsolidatedMember
scsk,average_annual_salary,2026,2026-03-31,7969000,JPY,non_consolidated,,reported,edinet-s100yhdd,element_id=jpcrp_cor:AverageAnnualSalaryInformationAboutReportingCompanyInformationAboutEmployees; context_id=CurrentYearInstant_NonConsolidatedMember
scsk,operating_profit,2025,2025-03-31,66121000000,JPY,consolidated,IFRS,reported,edinet-s100yhdd,element_id=jpigp_cor:OperatingProfitLossIFRS; context_id=Prior1YearDuration
scsk,operating_profit,2026,2026-03-31,86260000000,JPY,consolidated,IFRS,reported,edinet-s100yhdd,element_id=jpigp_cor:OperatingProfitLossIFRS; context_id=CurrentYearDuration
cyberagent,revenue,2021,2021-09-30,666149000000,JPY,consolidated,JGAAP,reported,edinet-s100xcu9,element_id=jpcrp_cor:NetSalesSummaryOfBusinessResults; context_id=Prior4YearDuration
cyberagent,revenue,2022,2022-09-30,709923000000,JPY,consolidated,JGAAP,reported,edinet-s100xcu9,element_id=jpcrp_cor:NetSalesSummaryOfBusinessResults; context_id=Prior3YearDuration
cyberagent,revenue,2023,2023-09-30,719451000000,JPY,consolidated,JGAAP,reported,edinet-s100xcu9,element_id=jpcrp_cor:NetSalesSummaryOfBusinessResults; context_id=Prior2YearDuration
cyberagent,revenue,2024,2024-09-30,801236000000,JPY,consolidated,JGAAP,reported,edinet-s100xcu9,element_id=jpcrp_cor:NetSalesSummaryOfBusinessResults; context_id=Prior1YearDuration
cyberagent,revenue,2025,2025-09-30,874030000000,JPY,consolidated,JGAAP,reported,edinet-s100xcu9,element_id=jpcrp_cor:NetSalesSummaryOfBusinessResults; context_id=CurrentYearDuration
cyberagent,equity_ratio,2021,2021-09-30,33.6,percent,consolidated,JGAAP,reported,edinet-s100xcu9,element_id=jpcrp_cor:EquityToAssetRatioSummaryOfBusinessResults; context_id=Prior4YearInstant
cyberagent,equity_ratio,2022,2022-09-30,37.3,percent,consolidated,JGAAP,reported,edinet-s100xcu9,element_id=jpcrp_cor:EquityToAssetRatioSummaryOfBusinessResults; context_id=Prior3YearInstant
cyberagent,equity_ratio,2023,2023-09-30,29.7,percent,consolidated,JGAAP,reported,edinet-s100xcu9,element_id=jpcrp_cor:EquityToAssetRatioSummaryOfBusinessResults; context_id=Prior2YearInstant
cyberagent,equity_ratio,2024,2024-09-30,30.1,percent,consolidated,JGAAP,reported,edinet-s100xcu9,element_id=jpcrp_cor:EquityToAssetRatioSummaryOfBusinessResults; context_id=Prior1YearInstant
cyberagent,equity_ratio,2025,2025-09-30,32.3,percent,consolidated,JGAAP,reported,edinet-s100xcu9,element_id=jpcrp_cor:EquityToAssetRatioSummaryOfBusinessResults; context_id=CurrentYearInstant
cyberagent,operating_cf,2021,2021-09-30,109609000000,JPY,consolidated,JGAAP,reported,edinet-s100xcu9,element_id=jpcrp_cor:NetCashProvidedByUsedInOperatingActivitiesSummaryOfBusinessResults; context_id=Prior4YearDuration
cyberagent,operating_cf,2022,2022-09-30,17946000000,JPY,consolidated,JGAAP,reported,edinet-s100xcu9,element_id=jpcrp_cor:NetCashProvidedByUsedInOperatingActivitiesSummaryOfBusinessResults; context_id=Prior3YearDuration
cyberagent,operating_cf,2023,2023-09-30,20822000000,JPY,consolidated,JGAAP,reported,edinet-s100xcu9,element_id=jpcrp_cor:NetCashProvidedByUsedInOperatingActivitiesSummaryOfBusinessResults; context_id=Prior2YearDuration
cyberagent,operating_cf,2024,2024-09-30,53231000000,JPY,consolidated,JGAAP,reported,edinet-s100xcu9,element_id=jpcrp_cor:NetCashProvidedByUsedInOperatingActivitiesSummaryOfBusinessResults; context_id=Prior1YearDuration
cyberagent,operating_cf,2025,2025-09-30,79518000000,JPY,consolidated,JGAAP,reported,edinet-s100xcu9,element_id=jpcrp_cor:NetCashProvidedByUsedInOperatingActivitiesSummaryOfBusinessResults; context_id=CurrentYearDuration
cyberagent,investing_cf,2021,2021-09-30,-28537000000,JPY,consolidated,JGAAP,reported,edinet-s100xcu9,element_id=jpcrp_cor:NetCashProvidedByUsedInInvestingActivitiesSummaryOfBusinessResults; context_id=Prior4YearDuration
cyberagent,investing_cf,2022,2022-09-30,-31412000000,JPY,consolidated,JGAAP,reported,edinet-s100xcu9,element_id=jpcrp_cor:NetCashProvidedByUsedInInvestingActivitiesSummaryOfBusinessResults; context_id=Prior3YearDuration
cyberagent,investing_cf,2023,2023-09-30,-40290000000,JPY,consolidated,JGAAP,reported,edinet-s100xcu9,element_id=jpcrp_cor:NetCashProvidedByUsedInInvestingActivitiesSummaryOfBusinessResults; context_id=Prior2YearDuration
cyberagent,investing_cf,2024,2024-09-30,-38331000000,JPY,consolidated,JGAAP,reported,edinet-s100xcu9,element_id=jpcrp_cor:NetCashProvidedByUsedInInvestingActivitiesSummaryOfBusinessResults; context_id=Prior1YearDuration
cyberagent,investing_cf,2025,2025-09-30,-30825000000,JPY,consolidated,JGAAP,reported,edinet-s100xcu9,element_id=jpcrp_cor:NetCashProvidedByUsedInInvestingActivitiesSummaryOfBusinessResults; context_id=CurrentYearDuration
cyberagent,financing_cf,2021,2021-09-30,374000000,JPY,consolidated,JGAAP,reported,edinet-s100xcu9,element_id=jpcrp_cor:NetCashProvidedByUsedInFinancingActivitiesSummaryOfBusinessResults; context_id=Prior4YearDuration
cyberagent,financing_cf,2022,2022-09-30,-2801000000,JPY,consolidated,JGAAP,reported,edinet-s100xcu9,element_id=jpcrp_cor:NetCashProvidedByUsedInFinancingActivitiesSummaryOfBusinessResults; context_id=Prior3YearDuration
cyberagent,financing_cf,2023,2023-09-30,53491000000,JPY,consolidated,JGAAP,reported,edinet-s100xcu9,element_id=jpcrp_cor:NetCashProvidedByUsedInFinancingActivitiesSummaryOfBusinessResults; context_id=Prior2YearDuration
cyberagent,financing_cf,2024,2024-09-30,-5195000000,JPY,consolidated,JGAAP,reported,edinet-s100xcu9,element_id=jpcrp_cor:NetCashProvidedByUsedInFinancingActivitiesSummaryOfBusinessResults; context_id=Prior1YearDuration
cyberagent,financing_cf,2025,2025-09-30,-33860000000,JPY,consolidated,JGAAP,reported,edinet-s100xcu9,element_id=jpcrp_cor:NetCashProvidedByUsedInFinancingActivitiesSummaryOfBusinessResults; context_id=CurrentYearDuration
cyberagent,operating_profit,2024,2024-09-30,40083000000,JPY,consolidated,JGAAP,reported,edinet-s100xcu9,element_id=jppfs_cor:OperatingIncome; context_id=Prior1YearDuration
cyberagent,operating_profit,2025,2025-09-30,71702000000,JPY,consolidated,JGAAP,reported,edinet-s100xcu9,element_id=jppfs_cor:OperatingIncome; context_id=CurrentYearDuration
scsk,revenue,2022,2022-03-31,414150000000,JPY,consolidated,IFRS,reported,edinet-s100yhdd,element_id=jpcrp030000-asr_E04830-000:NetSalesIFRSKeyFinancialData; context_id=Prior4YearDuration
scsk,revenue,2023,2023-03-31,445912000000,JPY,consolidated,IFRS,reported,edinet-s100yhdd,element_id=jpcrp030000-asr_E04830-000:NetSalesIFRSKeyFinancialData; context_id=Prior3YearDuration
scsk,revenue,2024,2024-03-31,480307000000,JPY,consolidated,IFRS,reported,edinet-s100yhdd,element_id=jpcrp030000-asr_E04830-000:NetSalesIFRSKeyFinancialData; context_id=Prior2YearDuration
scsk,revenue,2025,2025-03-31,596065000000,JPY,consolidated,IFRS,reported,edinet-s100yhdd,element_id=jpcrp030000-asr_E04830-000:NetSalesIFRSKeyFinancialData; context_id=Prior1YearDuration
scsk,revenue,2026,2026-03-31,780326000000,JPY,consolidated,IFRS,reported,edinet-s100yhdd,element_id=jpcrp030000-asr_E04830-000:NetSalesIFRSKeyFinancialData; context_id=CurrentYearDuration
mercari,average_age,2024,2024-06-30,36,years,non_consolidated,,reported,edinet-s100ueyz,element_id=jpcrp_cor:AverageAgeYearsInformationAboutReportingCompanyInformationAboutEmployees; context_id=CurrentYearInstant_NonConsolidatedMember
mercari,average_tenure,2024,2024-06-30,3.5,years,non_consolidated,,reported,edinet-s100ueyz,element_id=jpcrp_cor:AverageLengthOfServiceYearsInformationAboutReportingCompanyInformationAboutEmployees; context_id=CurrentYearInstant_NonConsolidatedMember
mercari,average_annual_salary,2024,2024-06-30,11668000,JPY,non_consolidated,,reported,edinet-s100ueyz,element_id=jpcrp_cor:AverageAnnualSalaryInformationAboutReportingCompanyInformationAboutEmployees; context_id=CurrentYearInstant_NonConsolidatedMember
mercari,operating_profit,2023,2023-06-30,16385000000,JPY,consolidated,IFRS,reported,edinet-s100ueyz,element_id=jpigp_cor:OperatingProfitLossIFRS; context_id=Prior1YearDuration
cyberagent,revenue,2020,2020-09-30,478566000000,JPY,consolidated,JGAAP,reported,edinet-s100uxza,element_id=jpcrp_cor:NetSalesSummaryOfBusinessResults; context_id=Prior4YearDuration
cyberagent,equity_ratio,2020,2020-09-30,34.3,percent,consolidated,JGAAP,reported,edinet-s100uxza,element_id=jpcrp_cor:EquityToAssetRatioSummaryOfBusinessResults; context_id=Prior4YearInstant
cyberagent,operating_cf,2020,2020-09-30,37028000000,JPY,consolidated,JGAAP,reported,edinet-s100uxza,element_id=jpcrp_cor:NetCashProvidedByUsedInOperatingActivitiesSummaryOfBusinessResults; context_id=Prior4YearDuration
cyberagent,investing_cf,2020,2020-09-30,-16621000000,JPY,consolidated,JGAAP,reported,edinet-s100uxza,element_id=jpcrp_cor:NetCashProvidedByUsedInInvestingActivitiesSummaryOfBusinessResults; context_id=Prior4YearDuration
cyberagent,financing_cf,2020,2020-09-30,-2590000000,JPY,consolidated,JGAAP,reported,edinet-s100uxza,element_id=jpcrp_cor:NetCashProvidedByUsedInFinancingActivitiesSummaryOfBusinessResults; context_id=Prior4YearDuration
cyberagent,average_age,2024,2024-09-30,33.7,years,non_consolidated,,reported,edinet-s100uxza,element_id=jpcrp_cor:AverageAgeYearsInformationAboutReportingCompanyInformationAboutEmployees; context_id=CurrentYearInstant_NonConsolidatedMember
cyberagent,average_tenure,2024,2024-09-30,6.4,years,non_consolidated,,reported,edinet-s100uxza,element_id=jpcrp_cor:AverageLengthOfServiceYearsInformationAboutReportingCompanyInformationAboutEmployees; context_id=CurrentYearInstant_NonConsolidatedMember
cyberagent,average_annual_salary,2024,2024-09-30,8822000,JPY,non_consolidated,,reported,edinet-s100uxza,element_id=jpcrp_cor:AverageAnnualSalaryInformationAboutReportingCompanyInformationAboutEmployees; context_id=CurrentYearInstant_NonConsolidatedMember
cyberagent,operating_profit,2023,2023-09-30,24557000000,JPY,consolidated,JGAAP,reported,edinet-s100uxza,element_id=jppfs_cor:OperatingIncome; context_id=Prior1YearDuration
recruit-holdings,revenue,2021,2021-03-31,2269346000000,JPY,consolidated,IFRS,reported,edinet-s100vzg5,element_id=jpcrp_cor:RevenueIFRSSummaryOfBusinessResults; context_id=Prior4YearDuration
recruit-holdings,equity_ratio,2021,2021-03-31,49.7,percent,consolidated,IFRS,reported,edinet-s100vzg5,element_id=jpcrp_cor:RatioOfOwnersEquityToGrossAssetsIFRSSummaryOfBusinessResults; context_id=Prior4YearInstant
recruit-holdings,operating_cf,2021,2021-03-31,286597000000,JPY,consolidated,IFRS,reported,edinet-s100vzg5,element_id=jpcrp_cor:CashFlowsFromUsedInOperatingActivitiesIFRSSummaryOfBusinessResults; context_id=Prior4YearDuration
recruit-holdings,investing_cf,2021,2021-03-31,-40373000000,JPY,consolidated,IFRS,reported,edinet-s100vzg5,element_id=jpcrp_cor:CashFlowsFromUsedInInvestingActivitiesIFRSSummaryOfBusinessResults; context_id=Prior4YearDuration
recruit-holdings,financing_cf,2021,2021-03-31,-172713000000,JPY,consolidated,IFRS,reported,edinet-s100vzg5,element_id=jpcrp_cor:CashFlowsFromUsedInFinancingActivitiesIFRSSummaryOfBusinessResults; context_id=Prior4YearDuration
recruit-holdings,average_age,2025,2025-03-31,40.5,years,non_consolidated,,reported,edinet-s100vzg5,element_id=jpcrp_cor:AverageAgeYearsInformationAboutReportingCompanyInformationAboutEmployees; context_id=CurrentYearInstant_NonConsolidatedMember
obic,average_tenure,2026,2026-03-31,12.9,years,non_consolidated,,reported,edinet-s100ygbs,element_id=jpcrp_cor:AverageLengthOfServiceYearsInformationAboutReportingCompanyInformationAboutEmployees; context_id=CurrentYearInstant_NonConsolidatedMember
obic,average_annual_salary,2026,2026-03-31,11292000,JPY,non_consolidated,,reported,edinet-s100ygbs,element_id=jpcrp_cor:AverageAnnualSalaryInformationAboutReportingCompanyInformationAboutEmployees; context_id=CurrentYearInstant_NonConsolidatedMember
recruit-holdings,average_annual_salary,2025,2025-03-31,11453407,JPY,non_consolidated,,reported,edinet-s100vzg5,element_id=jpcrp_cor:AverageAnnualSalaryInformationAboutReportingCompanyInformationAboutEmployees; context_id=CurrentYearInstant_NonConsolidatedMember
recruit-holdings,operating_profit,2024,2024-03-31,402526000000,JPY,consolidated,IFRS,reported,edinet-s100vzg5,element_id=jpigp_cor:OperatingProfitLossIFRS; context_id=Prior1YearDuration
scsk,revenue,2021,2021-03-31,396853000000,JPY,consolidated,IFRS,reported,edinet-s100w3bi,element_id=jpcrp030000-asr_E04830-000:NetSalesIFRSKeyFinancialData; context_id=Prior4YearDuration
scsk,equity_ratio,2021,2021-03-31,59.6,percent,consolidated,IFRS,reported,edinet-s100w3bi,element_id=jpcrp_cor:RatioOfOwnersEquityToGrossAssetsIFRSSummaryOfBusinessResults; context_id=Prior4YearInstant
scsk,operating_cf,2021,2021-03-31,50219000000,JPY,consolidated,IFRS,reported,edinet-s100w3bi,element_id=jpcrp_cor:CashFlowsFromUsedInOperatingActivitiesIFRSSummaryOfBusinessResults; context_id=Prior4YearDuration
scsk,investing_cf,2021,2021-03-31,-20586000000,JPY,consolidated,IFRS,reported,edinet-s100w3bi,element_id=jpcrp_cor:CashFlowsFromUsedInInvestingActivitiesIFRSSummaryOfBusinessResults; context_id=Prior4YearDuration
scsk,financing_cf,2021,2021-03-31,-32488000000,JPY,consolidated,IFRS,reported,edinet-s100w3bi,element_id=jpcrp_cor:CashFlowsFromUsedInFinancingActivitiesIFRSSummaryOfBusinessResults; context_id=Prior4YearDuration
scsk,average_age,2025,2025-03-31,42,years,non_consolidated,,reported,edinet-s100w3bi,element_id=jpcrp_cor:AverageAgeYearsInformationAboutReportingCompanyInformationAboutEmployees; context_id=CurrentYearInstant_NonConsolidatedMember
scsk,average_tenure,2025,2025-03-31,17,years,non_consolidated,,reported,edinet-s100w3bi,element_id=jpcrp_cor:AverageLengthOfServiceYearsInformationAboutReportingCompanyInformationAboutEmployees; context_id=CurrentYearInstant_NonConsolidatedMember
scsk,average_annual_salary,2025,2025-03-31,7877000,JPY,non_consolidated,,reported,edinet-s100w3bi,element_id=jpcrp_cor:AverageAnnualSalaryInformationAboutReportingCompanyInformationAboutEmployees; context_id=CurrentYearInstant_NonConsolidatedMember
scsk,operating_profit,2024,2024-03-31,57004000000,JPY,consolidated,IFRS,reported,edinet-s100w3bi,element_id=jpigp_cor:OperatingProfitLossIFRS; context_id=Prior1YearDuration
ntt,revenue,2022,2022-03-31,12156447000000,JPY,consolidated,IFRS,reported,edinet-s100ycp3,element_id=jpcrp_cor:RevenueIFRSSummaryOfBusinessResults; context_id=Prior4YearDuration
ntt,revenue,2023,2023-03-31,13136194000000,JPY,consolidated,IFRS,reported,edinet-s100ycp3,element_id=jpcrp_cor:RevenueIFRSSummaryOfBusinessResults; context_id=Prior3YearDuration
ntt,revenue,2024,2024-03-31,13374569000000,JPY,consolidated,IFRS,reported,edinet-s100ycp3,element_id=jpcrp_cor:RevenueIFRSSummaryOfBusinessResults; context_id=Prior2YearDuration
ntt,revenue,2025,2025-03-31,13704727000000,JPY,consolidated,IFRS,reported,edinet-s100ycp3,element_id=jpcrp_cor:RevenueIFRSSummaryOfBusinessResults; context_id=Prior1YearDuration
ntt,revenue,2026,2026-03-31,14409121000000,JPY,consolidated,IFRS,reported,edinet-s100ycp3,element_id=jpcrp_cor:RevenueIFRSSummaryOfBusinessResults; context_id=CurrentYearDuration
ntt,equity_ratio,2022,2022-03-31,34.7,percent,consolidated,IFRS,reported,edinet-s100ycp3,element_id=jpcrp_cor:RatioOfOwnersEquityToGrossAssetsIFRSSummaryOfBusinessResults; context_id=Prior4YearInstant
ntt,equity_ratio,2023,2023-03-31,33.8,percent,consolidated,IFRS,reported,edinet-s100ycp3,element_id=jpcrp_cor:RatioOfOwnersEquityToGrossAssetsIFRSSummaryOfBusinessResults; context_id=Prior3YearInstant
ntt,equity_ratio,2024,2024-03-31,33.3,percent,consolidated,IFRS,reported,edinet-s100ycp3,element_id=jpcrp_cor:RatioOfOwnersEquityToGrossAssetsIFRSSummaryOfBusinessResults; context_id=Prior2YearInstant
ntt,equity_ratio,2025,2025-03-31,34,percent,consolidated,IFRS,reported,edinet-s100ycp3,element_id=jpcrp_cor:RatioOfOwnersEquityToGrossAssetsIFRSSummaryOfBusinessResults; context_id=Prior1YearInstant
ntt,equity_ratio,2026,2026-03-31,20.8,percent,consolidated,IFRS,reported,edinet-s100ycp3,element_id=jpcrp_cor:RatioOfOwnersEquityToGrossAssetsIFRSSummaryOfBusinessResults; context_id=CurrentYearInstant
ntt,operating_cf,2022,2022-03-31,3010257000000,JPY,consolidated,IFRS,reported,edinet-s100ycp3,element_id=jpcrp_cor:CashFlowsFromUsedInOperatingActivitiesIFRSSummaryOfBusinessResults; context_id=Prior4YearDuration
ntt,operating_cf,2023,2023-03-31,2261013000000,JPY,consolidated,IFRS,reported,edinet-s100ycp3,element_id=jpcrp_cor:CashFlowsFromUsedInOperatingActivitiesIFRSSummaryOfBusinessResults; context_id=Prior3YearDuration
ntt,operating_cf,2024,2024-03-31,2374159000000,JPY,consolidated,IFRS,reported,edinet-s100ycp3,element_id=jpcrp_cor:CashFlowsFromUsedInOperatingActivitiesIFRSSummaryOfBusinessResults; context_id=Prior2YearDuration
ntt,operating_cf,2025,2025-03-31,2364031000000,JPY,consolidated,IFRS,reported,edinet-s100ycp3,element_id=jpcrp_cor:CashFlowsFromUsedInOperatingActivitiesIFRSSummaryOfBusinessResults; context_id=Prior1YearDuration
ntt,operating_cf,2026,2026-03-31,1485190000000,JPY,consolidated,IFRS,reported,edinet-s100ycp3,element_id=jpcrp_cor:CashFlowsFromUsedInOperatingActivitiesIFRSSummaryOfBusinessResults; context_id=CurrentYearDuration
ntt,investing_cf,2022,2022-03-31,-1699152000000,JPY,consolidated,IFRS,reported,edinet-s100ycp3,element_id=jpcrp_cor:CashFlowsFromUsedInInvestingActivitiesIFRSSummaryOfBusinessResults; context_id=Prior4YearDuration
ntt,investing_cf,2023,2023-03-31,-1736912000000,JPY,consolidated,IFRS,reported,edinet-s100ycp3,element_id=jpcrp_cor:CashFlowsFromUsedInInvestingActivitiesIFRSSummaryOfBusinessResults; context_id=Prior3YearDuration
ntt,investing_cf,2024,2024-03-31,-1989235000000,JPY,consolidated,IFRS,reported,edinet-s100ycp3,element_id=jpcrp_cor:CashFlowsFromUsedInInvestingActivitiesIFRSSummaryOfBusinessResults; context_id=Prior2YearDuration
ntt,investing_cf,2025,2025-03-31,-1999644000000,JPY,consolidated,IFRS,reported,edinet-s100ycp3,element_id=jpcrp_cor:CashFlowsFromUsedInInvestingActivitiesIFRSSummaryOfBusinessResults; context_id=Prior1YearDuration
ntt,investing_cf,2026,2026-03-31,-1023424000000,JPY,consolidated,IFRS,reported,edinet-s100ycp3,element_id=jpcrp_cor:CashFlowsFromUsedInInvestingActivitiesIFRSSummaryOfBusinessResults; context_id=CurrentYearDuration
ntt,financing_cf,2022,2022-03-31,-1438130000000,JPY,consolidated,IFRS,reported,edinet-s100ycp3,element_id=jpcrp_cor:CashFlowsFromUsedInFinancingActivitiesIFRSSummaryOfBusinessResults; context_id=Prior4YearDuration
ntt,financing_cf,2023,2023-03-31,-590197000000,JPY,consolidated,IFRS,reported,edinet-s100ycp3,element_id=jpcrp_cor:CashFlowsFromUsedInFinancingActivitiesIFRSSummaryOfBusinessResults; context_id=Prior3YearDuration
ntt,financing_cf,2024,2024-03-31,-234454000000,JPY,consolidated,IFRS,reported,edinet-s100ycp3,element_id=jpcrp_cor:CashFlowsFromUsedInFinancingActivitiesIFRSSummaryOfBusinessResults; context_id=Prior2YearDuration
ntt,financing_cf,2025,2025-03-31,-343027000000,JPY,consolidated,IFRS,reported,edinet-s100ycp3,element_id=jpcrp_cor:CashFlowsFromUsedInFinancingActivitiesIFRSSummaryOfBusinessResults; context_id=Prior1YearDuration
ntt,financing_cf,2026,2026-03-31,441332000000,JPY,consolidated,IFRS,reported,edinet-s100ycp3,element_id=jpcrp_cor:CashFlowsFromUsedInFinancingActivitiesIFRSSummaryOfBusinessResults; context_id=CurrentYearDuration
ntt,average_age,2026,2026-03-31,41.4,years,non_consolidated,,reported,edinet-s100ycp3,element_id=jpcrp_cor:AverageAgeYearsInformationAboutReportingCompanyInformationAboutEmployees; context_id=CurrentYearInstant_NonConsolidatedMember
ntt,average_tenure,2026,2026-03-31,15.6,years,non_consolidated,,reported,edinet-s100ycp3,element_id=jpcrp_cor:AverageLengthOfServiceYearsInformationAboutReportingCompanyInformationAboutEmployees; context_id=CurrentYearInstant_NonConsolidatedMember
ntt,average_annual_salary,2026,2026-03-31,10562434,JPY,non_consolidated,,reported,edinet-s100ycp3,element_id=jpcrp_cor:AverageAnnualSalaryInformationAboutReportingCompanyInformationAboutEmployees; context_id=CurrentYearInstant_NonConsolidatedMember
ntt,operating_profit,2025,2025-03-31,1649571000000,JPY,consolidated,IFRS,reported,edinet-s100ycp3,element_id=jpigp_cor:OperatingProfitLossIFRS; context_id=Prior1YearDuration
ntt,operating_profit,2026,2026-03-31,1706221000000,JPY,consolidated,IFRS,reported,edinet-s100ycp3,element_id=jpigp_cor:OperatingProfitLossIFRS; context_id=CurrentYearDuration
softbank,operating_profit,2022,2022-03-31,965553000000,JPY,consolidated,IFRS,reported,edinet-s100ye76,element_id=jpcrp030000-asr_E04426-000:OperatingProfitLossIFRSSummaryOfBusinessResults; context_id=Prior4YearDuration
softbank,operating_profit,2023,2023-03-31,1060168000000,JPY,consolidated,IFRS,reported,edinet-s100ye76,element_id=jpcrp030000-asr_E04426-000:OperatingProfitLossIFRSSummaryOfBusinessResults; context_id=Prior3YearDuration
softbank,operating_profit,2024,2024-03-31,876068000000,JPY,consolidated,IFRS,reported,edinet-s100ye76,element_id=jpcrp030000-asr_E04426-000:OperatingProfitLossIFRSSummaryOfBusinessResults; context_id=Prior2YearDuration
softbank,operating_profit,2025,2025-03-31,989016000000,JPY,consolidated,IFRS,reported,edinet-s100ye76,element_id=jpcrp030000-asr_E04426-000:OperatingProfitLossIFRSSummaryOfBusinessResults; context_id=Prior1YearDuration
softbank,operating_profit,2026,2026-03-31,1042576000000,JPY,consolidated,IFRS,reported,edinet-s100ye76,element_id=jpcrp030000-asr_E04426-000:OperatingProfitLossIFRSSummaryOfBusinessResults; context_id=CurrentYearDuration
softbank,equity_ratio,2022,2022-03-31,15,percent,consolidated,IFRS,reported,edinet-s100ye76,element_id=jpcrp_cor:RatioOfOwnersEquityToGrossAssetsIFRSSummaryOfBusinessResults; context_id=Prior4YearInstant
softbank,equity_ratio,2023,2023-03-31,15.2,percent,consolidated,IFRS,reported,edinet-s100ye76,element_id=jpcrp_cor:RatioOfOwnersEquityToGrossAssetsIFRSSummaryOfBusinessResults; context_id=Prior3YearInstant
softbank,equity_ratio,2024,2024-03-31,15.3,percent,consolidated,IFRS,reported,edinet-s100ye76,element_id=jpcrp_cor:RatioOfOwnersEquityToGrossAssetsIFRSSummaryOfBusinessResults; context_id=Prior2YearInstant
softbank,equity_ratio,2025,2025-03-31,17,percent,consolidated,IFRS,reported,edinet-s100ye76,element_id=jpcrp_cor:RatioOfOwnersEquityToGrossAssetsIFRSSummaryOfBusinessResults; context_id=Prior1YearInstant
softbank,equity_ratio,2026,2026-03-31,16,percent,consolidated,IFRS,reported,edinet-s100ye76,element_id=jpcrp_cor:RatioOfOwnersEquityToGrossAssetsIFRSSummaryOfBusinessResults; context_id=CurrentYearInstant
softbank,operating_cf,2022,2022-03-31,1215918000000,JPY,consolidated,IFRS,reported,edinet-s100ye76,element_id=jpcrp_cor:CashFlowsFromUsedInOperatingActivitiesIFRSSummaryOfBusinessResults; context_id=Prior4YearDuration
softbank,operating_cf,2023,2023-03-31,1155750000000,JPY,consolidated,IFRS,reported,edinet-s100ye76,element_id=jpcrp_cor:CashFlowsFromUsedInOperatingActivitiesIFRSSummaryOfBusinessResults; context_id=Prior3YearDuration
softbank,operating_cf,2024,2024-03-31,1239689000000,JPY,consolidated,IFRS,reported,edinet-s100ye76,element_id=jpcrp_cor:CashFlowsFromUsedInOperatingActivitiesIFRSSummaryOfBusinessResults; context_id=Prior2YearDuration
softbank,operating_cf,2025,2025-03-31,1367871000000,JPY,consolidated,IFRS,reported,edinet-s100ye76,element_id=jpcrp_cor:CashFlowsFromUsedInOperatingActivitiesIFRSSummaryOfBusinessResults; context_id=Prior1YearDuration
softbank,operating_cf,2026,2026-03-31,1393760000000,JPY,consolidated,IFRS,reported,edinet-s100ye76,element_id=jpcrp_cor:CashFlowsFromUsedInOperatingActivitiesIFRSSummaryOfBusinessResults; context_id=CurrentYearDuration
softbank,investing_cf,2022,2022-03-31,-957693000000,JPY,consolidated,IFRS,reported,edinet-s100ye76,element_id=jpcrp_cor:CashFlowsFromUsedInInvestingActivitiesIFRSSummaryOfBusinessResults; context_id=Prior4YearDuration
softbank,investing_cf,2023,2023-03-31,-154773000000,JPY,consolidated,IFRS,reported,edinet-s100ye76,element_id=jpcrp_cor:CashFlowsFromUsedInInvestingActivitiesIFRSSummaryOfBusinessResults; context_id=Prior3YearDuration
softbank,investing_cf,2024,2024-03-31,-927607000000,JPY,consolidated,IFRS,reported,edinet-s100ye76,element_id=jpcrp_cor:CashFlowsFromUsedInInvestingActivitiesIFRSSummaryOfBusinessResults; context_id=Prior2YearDuration
softbank,investing_cf,2025,2025-03-31,-995183000000,JPY,consolidated,IFRS,reported,edinet-s100ye76,element_id=jpcrp_cor:CashFlowsFromUsedInInvestingActivitiesIFRSSummaryOfBusinessResults; context_id=Prior1YearDuration
softbank,investing_cf,2026,2026-03-31,-1270806000000,JPY,consolidated,IFRS,reported,edinet-s100ye76,element_id=jpcrp_cor:CashFlowsFromUsedInInvestingActivitiesIFRSSummaryOfBusinessResults; context_id=CurrentYearDuration
softbank,financing_cf,2022,2022-03-31,-305072000000,JPY,consolidated,IFRS,reported,edinet-s100ye76,element_id=jpcrp_cor:CashFlowsFromUsedInFinancingActivitiesIFRSSummaryOfBusinessResults; context_id=Prior4YearDuration
softbank,financing_cf,2023,2023-03-31,-495260000000,JPY,consolidated,IFRS,reported,edinet-s100ye76,element_id=jpcrp_cor:CashFlowsFromUsedInFinancingActivitiesIFRSSummaryOfBusinessResults; context_id=Prior3YearDuration
softbank,financing_cf,2024,2024-03-31,-357098000000,JPY,consolidated,IFRS,reported,edinet-s100ye76,element_id=jpcrp_cor:CashFlowsFromUsedInFinancingActivitiesIFRSSummaryOfBusinessResults; context_id=Prior2YearDuration
softbank,financing_cf,2025,2025-03-31,-956429000000,JPY,consolidated,IFRS,reported,edinet-s100ye76,element_id=jpcrp_cor:CashFlowsFromUsedInFinancingActivitiesIFRSSummaryOfBusinessResults; context_id=Prior1YearDuration
softbank,financing_cf,2026,2026-03-31,-136854000000,JPY,consolidated,IFRS,reported,edinet-s100ye76,element_id=jpcrp_cor:CashFlowsFromUsedInFinancingActivitiesIFRSSummaryOfBusinessResults; context_id=CurrentYearDuration
softbank,average_age,2026,2026-03-31,42,years,non_consolidated,,reported,edinet-s100ye76,element_id=jpcrp_cor:AverageAgeYearsInformationAboutReportingCompanyInformationAboutEmployees; context_id=CurrentYearInstant_NonConsolidatedMember
softbank,average_tenure,2026,2026-03-31,14.8,years,non_consolidated,,reported,edinet-s100ye76,element_id=jpcrp_cor:AverageLengthOfServiceYearsInformationAboutReportingCompanyInformationAboutEmployees; context_id=CurrentYearInstant_NonConsolidatedMember
softbank,average_annual_salary,2026,2026-03-31,8713000,JPY,non_consolidated,,reported,edinet-s100ye76,element_id=jpcrp_cor:AverageAnnualSalaryInformationAboutReportingCompanyInformationAboutEmployees; context_id=CurrentYearInstant_NonConsolidatedMember
kddi,revenue,2022,2022-03-31,5446708000000,JPY,consolidated,IFRS,reported,edinet-s100ykg2,element_id=jpcrp_cor:RevenueIFRSSummaryOfBusinessResults; context_id=Prior4YearDuration
kddi,revenue,2023,2023-03-31,5630024000000,JPY,consolidated,IFRS,reported,edinet-s100ykg2,element_id=jpcrp_cor:RevenueIFRSSummaryOfBusinessResults; context_id=Prior3YearDuration
kddi,revenue,2024,2024-03-31,5699724000000,JPY,consolidated,IFRS,reported,edinet-s100ykg2,element_id=jpcrp_cor:RevenueIFRSSummaryOfBusinessResults; context_id=Prior2YearDuration
kddi,revenue,2025,2025-03-31,5835525000000,JPY,consolidated,IFRS,reported,edinet-s100ykg2,element_id=jpcrp_cor:RevenueIFRSSummaryOfBusinessResults; context_id=Prior1YearDuration
kddi,revenue,2026,2026-03-31,6071915000000,JPY,consolidated,IFRS,reported,edinet-s100ykg2,element_id=jpcrp_cor:RevenueIFRSSummaryOfBusinessResults; context_id=CurrentYearDuration
kddi,equity_ratio,2022,2022-03-31,45,percent,consolidated,IFRS,reported,edinet-s100ykg2,element_id=jpcrp_cor:RatioOfOwnersEquityToGrossAssetsIFRSSummaryOfBusinessResults; context_id=Prior4YearInstant
kddi,equity_ratio,2023,2023-03-31,42.7,percent,consolidated,IFRS,reported,edinet-s100ykg2,element_id=jpcrp_cor:RatioOfOwnersEquityToGrossAssetsIFRSSummaryOfBusinessResults; context_id=Prior3YearInstant
kddi,equity_ratio,2024,2024-03-31,36.9,percent,consolidated,IFRS,reported,edinet-s100ykg2,element_id=jpcrp_cor:RatioOfOwnersEquityToGrossAssetsIFRSSummaryOfBusinessResults; context_id=Prior2YearInstant
kddi,equity_ratio,2025,2025-03-31,30.1,percent,consolidated,IFRS,reported,edinet-s100ykg2,element_id=jpcrp_cor:RatioOfOwnersEquityToGrossAssetsIFRSSummaryOfBusinessResults; context_id=Prior1YearInstant
kddi,equity_ratio,2026,2026-03-31,26.6,percent,consolidated,IFRS,reported,edinet-s100ykg2,element_id=jpcrp_cor:RatioOfOwnersEquityToGrossAssetsIFRSSummaryOfBusinessResults; context_id=CurrentYearInstant
kddi,operating_cf,2022,2022-03-31,1468648000000,JPY,consolidated,IFRS,reported,edinet-s100ykg2,element_id=jpcrp_cor:CashFlowsFromUsedInOperatingActivitiesIFRSSummaryOfBusinessResults; context_id=Prior4YearDuration
kddi,operating_cf,2023,2023-03-31,1078869000000,JPY,consolidated,IFRS,reported,edinet-s100ykg2,element_id=jpcrp_cor:CashFlowsFromUsedInOperatingActivitiesIFRSSummaryOfBusinessResults; context_id=Prior3YearDuration
kddi,operating_cf,2024,2024-03-31,1706498000000,JPY,consolidated,IFRS,reported,edinet-s100ykg2,element_id=jpcrp_cor:CashFlowsFromUsedInOperatingActivitiesIFRSSummaryOfBusinessResults; context_id=Prior2YearDuration
kddi,operating_cf,2025,2025-03-31,1249042000000,JPY,consolidated,IFRS,reported,edinet-s100ykg2,element_id=jpcrp_cor:CashFlowsFromUsedInOperatingActivitiesIFRSSummaryOfBusinessResults; context_id=Prior1YearDuration
kddi,operating_cf,2026,2026-03-31,1788853000000,JPY,consolidated,IFRS,reported,edinet-s100ykg2,element_id=jpcrp_cor:CashFlowsFromUsedInOperatingActivitiesIFRSSummaryOfBusinessResults; context_id=CurrentYearDuration
kddi,investing_cf,2022,2022-03-31,-761593000000,JPY,consolidated,IFRS,reported,edinet-s100ykg2,element_id=jpcrp_cor:CashFlowsFromUsedInInvestingActivitiesIFRSSummaryOfBusinessResults; context_id=Prior4YearDuration
kddi,investing_cf,2023,2023-03-31,-732480000000,JPY,consolidated,IFRS,reported,edinet-s100ykg2,element_id=jpcrp_cor:CashFlowsFromUsedInInvestingActivitiesIFRSSummaryOfBusinessResults; context_id=Prior3YearDuration
kddi,investing_cf,2024,2024-03-31,-832433000000,JPY,consolidated,IFRS,reported,edinet-s100ykg2,element_id=jpcrp_cor:CashFlowsFromUsedInInvestingActivitiesIFRSSummaryOfBusinessResults; context_id=Prior2YearDuration
kddi,investing_cf,2025,2025-03-31,-1180103000000,JPY,consolidated,IFRS,reported,edinet-s100ykg2,element_id=jpcrp_cor:CashFlowsFromUsedInInvestingActivitiesIFRSSummaryOfBusinessResults; context_id=Prior1YearDuration
kddi,investing_cf,2026,2026-03-31,-1080455000000,JPY,consolidated,IFRS,reported,edinet-s100ykg2,element_id=jpcrp_cor:CashFlowsFromUsedInInvestingActivitiesIFRSSummaryOfBusinessResults; context_id=CurrentYearDuration
kddi,financing_cf,2022,2022-03-31,-727257000000,JPY,consolidated,IFRS,reported,edinet-s100ykg2,element_id=jpcrp_cor:CashFlowsFromUsedInFinancingActivitiesIFRSSummaryOfBusinessResults; context_id=Prior4YearDuration
kddi,financing_cf,2023,2023-03-31,-669837000000,JPY,consolidated,IFRS,reported,edinet-s100ykg2,element_id=jpcrp_cor:CashFlowsFromUsedInFinancingActivitiesIFRSSummaryOfBusinessResults; context_id=Prior3YearDuration
kddi,financing_cf,2024,2024-03-31,-476477000000,JPY,consolidated,IFRS,reported,edinet-s100ykg2,element_id=jpcrp_cor:CashFlowsFromUsedInFinancingActivitiesIFRSSummaryOfBusinessResults; context_id=Prior2YearDuration
kddi,financing_cf,2025,2025-03-31,-33555000000,JPY,consolidated,IFRS,reported,edinet-s100ykg2,element_id=jpcrp_cor:CashFlowsFromUsedInFinancingActivitiesIFRSSummaryOfBusinessResults; context_id=Prior1YearDuration
kddi,financing_cf,2026,2026-03-31,-553130000000,JPY,consolidated,IFRS,reported,edinet-s100ykg2,element_id=jpcrp_cor:CashFlowsFromUsedInFinancingActivitiesIFRSSummaryOfBusinessResults; context_id=CurrentYearDuration
kddi,average_age,2026,2026-03-31,42.3,years,non_consolidated,,reported,edinet-s100ykg2,element_id=jpcrp_cor:AverageAgeYearsInformationAboutReportingCompanyInformationAboutEmployees; context_id=CurrentYearInstant_NonConsolidatedMember
kddi,average_tenure,2026,2026-03-31,16.4,years,non_consolidated,,reported,edinet-s100ykg2,element_id=jpcrp_cor:AverageLengthOfServiceYearsInformationAboutReportingCompanyInformationAboutEmployees; context_id=CurrentYearInstant_NonConsolidatedMember
kddi,average_annual_salary,2026,2026-03-31,10510939,JPY,non_consolidated,,reported,edinet-s100ykg2,element_id=jpcrp_cor:AverageAnnualSalaryInformationAboutReportingCompanyInformationAboutEmployees; context_id=CurrentYearInstant_NonConsolidatedMember
kddi,operating_profit,2025,2025-03-31,1087468000000,JPY,consolidated,IFRS,reported,edinet-s100ykg2,element_id=jpigp_cor:OperatingProfitLossIFRS; context_id=Prior1YearDuration
kddi,operating_profit,2026,2026-03-31,1099125000000,JPY,consolidated,IFRS,reported,edinet-s100ykg2,element_id=jpigp_cor:OperatingProfitLossIFRS; context_id=CurrentYearDuration
fujitsu,revenue,2022,2022-03-31,3586839000000,JPY,consolidated,IFRS,reported,edinet-s100ym3k,element_id=jpcrp_cor:RevenueIFRSSummaryOfBusinessResults; context_id=Prior4YearDuration
fujitsu,revenue,2023,2023-03-31,3713767000000,JPY,consolidated,IFRS,reported,edinet-s100ym3k,element_id=jpcrp_cor:RevenueIFRSSummaryOfBusinessResults; context_id=Prior3YearDuration
fujitsu,revenue,2024,2024-03-31,3476985000000,JPY,consolidated,IFRS,reported,edinet-s100ym3k,element_id=jpcrp_cor:RevenueIFRSSummaryOfBusinessResults; context_id=Prior2YearDuration
fujitsu,revenue,2025,2025-03-31,3550116000000,JPY,consolidated,IFRS,reported,edinet-s100ym3k,element_id=jpcrp_cor:RevenueIFRSSummaryOfBusinessResults; context_id=Prior1YearDuration
fujitsu,revenue,2026,2026-03-31,3502971000000,JPY,consolidated,IFRS,reported,edinet-s100ym3k,element_id=jpcrp_cor:RevenueIFRSSummaryOfBusinessResults; context_id=CurrentYearDuration
fujitsu,equity_ratio,2022,2022-03-31,47.7,percent,consolidated,IFRS,reported,edinet-s100ym3k,element_id=jpcrp_cor:RatioOfOwnersEquityToGrossAssetsIFRSSummaryOfBusinessResults; context_id=Prior4YearInstant
fujitsu,equity_ratio,2023,2023-03-31,48.6,percent,consolidated,IFRS,reported,edinet-s100ym3k,element_id=jpcrp_cor:RatioOfOwnersEquityToGrossAssetsIFRSSummaryOfBusinessResults; context_id=Prior3YearInstant
fujitsu,equity_ratio,2024,2024-03-31,49.9,percent,consolidated,IFRS,reported,edinet-s100ym3k,element_id=jpcrp_cor:RatioOfOwnersEquityToGrossAssetsIFRSSummaryOfBusinessResults; context_id=Prior2YearInstant
fujitsu,equity_ratio,2025,2025-03-31,49.8,percent,consolidated,IFRS,reported,edinet-s100ym3k,element_id=jpcrp_cor:RatioOfOwnersEquityToGrossAssetsIFRSSummaryOfBusinessResults; context_id=Prior1YearInstant
fujitsu,equity_ratio,2026,2026-03-31,59.6,percent,consolidated,IFRS,reported,edinet-s100ym3k,element_id=jpcrp_cor:RatioOfOwnersEquityToGrossAssetsIFRSSummaryOfBusinessResults; context_id=CurrentYearInstant
fujitsu,operating_cf,2022,2022-03-31,248347000000,JPY,consolidated,IFRS,reported,edinet-s100ym3k,element_id=jpcrp_cor:CashFlowsFromUsedInOperatingActivitiesIFRSSummaryOfBusinessResults; context_id=Prior4YearDuration
fujitsu,operating_cf,2023,2023-03-31,220329000000,JPY,consolidated,IFRS,reported,edinet-s100ym3k,element_id=jpcrp_cor:CashFlowsFromUsedInOperatingActivitiesIFRSSummaryOfBusinessResults; context_id=Prior3YearDuration
fujitsu,operating_cf,2024,2024-03-31,309221000000,JPY,consolidated,IFRS,reported,edinet-s100ym3k,element_id=jpcrp_cor:CashFlowsFromUsedInOperatingActivitiesIFRSSummaryOfBusinessResults; context_id=Prior2YearDuration
fujitsu,operating_cf,2025,2025-03-31,303882000000,JPY,consolidated,IFRS,reported,edinet-s100ym3k,element_id=jpcrp_cor:CashFlowsFromUsedInOperatingActivitiesIFRSSummaryOfBusinessResults; context_id=Prior1YearDuration
fujitsu,operating_cf,2026,2026-03-31,338130000000,JPY,consolidated,IFRS,reported,edinet-s100ym3k,element_id=jpcrp_cor:CashFlowsFromUsedInOperatingActivitiesIFRSSummaryOfBusinessResults; context_id=CurrentYearDuration
fujitsu,investing_cf,2022,2022-03-31,-59267000000,JPY,consolidated,IFRS,reported,edinet-s100ym3k,element_id=jpcrp_cor:CashFlowsFromUsedInInvestingActivitiesIFRSSummaryOfBusinessResults; context_id=Prior4YearDuration
fujitsu,investing_cf,2023,2023-03-31,-42809000000,JPY,consolidated,IFRS,reported,edinet-s100ym3k,element_id=jpcrp_cor:CashFlowsFromUsedInInvestingActivitiesIFRSSummaryOfBusinessResults; context_id=Prior3YearDuration
fujitsu,investing_cf,2024,2024-03-31,-157239000000,JPY,consolidated,IFRS,reported,edinet-s100ym3k,element_id=jpcrp_cor:CashFlowsFromUsedInInvestingActivitiesIFRSSummaryOfBusinessResults; context_id=Prior2YearDuration
fujitsu,investing_cf,2025,2025-03-31,-89176000000,JPY,consolidated,IFRS,reported,edinet-s100ym3k,element_id=jpcrp_cor:CashFlowsFromUsedInInvestingActivitiesIFRSSummaryOfBusinessResults; context_id=Prior1YearDuration
fujitsu,investing_cf,2026,2026-03-31,144491000000,JPY,consolidated,IFRS,reported,edinet-s100ym3k,element_id=jpcrp_cor:CashFlowsFromUsedInInvestingActivitiesIFRSSummaryOfBusinessResults; context_id=CurrentYearDuration
fujitsu,financing_cf,2022,2022-03-31,-193685000000,JPY,consolidated,IFRS,reported,edinet-s100ym3k,element_id=jpcrp_cor:CashFlowsFromUsedInFinancingActivitiesIFRSSummaryOfBusinessResults; context_id=Prior4YearDuration
fujitsu,financing_cf,2023,2023-03-31,-313585000000,JPY,consolidated,IFRS,reported,edinet-s100ym3k,element_id=jpcrp_cor:CashFlowsFromUsedInFinancingActivitiesIFRSSummaryOfBusinessResults; context_id=Prior3YearDuration
fujitsu,financing_cf,2024,2024-03-31,-181488000000,JPY,consolidated,IFRS,reported,edinet-s100ym3k,element_id=jpcrp_cor:CashFlowsFromUsedInFinancingActivitiesIFRSSummaryOfBusinessResults; context_id=Prior2YearDuration
fujitsu,financing_cf,2025,2025-03-31,-240454000000,JPY,consolidated,IFRS,reported,edinet-s100ym3k,element_id=jpcrp_cor:CashFlowsFromUsedInFinancingActivitiesIFRSSummaryOfBusinessResults; context_id=Prior1YearDuration
fujitsu,financing_cf,2026,2026-03-31,-379748000000,JPY,consolidated,IFRS,reported,edinet-s100ym3k,element_id=jpcrp_cor:CashFlowsFromUsedInFinancingActivitiesIFRSSummaryOfBusinessResults; context_id=CurrentYearDuration
fujitsu,average_age,2026,2026-03-31,42.7,years,non_consolidated,,reported,edinet-s100ym3k,element_id=jpcrp_cor:AverageAgeYearsInformationAboutReportingCompanyInformationAboutEmployees; context_id=CurrentYearInstant_NonConsolidatedMember
fujitsu,average_tenure,2026,2026-03-31,17.6,years,non_consolidated,,reported,edinet-s100ym3k,element_id=jpcrp_cor:AverageLengthOfServiceYearsInformationAboutReportingCompanyInformationAboutEmployees; context_id=CurrentYearInstant_NonConsolidatedMember
fujitsu,average_annual_salary,2026,2026-03-31,10122665,JPY,non_consolidated,,reported,edinet-s100ym3k,element_id=jpcrp_cor:AverageAnnualSalaryInformationAboutReportingCompanyInformationAboutEmployees; context_id=CurrentYearInstant_NonConsolidatedMember
fujitsu,operating_profit,2025,2025-03-31,265089000000,JPY,consolidated,IFRS,reported,edinet-s100ym3k,element_id=jpigp_cor:OperatingProfitLossIFRS; context_id=Prior1YearDuration
fujitsu,operating_profit,2026,2026-03-31,348329000000,JPY,consolidated,IFRS,reported,edinet-s100ym3k,element_id=jpigp_cor:OperatingProfitLossIFRS; context_id=CurrentYearDuration
nec,revenue,2022,2022-03-31,3014095000000,JPY,consolidated,IFRS,reported,edinet-s100ybfv,element_id=jpcrp_cor:RevenueIFRSSummaryOfBusinessResults; context_id=Prior4YearDuration
nec,revenue,2023,2023-03-31,3313018000000,JPY,consolidated,IFRS,reported,edinet-s100ybfv,element_id=jpcrp_cor:RevenueIFRSSummaryOfBusinessResults; context_id=Prior3YearDuration
nec,revenue,2024,2024-03-31,3477262000000,JPY,consolidated,IFRS,reported,edinet-s100ybfv,element_id=jpcrp_cor:RevenueIFRSSummaryOfBusinessResults; context_id=Prior2YearDuration
nec,revenue,2025,2025-03-31,3423431000000,JPY,consolidated,IFRS,reported,edinet-s100ybfv,element_id=jpcrp_cor:RevenueIFRSSummaryOfBusinessResults; context_id=Prior1YearDuration
nec,revenue,2026,2026-03-31,3582733000000,JPY,consolidated,IFRS,reported,edinet-s100ybfv,element_id=jpcrp_cor:RevenueIFRSSummaryOfBusinessResults; context_id=CurrentYearDuration
nec,equity_ratio,2022,2022-03-31,40.2,percent,consolidated,IFRS,reported,edinet-s100ybfv,element_id=jpcrp_cor:RatioOfOwnersEquityToGrossAssetsIFRSSummaryOfBusinessResults; context_id=Prior4YearInstant
nec,equity_ratio,2023,2023-03-31,40.8,percent,consolidated,IFRS,reported,edinet-s100ybfv,element_id=jpcrp_cor:RatioOfOwnersEquityToGrossAssetsIFRSSummaryOfBusinessResults; context_id=Prior3YearInstant
nec,equity_ratio,2024,2024-03-31,45.3,percent,consolidated,IFRS,reported,edinet-s100ybfv,element_id=jpcrp_cor:RatioOfOwnersEquityToGrossAssetsIFRSSummaryOfBusinessResults; context_id=Prior2YearInstant
nec,equity_ratio,2025,2025-03-31,45.2,percent,consolidated,IFRS,reported,edinet-s100ybfv,element_id=jpcrp_cor:RatioOfOwnersEquityToGrossAssetsIFRSSummaryOfBusinessResults; context_id=Prior1YearInstant
nec,equity_ratio,2026,2026-03-31,49.2,percent,consolidated,IFRS,reported,edinet-s100ybfv,element_id=jpcrp_cor:RatioOfOwnersEquityToGrossAssetsIFRSSummaryOfBusinessResults; context_id=CurrentYearInstant
nec,operating_cf,2022,2022-03-31,147517000000,JPY,consolidated,IFRS,reported,edinet-s100ybfv,element_id=jpcrp_cor:CashFlowsFromUsedInOperatingActivitiesIFRSSummaryOfBusinessResults; context_id=Prior4YearDuration
nec,operating_cf,2023,2023-03-31,152127000000,JPY,consolidated,IFRS,reported,edinet-s100ybfv,element_id=jpcrp_cor:CashFlowsFromUsedInOperatingActivitiesIFRSSummaryOfBusinessResults; context_id=Prior3YearDuration
nec,operating_cf,2024,2024-03-31,271228000000,JPY,consolidated,IFRS,reported,edinet-s100ybfv,element_id=jpcrp_cor:CashFlowsFromUsedInOperatingActivitiesIFRSSummaryOfBusinessResults; context_id=Prior2YearDuration
nec,operating_cf,2025,2025-03-31,344408000000,JPY,consolidated,IFRS,reported,edinet-s100ybfv,element_id=jpcrp_cor:CashFlowsFromUsedInOperatingActivitiesIFRSSummaryOfBusinessResults; context_id=Prior1YearDuration
nec,operating_cf,2026,2026-03-31,438463000000,JPY,consolidated,IFRS,reported,edinet-s100ybfv,element_id=jpcrp_cor:CashFlowsFromUsedInOperatingActivitiesIFRSSummaryOfBusinessResults; context_id=CurrentYearDuration
nec,investing_cf,2022,2022-03-31,-63377000000,JPY,consolidated,IFRS,reported,edinet-s100ybfv,element_id=jpcrp_cor:CashFlowsFromUsedInInvestingActivitiesIFRSSummaryOfBusinessResults; context_id=Prior4YearDuration
nec,investing_cf,2023,2023-03-31,-49591000000,JPY,consolidated,IFRS,reported,edinet-s100ybfv,element_id=jpcrp_cor:CashFlowsFromUsedInInvestingActivitiesIFRSSummaryOfBusinessResults; context_id=Prior3YearDuration
nec,investing_cf,2024,2024-03-31,-76015000000,JPY,consolidated,IFRS,reported,edinet-s100ybfv,element_id=jpcrp_cor:CashFlowsFromUsedInInvestingActivitiesIFRSSummaryOfBusinessResults; context_id=Prior2YearDuration
nec,investing_cf,2025,2025-03-31,-131164000000,JPY,consolidated,IFRS,reported,edinet-s100ybfv,element_id=jpcrp_cor:CashFlowsFromUsedInInvestingActivitiesIFRSSummaryOfBusinessResults; context_id=Prior1YearDuration
nec,investing_cf,2026,2026-03-31,33686000000,JPY,consolidated,IFRS,reported,edinet-s100ybfv,element_id=jpcrp_cor:CashFlowsFromUsedInInvestingActivitiesIFRSSummaryOfBusinessResults; context_id=CurrentYearDuration
nec,financing_cf,2022,2022-03-31,-189616000000,JPY,consolidated,IFRS,reported,edinet-s100ybfv,element_id=jpcrp_cor:CashFlowsFromUsedInFinancingActivitiesIFRSSummaryOfBusinessResults; context_id=Prior4YearDuration
nec,financing_cf,2023,2023-03-31,-122786000000,JPY,consolidated,IFRS,reported,edinet-s100ybfv,element_id=jpcrp_cor:CashFlowsFromUsedInFinancingActivitiesIFRSSummaryOfBusinessResults; context_id=Prior3YearDuration
nec,financing_cf,2024,2024-03-31,-155508000000,JPY,consolidated,IFRS,reported,edinet-s100ybfv,element_id=jpcrp_cor:CashFlowsFromUsedInFinancingActivitiesIFRSSummaryOfBusinessResults; context_id=Prior2YearDuration
nec,financing_cf,2025,2025-03-31,-103974000000,JPY,consolidated,IFRS,reported,edinet-s100ybfv,element_id=jpcrp_cor:CashFlowsFromUsedInFinancingActivitiesIFRSSummaryOfBusinessResults; context_id=Prior1YearDuration
nec,financing_cf,2026,2026-03-31,-417950000000,JPY,consolidated,IFRS,reported,edinet-s100ybfv,element_id=jpcrp_cor:CashFlowsFromUsedInFinancingActivitiesIFRSSummaryOfBusinessResults; context_id=CurrentYearDuration
nec,average_age,2026,2026-03-31,43.1,years,non_consolidated,,reported,edinet-s100ybfv,element_id=jpcrp_cor:AverageAgeYearsInformationAboutReportingCompanyInformationAboutEmployees; context_id=CurrentYearInstant_NonConsolidatedMember
nec,average_tenure,2026,2026-03-31,17.3,years,non_consolidated,,reported,edinet-s100ybfv,element_id=jpcrp_cor:AverageLengthOfServiceYearsInformationAboutReportingCompanyInformationAboutEmployees; context_id=CurrentYearInstant_NonConsolidatedMember
nec,average_annual_salary,2026,2026-03-31,9939349,JPY,non_consolidated,,reported,edinet-s100ybfv,element_id=jpcrp_cor:AverageAnnualSalaryInformationAboutReportingCompanyInformationAboutEmployees; context_id=CurrentYearInstant_NonConsolidatedMember
nec,operating_profit,2025,2025-03-31,256497000000,JPY,consolidated,IFRS,reported,edinet-s100ybfv,element_id=jpigp_cor:OperatingProfitLossIFRS; context_id=Prior1YearDuration
nec,operating_profit,2026,2026-03-31,359913000000,JPY,consolidated,IFRS,reported,edinet-s100ybfv,element_id=jpigp_cor:OperatingProfitLossIFRS; context_id=CurrentYearDuration
hitachi,revenue,2022,2022-03-31,10264602000000,JPY,consolidated,IFRS,reported,edinet-s100ygbo,element_id=jpcrp_cor:RevenueIFRSSummaryOfBusinessResults; context_id=Prior4YearDuration
hitachi,revenue,2023,2023-03-31,10881150000000,JPY,consolidated,IFRS,reported,edinet-s100ygbo,element_id=jpcrp_cor:RevenueIFRSSummaryOfBusinessResults; context_id=Prior3YearDuration
hitachi,revenue,2024,2024-03-31,9728716000000,JPY,consolidated,IFRS,reported,edinet-s100ygbo,element_id=jpcrp_cor:RevenueIFRSSummaryOfBusinessResults; context_id=Prior2YearDuration
hitachi,revenue,2025,2025-03-31,9783370000000,JPY,consolidated,IFRS,reported,edinet-s100ygbo,element_id=jpcrp_cor:RevenueIFRSSummaryOfBusinessResults; context_id=Prior1YearDuration
hitachi,revenue,2026,2026-03-31,10586781000000,JPY,consolidated,IFRS,reported,edinet-s100ygbo,element_id=jpcrp_cor:RevenueIFRSSummaryOfBusinessResults; context_id=CurrentYearDuration
hitachi,equity_ratio,2022,2022-03-31,31.3,percent,consolidated,IFRS,reported,edinet-s100ygbo,element_id=jpcrp_cor:RatioOfOwnersEquityToGrossAssetsIFRSSummaryOfBusinessResults; context_id=Prior4YearInstant
hitachi,equity_ratio,2023,2023-03-31,39.5,percent,consolidated,IFRS,reported,edinet-s100ygbo,element_id=jpcrp_cor:RatioOfOwnersEquityToGrossAssetsIFRSSummaryOfBusinessResults; context_id=Prior3YearInstant
hitachi,equity_ratio,2024,2024-03-31,46.7,percent,consolidated,IFRS,reported,edinet-s100ygbo,element_id=jpcrp_cor:RatioOfOwnersEquityToGrossAssetsIFRSSummaryOfBusinessResults; context_id=Prior2YearInstant
hitachi,equity_ratio,2025,2025-03-31,44,percent,consolidated,IFRS,reported,edinet-s100ygbo,element_id=jpcrp_cor:RatioOfOwnersEquityToGrossAssetsIFRSSummaryOfBusinessResults; context_id=Prior1YearInstant
hitachi,equity_ratio,2026,2026-03-31,43.7,percent,consolidated,IFRS,reported,edinet-s100ygbo,element_id=jpcrp_cor:RatioOfOwnersEquityToGrossAssetsIFRSSummaryOfBusinessResults; context_id=CurrentYearInstant
hitachi,operating_cf,2022,2022-03-31,729943000000,JPY,consolidated,IFRS,reported,edinet-s100ygbo,element_id=jpcrp_cor:CashFlowsFromUsedInOperatingActivitiesIFRSSummaryOfBusinessResults; context_id=Prior4YearDuration
hitachi,operating_cf,2023,2023-03-31,827045000000,JPY,consolidated,IFRS,reported,edinet-s100ygbo,element_id=jpcrp_cor:CashFlowsFromUsedInOperatingActivitiesIFRSSummaryOfBusinessResults; context_id=Prior3YearDuration
hitachi,operating_cf,2024,2024-03-31,956612000000,JPY,consolidated,IFRS,reported,edinet-s100ygbo,element_id=jpcrp_cor:CashFlowsFromUsedInOperatingActivitiesIFRSSummaryOfBusinessResults; context_id=Prior2YearDuration
hitachi,operating_cf,2025,2025-03-31,1172240000000,JPY,consolidated,IFRS,reported,edinet-s100ygbo,element_id=jpcrp_cor:CashFlowsFromUsedInOperatingActivitiesIFRSSummaryOfBusinessResults; context_id=Prior1YearDuration
hitachi,operating_cf,2026,2026-03-31,1668061000000,JPY,consolidated,IFRS,reported,edinet-s100ygbo,element_id=jpcrp_cor:CashFlowsFromUsedInOperatingActivitiesIFRSSummaryOfBusinessResults; context_id=CurrentYearDuration
hitachi,investing_cf,2022,2022-03-31,-1048866000000,JPY,consolidated,IFRS,reported,edinet-s100ygbo,element_id=jpcrp_cor:CashFlowsFromUsedInInvestingActivitiesIFRSSummaryOfBusinessResults; context_id=Prior4YearDuration
hitachi,investing_cf,2023,2023-03-31,151063000000,JPY,consolidated,IFRS,reported,edinet-s100ygbo,element_id=jpcrp_cor:CashFlowsFromUsedInInvestingActivitiesIFRSSummaryOfBusinessResults; context_id=Prior3YearDuration
hitachi,investing_cf,2024,2024-03-31,-131543000000,JPY,consolidated,IFRS,reported,edinet-s100ygbo,element_id=jpcrp_cor:CashFlowsFromUsedInInvestingActivitiesIFRSSummaryOfBusinessResults; context_id=Prior2YearDuration
hitachi,investing_cf,2025,2025-03-31,-573650000000,JPY,consolidated,IFRS,reported,edinet-s100ygbo,element_id=jpcrp_cor:CashFlowsFromUsedInInvestingActivitiesIFRSSummaryOfBusinessResults; context_id=Prior1YearDuration
hitachi,investing_cf,2026,2026-03-31,-341553000000,JPY,consolidated,IFRS,reported,edinet-s100ygbo,element_id=jpcrp_cor:CashFlowsFromUsedInInvestingActivitiesIFRSSummaryOfBusinessResults; context_id=CurrentYearDuration
hitachi,financing_cf,2022,2022-03-31,202739000000,JPY,consolidated,IFRS,reported,edinet-s100ygbo,element_id=jpcrp_cor:CashFlowsFromUsedInFinancingActivitiesIFRSSummaryOfBusinessResults; context_id=Prior4YearDuration
hitachi,financing_cf,2023,2023-03-31,-1142966000000,JPY,consolidated,IFRS,reported,edinet-s100ygbo,element_id=jpcrp_cor:CashFlowsFromUsedInFinancingActivitiesIFRSSummaryOfBusinessResults; context_id=Prior3YearDuration
hitachi,financing_cf,2024,2024-03-31,-1024907000000,JPY,consolidated,IFRS,reported,edinet-s100ygbo,element_id=jpcrp_cor:CashFlowsFromUsedInFinancingActivitiesIFRSSummaryOfBusinessResults; context_id=Prior2YearDuration
hitachi,financing_cf,2025,2025-03-31,-424122000000,JPY,consolidated,IFRS,reported,edinet-s100ygbo,element_id=jpcrp_cor:CashFlowsFromUsedInFinancingActivitiesIFRSSummaryOfBusinessResults; context_id=Prior1YearDuration
hitachi,financing_cf,2026,2026-03-31,-971037000000,JPY,consolidated,IFRS,reported,edinet-s100ygbo,element_id=jpcrp_cor:CashFlowsFromUsedInFinancingActivitiesIFRSSummaryOfBusinessResults; context_id=CurrentYearDuration
hitachi,average_age,2026,2026-03-31,42.2,years,non_consolidated,,reported,edinet-s100ygbo,element_id=jpcrp_cor:AverageAgeYearsInformationAboutReportingCompanyInformationAboutEmployees; context_id=CurrentYearInstant_NonConsolidatedMember
hitachi,average_tenure,2026,2026-03-31,18.1,years,non_consolidated,,reported,edinet-s100ygbo,element_id=jpcrp_cor:AverageLengthOfServiceYearsInformationAboutReportingCompanyInformationAboutEmployees; context_id=CurrentYearInstant_NonConsolidatedMember
hitachi,average_annual_salary,2026,2026-03-31,9949714,JPY,non_consolidated,,reported,edinet-s100ygbo,element_id=jpcrp_cor:AverageAnnualSalaryInformationAboutReportingCompanyInformationAboutEmployees; context_id=CurrentYearInstant_NonConsolidatedMember
nri,revenue,2022,2022-03-31,611634000000,JPY,consolidated,IFRS,reported,edinet-s100ybm8,element_id=jpcrp_cor:RevenueIFRSSummaryOfBusinessResults; context_id=Prior4YearDuration
nri,revenue,2023,2023-03-31,692165000000,JPY,consolidated,IFRS,reported,edinet-s100ybm8,element_id=jpcrp_cor:RevenueIFRSSummaryOfBusinessResults; context_id=Prior3YearDuration
nri,revenue,2024,2024-03-31,736556000000,JPY,consolidated,IFRS,reported,edinet-s100ybm8,element_id=jpcrp_cor:RevenueIFRSSummaryOfBusinessResults; context_id=Prior2YearDuration
nri,revenue,2025,2025-03-31,764813000000,JPY,consolidated,IFRS,reported,edinet-s100ybm8,element_id=jpcrp_cor:RevenueIFRSSummaryOfBusinessResults; context_id=Prior1YearDuration
nri,revenue,2026,2026-03-31,814708000000,JPY,consolidated,IFRS,reported,edinet-s100ybm8,element_id=jpcrp_cor:RevenueIFRSSummaryOfBusinessResults; context_id=CurrentYearDuration
nri,equity_ratio,2022,2022-03-31,43,percent,consolidated,IFRS,reported,edinet-s100ybm8,element_id=jpcrp_cor:RatioOfOwnersEquityToGrossAssetsIFRSSummaryOfBusinessResults; context_id=Prior4YearInstant
nri,equity_ratio,2023,2023-03-31,47.6,percent,consolidated,IFRS,reported,edinet-s100ybm8,element_id=jpcrp_cor:RatioOfOwnersEquityToGrossAssetsIFRSSummaryOfBusinessResults; context_id=Prior3YearInstant
obic,average_age,2026,2026-03-31,35.8,years,non_consolidated,,reported,edinet-s100ygbs,element_id=jpcrp_cor:AverageAgeYearsInformationAboutReportingCompanyInformationAboutEmployees; context_id=CurrentYearInstant_NonConsolidatedMember
nri,equity_ratio,2024,2024-03-31,43.3,percent,consolidated,IFRS,reported,edinet-s100ybm8,element_id=jpcrp_cor:RatioOfOwnersEquityToGrossAssetsIFRSSummaryOfBusinessResults; context_id=Prior2YearInstant
nri,equity_ratio,2025,2025-03-31,46.7,percent,consolidated,IFRS,reported,edinet-s100ybm8,element_id=jpcrp_cor:RatioOfOwnersEquityToGrossAssetsIFRSSummaryOfBusinessResults; context_id=Prior1YearInstant
nri,equity_ratio,2026,2026-03-31,45.2,percent,consolidated,IFRS,reported,edinet-s100ybm8,element_id=jpcrp_cor:RatioOfOwnersEquityToGrossAssetsIFRSSummaryOfBusinessResults; context_id=CurrentYearInstant
nri,operating_cf,2022,2022-03-31,98137000000,JPY,consolidated,IFRS,reported,edinet-s100ybm8,element_id=jpcrp_cor:CashFlowsFromUsedInOperatingActivitiesIFRSSummaryOfBusinessResults; context_id=Prior4YearDuration
nri,operating_cf,2023,2023-03-31,118899000000,JPY,consolidated,IFRS,reported,edinet-s100ybm8,element_id=jpcrp_cor:CashFlowsFromUsedInOperatingActivitiesIFRSSummaryOfBusinessResults; context_id=Prior3YearDuration
nri,operating_cf,2024,2024-03-31,142277000000,JPY,consolidated,IFRS,reported,edinet-s100ybm8,element_id=jpcrp_cor:CashFlowsFromUsedInOperatingActivitiesIFRSSummaryOfBusinessResults; context_id=Prior2YearDuration
nri,operating_cf,2025,2025-03-31,130196000000,JPY,consolidated,IFRS,reported,edinet-s100ybm8,element_id=jpcrp_cor:CashFlowsFromUsedInOperatingActivitiesIFRSSummaryOfBusinessResults; context_id=Prior1YearDuration
nri,operating_cf,2026,2026-03-31,147641000000,JPY,consolidated,IFRS,reported,edinet-s100ybm8,element_id=jpcrp_cor:CashFlowsFromUsedInOperatingActivitiesIFRSSummaryOfBusinessResults; context_id=CurrentYearDuration
nri,investing_cf,2022,2022-03-31,-130547000000,JPY,consolidated,IFRS,reported,edinet-s100ybm8,element_id=jpcrp_cor:CashFlowsFromUsedInInvestingActivitiesIFRSSummaryOfBusinessResults; context_id=Prior4YearDuration
nri,investing_cf,2023,2023-03-31,-61190000000,JPY,consolidated,IFRS,reported,edinet-s100ybm8,element_id=jpcrp_cor:CashFlowsFromUsedInInvestingActivitiesIFRSSummaryOfBusinessResults; context_id=Prior3YearDuration
nri,investing_cf,2024,2024-03-31,-53422000000,JPY,consolidated,IFRS,reported,edinet-s100ybm8,element_id=jpcrp_cor:CashFlowsFromUsedInInvestingActivitiesIFRSSummaryOfBusinessResults; context_id=Prior2YearDuration
nri,investing_cf,2025,2025-03-31,-47590000000,JPY,consolidated,IFRS,reported,edinet-s100ybm8,element_id=jpcrp_cor:CashFlowsFromUsedInInvestingActivitiesIFRSSummaryOfBusinessResults; context_id=Prior1YearDuration
nri,investing_cf,2026,2026-03-31,-97047000000,JPY,consolidated,IFRS,reported,edinet-s100ybm8,element_id=jpcrp_cor:CashFlowsFromUsedInInvestingActivitiesIFRSSummaryOfBusinessResults; context_id=CurrentYearDuration
nri,financing_cf,2022,2022-03-31,-7995000000,JPY,consolidated,IFRS,reported,edinet-s100ybm8,element_id=jpcrp_cor:CashFlowsFromUsedInFinancingActivitiesIFRSSummaryOfBusinessResults; context_id=Prior4YearDuration
nri,financing_cf,2023,2023-03-31,-44921000000,JPY,consolidated,IFRS,reported,edinet-s100ybm8,element_id=jpcrp_cor:CashFlowsFromUsedInFinancingActivitiesIFRSSummaryOfBusinessResults; context_id=Prior3YearDuration
nri,financing_cf,2024,2024-03-31,-47575000000,JPY,consolidated,IFRS,reported,edinet-s100ybm8,element_id=jpcrp_cor:CashFlowsFromUsedInFinancingActivitiesIFRSSummaryOfBusinessResults; context_id=Prior2YearDuration
nri,financing_cf,2025,2025-03-31,-87314000000,JPY,consolidated,IFRS,reported,edinet-s100ybm8,element_id=jpcrp_cor:CashFlowsFromUsedInFinancingActivitiesIFRSSummaryOfBusinessResults; context_id=Prior1YearDuration
nri,financing_cf,2026,2026-03-31,-90781000000,JPY,consolidated,IFRS,reported,edinet-s100ybm8,element_id=jpcrp_cor:CashFlowsFromUsedInFinancingActivitiesIFRSSummaryOfBusinessResults; context_id=CurrentYearDuration
nri,average_age,2026,2026-03-31,39.7,years,non_consolidated,,reported,edinet-s100ybm8,element_id=jpcrp_cor:AverageAgeYearsInformationAboutReportingCompanyInformationAboutEmployees; context_id=CurrentYearInstant_NonConsolidatedMember
nri,average_tenure,2026,2026-03-31,13.7,years,non_consolidated,,reported,edinet-s100ybm8,element_id=jpcrp_cor:AverageLengthOfServiceYearsInformationAboutReportingCompanyInformationAboutEmployees; context_id=CurrentYearInstant_NonConsolidatedMember
nri,average_annual_salary,2026,2026-03-31,13326000,JPY,non_consolidated,,reported,edinet-s100ybm8,element_id=jpcrp_cor:AverageAnnualSalaryInformationAboutReportingCompanyInformationAboutEmployees; context_id=CurrentYearInstant_NonConsolidatedMember
nri,operating_profit,2025,2025-03-31,134907000000,JPY,consolidated,IFRS,reported,edinet-s100ybm8,element_id=jpigp_cor:OperatingProfitLossIFRS; context_id=Prior1YearDuration
nri,operating_profit,2026,2026-03-31,58273000000,JPY,consolidated,IFRS,reported,edinet-s100ybm8,element_id=jpigp_cor:OperatingProfitLossIFRS; context_id=CurrentYearDuration
tis,average_age,2026,2026-03-31,40,years,non_consolidated,,reported,edinet-s100yh5c,element_id=jpcrp_cor:AverageAgeYearsInformationAboutReportingCompanyInformationAboutEmployees; context_id=CurrentYearInstant_NonConsolidatedMember
tis,average_tenure,2026,2026-03-31,14,years,non_consolidated,,reported,edinet-s100yh5c,element_id=jpcrp_cor:AverageLengthOfServiceYearsInformationAboutReportingCompanyInformationAboutEmployees; context_id=CurrentYearInstant_NonConsolidatedMember
tis,average_annual_salary,2026,2026-03-31,8289000,JPY,non_consolidated,,reported,edinet-s100yh5c,element_id=jpcrp_cor:AverageAnnualSalaryInformationAboutReportingCompanyInformationAboutEmployees; context_id=CurrentYearInstant_NonConsolidatedMember
biprogy,revenue,2022,2022-03-31,317600000000,JPY,consolidated,IFRS,reported,edinet-s100yfcp,element_id=jpcrp_cor:RevenueIFRSSummaryOfBusinessResults; context_id=Prior4YearDuration
biprogy,revenue,2023,2023-03-31,339898000000,JPY,consolidated,IFRS,reported,edinet-s100yfcp,element_id=jpcrp_cor:RevenueIFRSSummaryOfBusinessResults; context_id=Prior3YearDuration
biprogy,revenue,2024,2024-03-31,370142000000,JPY,consolidated,IFRS,reported,edinet-s100yfcp,element_id=jpcrp_cor:RevenueIFRSSummaryOfBusinessResults; context_id=Prior2YearDuration
biprogy,revenue,2025,2025-03-31,404010000000,JPY,consolidated,IFRS,reported,edinet-s100yfcp,element_id=jpcrp_cor:RevenueIFRSSummaryOfBusinessResults; context_id=Prior1YearDuration
biprogy,revenue,2026,2026-03-31,433686000000,JPY,consolidated,IFRS,reported,edinet-s100yfcp,element_id=jpcrp_cor:RevenueIFRSSummaryOfBusinessResults; context_id=CurrentYearDuration
biprogy,equity_ratio,2022,2022-03-31,48,percent,consolidated,IFRS,reported,edinet-s100yfcp,element_id=jpcrp_cor:RatioOfOwnersEquityToGrossAssetsIFRSSummaryOfBusinessResults; context_id=Prior4YearInstant
biprogy,equity_ratio,2023,2023-03-31,49.9,percent,consolidated,IFRS,reported,edinet-s100yfcp,element_id=jpcrp_cor:RatioOfOwnersEquityToGrossAssetsIFRSSummaryOfBusinessResults; context_id=Prior3YearInstant
biprogy,equity_ratio,2024,2024-03-31,53,percent,consolidated,IFRS,reported,edinet-s100yfcp,element_id=jpcrp_cor:RatioOfOwnersEquityToGrossAssetsIFRSSummaryOfBusinessResults; context_id=Prior2YearInstant
biprogy,equity_ratio,2025,2025-03-31,51.1,percent,consolidated,IFRS,reported,edinet-s100yfcp,element_id=jpcrp_cor:RatioOfOwnersEquityToGrossAssetsIFRSSummaryOfBusinessResults; context_id=Prior1YearInstant
biprogy,equity_ratio,2026,2026-03-31,47,percent,consolidated,IFRS,reported,edinet-s100yfcp,element_id=jpcrp_cor:RatioOfOwnersEquityToGrossAssetsIFRSSummaryOfBusinessResults; context_id=CurrentYearInstant
biprogy,operating_cf,2022,2022-03-31,29435000000,JPY,consolidated,IFRS,reported,edinet-s100yfcp,element_id=jpcrp_cor:CashFlowsFromUsedInOperatingActivitiesIFRSSummaryOfBusinessResults; context_id=Prior4YearDuration
biprogy,operating_cf,2023,2023-03-31,28419000000,JPY,consolidated,IFRS,reported,edinet-s100yfcp,element_id=jpcrp_cor:CashFlowsFromUsedInOperatingActivitiesIFRSSummaryOfBusinessResults; context_id=Prior3YearDuration
biprogy,operating_cf,2024,2024-03-31,41693000000,JPY,consolidated,IFRS,reported,edinet-s100yfcp,element_id=jpcrp_cor:CashFlowsFromUsedInOperatingActivitiesIFRSSummaryOfBusinessResults; context_id=Prior2YearDuration
biprogy,operating_cf,2025,2025-03-31,44916000000,JPY,consolidated,IFRS,reported,edinet-s100yfcp,element_id=jpcrp_cor:CashFlowsFromUsedInOperatingActivitiesIFRSSummaryOfBusinessResults; context_id=Prior1YearDuration
biprogy,operating_cf,2026,2026-03-31,57566000000,JPY,consolidated,IFRS,reported,edinet-s100yfcp,element_id=jpcrp_cor:CashFlowsFromUsedInOperatingActivitiesIFRSSummaryOfBusinessResults; context_id=CurrentYearDuration
biprogy,investing_cf,2022,2022-03-31,-10957000000,JPY,consolidated,IFRS,reported,edinet-s100yfcp,element_id=jpcrp_cor:CashFlowsFromUsedInInvestingActivitiesIFRSSummaryOfBusinessResults; context_id=Prior4YearDuration
biprogy,investing_cf,2023,2023-03-31,-15537000000,JPY,consolidated,IFRS,reported,edinet-s100yfcp,element_id=jpcrp_cor:CashFlowsFromUsedInInvestingActivitiesIFRSSummaryOfBusinessResults; context_id=Prior3YearDuration
biprogy,investing_cf,2024,2024-03-31,-8550000000,JPY,consolidated,IFRS,reported,edinet-s100yfcp,element_id=jpcrp_cor:CashFlowsFromUsedInInvestingActivitiesIFRSSummaryOfBusinessResults; context_id=Prior2YearDuration
biprogy,investing_cf,2025,2025-03-31,-8926000000,JPY,consolidated,IFRS,reported,edinet-s100yfcp,element_id=jpcrp_cor:CashFlowsFromUsedInInvestingActivitiesIFRSSummaryOfBusinessResults; context_id=Prior1YearDuration
biprogy,investing_cf,2026,2026-03-31,-73978000000,JPY,consolidated,IFRS,reported,edinet-s100yfcp,element_id=jpcrp_cor:CashFlowsFromUsedInInvestingActivitiesIFRSSummaryOfBusinessResults; context_id=CurrentYearDuration
biprogy,financing_cf,2022,2022-03-31,-16118000000,JPY,consolidated,IFRS,reported,edinet-s100yfcp,element_id=jpcrp_cor:CashFlowsFromUsedInFinancingActivitiesIFRSSummaryOfBusinessResults; context_id=Prior4YearDuration
biprogy,financing_cf,2023,2023-03-31,-18043000000,JPY,consolidated,IFRS,reported,edinet-s100yfcp,element_id=jpcrp_cor:CashFlowsFromUsedInFinancingActivitiesIFRSSummaryOfBusinessResults; context_id=Prior3YearDuration
biprogy,financing_cf,2024,2024-03-31,-17621000000,JPY,consolidated,IFRS,reported,edinet-s100yfcp,element_id=jpcrp_cor:CashFlowsFromUsedInFinancingActivitiesIFRSSummaryOfBusinessResults; context_id=Prior2YearDuration
biprogy,financing_cf,2025,2025-03-31,-30613000000,JPY,consolidated,IFRS,reported,edinet-s100yfcp,element_id=jpcrp_cor:CashFlowsFromUsedInFinancingActivitiesIFRSSummaryOfBusinessResults; context_id=Prior1YearDuration
biprogy,financing_cf,2026,2026-03-31,-1512000000,JPY,consolidated,IFRS,reported,edinet-s100yfcp,element_id=jpcrp_cor:CashFlowsFromUsedInFinancingActivitiesIFRSSummaryOfBusinessResults; context_id=CurrentYearDuration
biprogy,average_age,2026,2026-03-31,46.3,years,non_consolidated,,reported,edinet-s100yfcp,element_id=jpcrp_cor:AverageAgeYearsInformationAboutReportingCompanyInformationAboutEmployees; context_id=CurrentYearInstant_NonConsolidatedMember
biprogy,average_tenure,2026,2026-03-31,20.4,years,non_consolidated,,reported,edinet-s100yfcp,element_id=jpcrp_cor:AverageLengthOfServiceYearsInformationAboutReportingCompanyInformationAboutEmployees; context_id=CurrentYearInstant_NonConsolidatedMember
biprogy,average_annual_salary,2026,2026-03-31,8846208,JPY,non_consolidated,,reported,edinet-s100yfcp,element_id=jpcrp_cor:AverageAnnualSalaryInformationAboutReportingCompanyInformationAboutEmployees; context_id=CurrentYearInstant_NonConsolidatedMember
biprogy,operating_profit,2025,2025-03-31,39066000000,JPY,consolidated,IFRS,reported,edinet-s100yfcp,element_id=jpigp_cor:OperatingProfitLossIFRS; context_id=Prior1YearDuration
biprogy,operating_profit,2026,2026-03-31,42604000000,JPY,consolidated,IFRS,reported,edinet-s100yfcp,element_id=jpigp_cor:OperatingProfitLossIFRS; context_id=CurrentYearDuration
softbank,revenue,2022,2022-03-31,5690606000000,JPY,consolidated,IFRS,reported,edinet-s100ye76,element_id=jpcrp030000-asr_E04426-000:NetSalesIFRSSummaryOfBusinessResults; context_id=Prior4YearDuration
softbank,revenue,2023,2023-03-31,5911999000000,JPY,consolidated,IFRS,reported,edinet-s100ye76,element_id=jpcrp030000-asr_E04426-000:NetSalesIFRSSummaryOfBusinessResults; context_id=Prior3YearDuration
softbank,revenue,2024,2024-03-31,6084002000000,JPY,consolidated,IFRS,reported,edinet-s100ye76,element_id=jpcrp030000-asr_E04426-000:NetSalesIFRSSummaryOfBusinessResults; context_id=Prior2YearDuration
softbank,revenue,2025,2025-03-31,6544349000000,JPY,consolidated,IFRS,reported,edinet-s100ye76,element_id=jpcrp030000-asr_E04426-000:NetSalesIFRSSummaryOfBusinessResults; context_id=Prior1YearDuration
softbank,revenue,2026,2026-03-31,7038680000000,JPY,consolidated,IFRS,reported,edinet-s100ye76,element_id=jpcrp030000-asr_E04426-000:NetSalesIFRSSummaryOfBusinessResults; context_id=CurrentYearDuration
tis,revenue,2022,2022-03-31,482547000000,JPY,consolidated,JGAAP,reported,edinet-s100yh5c,element_id=jpcrp_cor:NetSalesSummaryOfBusinessResults; context_id=Prior4YearDuration
tis,revenue,2023,2023-03-31,508400000000,JPY,consolidated,JGAAP,reported,edinet-s100yh5c,element_id=jpcrp_cor:NetSalesSummaryOfBusinessResults; context_id=Prior3YearDuration
tis,revenue,2024,2024-03-31,549004000000,JPY,consolidated,JGAAP,reported,edinet-s100yh5c,element_id=jpcrp_cor:NetSalesSummaryOfBusinessResults; context_id=Prior2YearDuration
tis,revenue,2025,2025-03-31,571687000000,JPY,consolidated,JGAAP,reported,edinet-s100yh5c,element_id=jpcrp_cor:NetSalesSummaryOfBusinessResults; context_id=Prior1YearDuration
tis,revenue,2026,2026-03-31,596479000000,JPY,consolidated,JGAAP,reported,edinet-s100yh5c,element_id=jpcrp_cor:NetSalesSummaryOfBusinessResults; context_id=CurrentYearDuration
tis,equity_ratio,2022,2022-03-31,61.5,percent,consolidated,JGAAP,reported,edinet-s100yh5c,element_id=jpcrp_cor:EquityToAssetRatioSummaryOfBusinessResults; context_id=Prior4YearInstant
tis,equity_ratio,2023,2023-03-31,64.2,percent,consolidated,JGAAP,reported,edinet-s100yh5c,element_id=jpcrp_cor:EquityToAssetRatioSummaryOfBusinessResults; context_id=Prior3YearInstant
tis,equity_ratio,2024,2024-03-31,59.5,percent,consolidated,JGAAP,reported,edinet-s100yh5c,element_id=jpcrp_cor:EquityToAssetRatioSummaryOfBusinessResults; context_id=Prior2YearInstant
tis,equity_ratio,2025,2025-03-31,61.5,percent,consolidated,JGAAP,reported,edinet-s100yh5c,element_id=jpcrp_cor:EquityToAssetRatioSummaryOfBusinessResults; context_id=Prior1YearInstant
tis,equity_ratio,2026,2026-03-31,58.9,percent,consolidated,JGAAP,reported,edinet-s100yh5c,element_id=jpcrp_cor:EquityToAssetRatioSummaryOfBusinessResults; context_id=CurrentYearInstant
tis,operating_cf,2022,2022-03-31,56126000000,JPY,consolidated,JGAAP,reported,edinet-s100yh5c,element_id=jpcrp_cor:NetCashProvidedByUsedInOperatingActivitiesSummaryOfBusinessResults; context_id=Prior4YearDuration
tis,operating_cf,2023,2023-03-31,33634000000,JPY,consolidated,JGAAP,reported,edinet-s100yh5c,element_id=jpcrp_cor:NetCashProvidedByUsedInOperatingActivitiesSummaryOfBusinessResults; context_id=Prior3YearDuration
tis,operating_cf,2024,2024-03-31,62578000000,JPY,consolidated,JGAAP,reported,edinet-s100yh5c,element_id=jpcrp_cor:NetCashProvidedByUsedInOperatingActivitiesSummaryOfBusinessResults; context_id=Prior2YearDuration
tis,operating_cf,2025,2025-03-31,63748000000,JPY,consolidated,JGAAP,reported,edinet-s100yh5c,element_id=jpcrp_cor:NetCashProvidedByUsedInOperatingActivitiesSummaryOfBusinessResults; context_id=Prior1YearDuration
tis,operating_cf,2026,2026-03-31,81447000000,JPY,consolidated,JGAAP,reported,edinet-s100yh5c,element_id=jpcrp_cor:NetCashProvidedByUsedInOperatingActivitiesSummaryOfBusinessResults; context_id=CurrentYearDuration
tis,investing_cf,2022,2022-03-31,-3424000000,JPY,consolidated,JGAAP,reported,edinet-s100yh5c,element_id=jpcrp_cor:NetCashProvidedByUsedInInvestingActivitiesSummaryOfBusinessResults; context_id=Prior4YearDuration
tis,investing_cf,2023,2023-03-31,11300000000,JPY,consolidated,JGAAP,reported,edinet-s100yh5c,element_id=jpcrp_cor:NetCashProvidedByUsedInInvestingActivitiesSummaryOfBusinessResults; context_id=Prior3YearDuration
tis,investing_cf,2024,2024-03-31,-32817000000,JPY,consolidated,JGAAP,reported,edinet-s100yh5c,element_id=jpcrp_cor:NetCashProvidedByUsedInInvestingActivitiesSummaryOfBusinessResults; context_id=Prior2YearDuration
tis,investing_cf,2025,2025-03-31,-17741000000,JPY,consolidated,JGAAP,reported,edinet-s100yh5c,element_id=jpcrp_cor:NetCashProvidedByUsedInInvestingActivitiesSummaryOfBusinessResults; context_id=Prior1YearDuration
tis,investing_cf,2026,2026-03-31,-30920000000,JPY,consolidated,JGAAP,reported,edinet-s100yh5c,element_id=jpcrp_cor:NetCashProvidedByUsedInInvestingActivitiesSummaryOfBusinessResults; context_id=CurrentYearDuration
tis,financing_cf,2022,2022-03-31,-21948000000,JPY,consolidated,JGAAP,reported,edinet-s100yh5c,element_id=jpcrp_cor:NetCashProvidedByUsedInFinancingActivitiesSummaryOfBusinessResults; context_id=Prior4YearDuration
tis,financing_cf,2023,2023-03-31,-64573000000,JPY,consolidated,JGAAP,reported,edinet-s100yh5c,element_id=jpcrp_cor:NetCashProvidedByUsedInFinancingActivitiesSummaryOfBusinessResults; context_id=Prior3YearDuration
tis,financing_cf,2024,2024-03-31,-21889000000,JPY,consolidated,JGAAP,reported,edinet-s100yh5c,element_id=jpcrp_cor:NetCashProvidedByUsedInFinancingActivitiesSummaryOfBusinessResults; context_id=Prior2YearDuration
tis,financing_cf,2025,2025-03-31,-27791000000,JPY,consolidated,JGAAP,reported,edinet-s100yh5c,element_id=jpcrp_cor:NetCashProvidedByUsedInFinancingActivitiesSummaryOfBusinessResults; context_id=Prior1YearDuration
tis,financing_cf,2026,2026-03-31,-78362000000,JPY,consolidated,JGAAP,reported,edinet-s100yh5c,element_id=jpcrp_cor:NetCashProvidedByUsedInFinancingActivitiesSummaryOfBusinessResults; context_id=CurrentYearDuration
tis,operating_profit,2025,2025-03-31,69047000000,JPY,consolidated,JGAAP,reported,edinet-s100yh5c,element_id=jppfs_cor:OperatingIncome; context_id=Prior1YearDuration
tis,operating_profit,2026,2026-03-31,76229000000,JPY,consolidated,JGAAP,reported,edinet-s100yh5c,element_id=jppfs_cor:OperatingIncome; context_id=CurrentYearDuration
ntt,revenue,2021,2021-03-31,11943966000000,JPY,consolidated,IFRS,reported,edinet-s100w1fl,element_id=jpcrp_cor:RevenueIFRSSummaryOfBusinessResults; context_id=Prior4YearDuration
ntt,equity_ratio,2021,2021-03-31,32.9,percent,consolidated,IFRS,reported,edinet-s100w1fl,element_id=jpcrp_cor:RatioOfOwnersEquityToGrossAssetsIFRSSummaryOfBusinessResults; context_id=Prior4YearInstant
ntt,operating_cf,2021,2021-03-31,3009064000000,JPY,consolidated,IFRS,reported,edinet-s100w1fl,element_id=jpcrp_cor:CashFlowsFromUsedInOperatingActivitiesIFRSSummaryOfBusinessResults; context_id=Prior4YearDuration
ntt,investing_cf,2021,2021-03-31,-1424532000000,JPY,consolidated,IFRS,reported,edinet-s100w1fl,element_id=jpcrp_cor:CashFlowsFromUsedInInvestingActivitiesIFRSSummaryOfBusinessResults; context_id=Prior4YearDuration
ntt,financing_cf,2021,2021-03-31,-1689548000000,JPY,consolidated,IFRS,reported,edinet-s100w1fl,element_id=jpcrp_cor:CashFlowsFromUsedInFinancingActivitiesIFRSSummaryOfBusinessResults; context_id=Prior4YearDuration
ntt,average_age,2025,2025-03-31,41.8,years,non_consolidated,,reported,edinet-s100w1fl,element_id=jpcrp_cor:AverageAgeYearsInformationAboutReportingCompanyInformationAboutEmployees; context_id=CurrentYearInstant_NonConsolidatedMember
ntt,average_tenure,2025,2025-03-31,16.1,years,non_consolidated,,reported,edinet-s100w1fl,element_id=jpcrp_cor:AverageLengthOfServiceYearsInformationAboutReportingCompanyInformationAboutEmployees; context_id=CurrentYearInstant_NonConsolidatedMember
ntt,average_annual_salary,2025,2025-03-31,10690766,JPY,non_consolidated,,reported,edinet-s100w1fl,element_id=jpcrp_cor:AverageAnnualSalaryInformationAboutReportingCompanyInformationAboutEmployees; context_id=CurrentYearInstant_NonConsolidatedMember
ntt,operating_profit,2024,2024-03-31,1922910000000,JPY,consolidated,IFRS,reported,edinet-s100w1fl,element_id=jpigp_cor:OperatingProfitLossIFRS; context_id=Prior1YearDuration
fujitsu,revenue,2021,2021-03-31,3589702000000,JPY,consolidated,IFRS,reported,edinet-s100w1ds,element_id=jpcrp_cor:RevenueIFRSSummaryOfBusinessResults; context_id=Prior4YearDuration
fujitsu,equity_ratio,2021,2021-03-31,45.5,percent,consolidated,IFRS,reported,edinet-s100w1ds,element_id=jpcrp_cor:RatioOfOwnersEquityToGrossAssetsIFRSSummaryOfBusinessResults; context_id=Prior4YearInstant
fujitsu,operating_cf,2021,2021-03-31,307947000000,JPY,consolidated,IFRS,reported,edinet-s100w1ds,element_id=jpcrp_cor:CashFlowsFromUsedInOperatingActivitiesIFRSSummaryOfBusinessResults; context_id=Prior4YearDuration
fujitsu,investing_cf,2021,2021-03-31,-71561000000,JPY,consolidated,IFRS,reported,edinet-s100w1ds,element_id=jpcrp_cor:CashFlowsFromUsedInInvestingActivitiesIFRSSummaryOfBusinessResults; context_id=Prior4YearDuration
fujitsu,financing_cf,2021,2021-03-31,-219626000000,JPY,consolidated,IFRS,reported,edinet-s100w1ds,element_id=jpcrp_cor:CashFlowsFromUsedInFinancingActivitiesIFRSSummaryOfBusinessResults; context_id=Prior4YearDuration
fujitsu,average_age,2025,2025-03-31,43.1,years,non_consolidated,,reported,edinet-s100w1ds,element_id=jpcrp_cor:AverageAgeYearsInformationAboutReportingCompanyInformationAboutEmployees; context_id=CurrentYearInstant_NonConsolidatedMember
fujitsu,average_tenure,2025,2025-03-31,18.2,years,non_consolidated,,reported,edinet-s100w1ds,element_id=jpcrp_cor:AverageLengthOfServiceYearsInformationAboutReportingCompanyInformationAboutEmployees; context_id=CurrentYearInstant_NonConsolidatedMember
fujitsu,average_annual_salary,2025,2025-03-31,9291084,JPY,non_consolidated,,reported,edinet-s100w1ds,element_id=jpcrp_cor:AverageAnnualSalaryInformationAboutReportingCompanyInformationAboutEmployees; context_id=CurrentYearInstant_NonConsolidatedMember
fujitsu,operating_profit,2024,2024-03-31,149326000000,JPY,consolidated,IFRS,reported,edinet-s100w1ds,element_id=jpigp_cor:OperatingProfitLossIFRS; context_id=Prior1YearDuration
nec,revenue,2021,2021-03-31,2994023000000,JPY,consolidated,IFRS,reported,edinet-s100vz85,element_id=jpcrp_cor:RevenueIFRSSummaryOfBusinessResults; context_id=Prior4YearDuration
nec,equity_ratio,2021,2021-03-31,35.7,percent,consolidated,IFRS,reported,edinet-s100vz85,element_id=jpcrp_cor:RatioOfOwnersEquityToGrossAssetsIFRSSummaryOfBusinessResults; context_id=Prior4YearInstant
nec,operating_cf,2021,2021-03-31,274907000000,JPY,consolidated,IFRS,reported,edinet-s100vz85,element_id=jpcrp_cor:CashFlowsFromUsedInOperatingActivitiesIFRSSummaryOfBusinessResults; context_id=Prior4YearDuration
nec,investing_cf,2021,2021-03-31,-122491000000,JPY,consolidated,IFRS,reported,edinet-s100vz85,element_id=jpcrp_cor:CashFlowsFromUsedInInvestingActivitiesIFRSSummaryOfBusinessResults; context_id=Prior4YearDuration
nec,financing_cf,2021,2021-03-31,1394000000,JPY,consolidated,IFRS,reported,edinet-s100vz85,element_id=jpcrp_cor:CashFlowsFromUsedInFinancingActivitiesIFRSSummaryOfBusinessResults; context_id=Prior4YearDuration
nec,average_age,2025,2025-03-31,42.6,years,non_consolidated,,reported,edinet-s100vz85,element_id=jpcrp_cor:AverageAgeYearsInformationAboutReportingCompanyInformationAboutEmployees; context_id=CurrentYearInstant_NonConsolidatedMember
nec,average_tenure,2025,2025-03-31,16.6,years,non_consolidated,,reported,edinet-s100vz85,element_id=jpcrp_cor:AverageLengthOfServiceYearsInformationAboutReportingCompanyInformationAboutEmployees; context_id=CurrentYearInstant_NonConsolidatedMember
nec,average_annual_salary,2025,2025-03-31,9631033,JPY,non_consolidated,,reported,edinet-s100vz85,element_id=jpcrp_cor:AverageAnnualSalaryInformationAboutReportingCompanyInformationAboutEmployees; context_id=CurrentYearInstant_NonConsolidatedMember
nec,operating_profit,2024,2024-03-31,188012000000,JPY,consolidated,IFRS,reported,edinet-s100vz85,element_id=jpigp_cor:OperatingProfitLossIFRS; context_id=Prior1YearDuration
nri,revenue,2021,2021-03-31,550337000000,JPY,consolidated,IFRS,reported,edinet-s100vzkl,element_id=jpcrp_cor:RevenueIFRSSummaryOfBusinessResults; context_id=Prior4YearDuration
nri,equity_ratio,2021,2021-03-31,50.3,percent,consolidated,IFRS,reported,edinet-s100vzkl,element_id=jpcrp_cor:RatioOfOwnersEquityToGrossAssetsIFRSSummaryOfBusinessResults; context_id=Prior4YearInstant
nri,operating_cf,2021,2021-03-31,84594000000,JPY,consolidated,IFRS,reported,edinet-s100vzkl,element_id=jpcrp_cor:CashFlowsFromUsedInOperatingActivitiesIFRSSummaryOfBusinessResults; context_id=Prior4YearDuration
nri,investing_cf,2021,2021-03-31,-20522000000,JPY,consolidated,IFRS,reported,edinet-s100vzkl,element_id=jpcrp_cor:CashFlowsFromUsedInInvestingActivitiesIFRSSummaryOfBusinessResults; context_id=Prior4YearDuration
nri,financing_cf,2021,2021-03-31,-13183000000,JPY,consolidated,IFRS,reported,edinet-s100vzkl,element_id=jpcrp_cor:CashFlowsFromUsedInFinancingActivitiesIFRSSummaryOfBusinessResults; context_id=Prior4YearDuration
nri,average_age,2025,2025-03-31,39.9,years,non_consolidated,,reported,edinet-s100vzkl,element_id=jpcrp_cor:AverageAgeYearsInformationAboutReportingCompanyInformationAboutEmployees; context_id=CurrentYearInstant_NonConsolidatedMember
nri,average_tenure,2025,2025-03-31,13.9,years,non_consolidated,,reported,edinet-s100vzkl,element_id=jpcrp_cor:AverageLengthOfServiceYearsInformationAboutReportingCompanyInformationAboutEmployees; context_id=CurrentYearInstant_NonConsolidatedMember
nri,average_annual_salary,2025,2025-03-31,13217000,JPY,non_consolidated,,reported,edinet-s100vzkl,element_id=jpcrp_cor:AverageAnnualSalaryInformationAboutReportingCompanyInformationAboutEmployees; context_id=CurrentYearInstant_NonConsolidatedMember
nri,operating_profit,2024,2024-03-31,120411000000,JPY,consolidated,IFRS,reported,edinet-s100vzkl,element_id=jpigp_cor:OperatingProfitLossIFRS; context_id=Prior1YearDuration
tis,revenue,2021,2021-03-31,448383000000,JPY,consolidated,JGAAP,reported,edinet-s100w24k,element_id=jpcrp_cor:NetSalesSummaryOfBusinessResults; context_id=Prior4YearDuration
tis,equity_ratio,2021,2021-03-31,60,percent,consolidated,JGAAP,reported,edinet-s100w24k,element_id=jpcrp_cor:EquityToAssetRatioSummaryOfBusinessResults; context_id=Prior4YearInstant
tis,operating_cf,2021,2021-03-31,33345000000,JPY,consolidated,JGAAP,reported,edinet-s100w24k,element_id=jpcrp_cor:NetCashProvidedByUsedInOperatingActivitiesSummaryOfBusinessResults; context_id=Prior4YearDuration
tis,investing_cf,2021,2021-03-31,-17522000000,JPY,consolidated,JGAAP,reported,edinet-s100w24k,element_id=jpcrp_cor:NetCashProvidedByUsedInInvestingActivitiesSummaryOfBusinessResults; context_id=Prior4YearDuration
tis,financing_cf,2021,2021-03-31,12484000000,JPY,consolidated,JGAAP,reported,edinet-s100w24k,element_id=jpcrp_cor:NetCashProvidedByUsedInFinancingActivitiesSummaryOfBusinessResults; context_id=Prior4YearDuration
tis,average_age,2025,2025-03-31,40,years,non_consolidated,,reported,edinet-s100w24k,element_id=jpcrp_cor:AverageAgeYearsInformationAboutReportingCompanyInformationAboutEmployees; context_id=CurrentYearInstant_NonConsolidatedMember
tis,average_tenure,2025,2025-03-31,14,years,non_consolidated,,reported,edinet-s100w24k,element_id=jpcrp_cor:AverageLengthOfServiceYearsInformationAboutReportingCompanyInformationAboutEmployees; context_id=CurrentYearInstant_NonConsolidatedMember
tis,average_annual_salary,2025,2025-03-31,8067000,JPY,non_consolidated,,reported,edinet-s100w24k,element_id=jpcrp_cor:AverageAnnualSalaryInformationAboutReportingCompanyInformationAboutEmployees; context_id=CurrentYearInstant_NonConsolidatedMember
tis,operating_profit,2024,2024-03-31,64568000000,JPY,consolidated,JGAAP,reported,edinet-s100w24k,element_id=jppfs_cor:OperatingIncome; context_id=Prior1YearDuration
biprogy,revenue,2021,2021-03-31,308426000000,JPY,consolidated,IFRS,reported,edinet-s100w2vl,element_id=jpcrp_cor:RevenueIFRSSummaryOfBusinessResults; context_id=Prior4YearDuration
biprogy,equity_ratio,2021,2021-03-31,44.2,percent,consolidated,IFRS,reported,edinet-s100w2vl,element_id=jpcrp_cor:RatioOfOwnersEquityToGrossAssetsIFRSSummaryOfBusinessResults; context_id=Prior4YearInstant
biprogy,operating_cf,2021,2021-03-31,40567000000,JPY,consolidated,IFRS,reported,edinet-s100w2vl,element_id=jpcrp_cor:CashFlowsFromUsedInOperatingActivitiesIFRSSummaryOfBusinessResults; context_id=Prior4YearDuration
biprogy,investing_cf,2021,2021-03-31,-11583000000,JPY,consolidated,IFRS,reported,edinet-s100w2vl,element_id=jpcrp_cor:CashFlowsFromUsedInInvestingActivitiesIFRSSummaryOfBusinessResults; context_id=Prior4YearDuration
biprogy,financing_cf,2021,2021-03-31,-16301000000,JPY,consolidated,IFRS,reported,edinet-s100w2vl,element_id=jpcrp_cor:CashFlowsFromUsedInFinancingActivitiesIFRSSummaryOfBusinessResults; context_id=Prior4YearDuration
biprogy,average_age,2025,2025-03-31,46.4,years,non_consolidated,,reported,edinet-s100w2vl,element_id=jpcrp_cor:AverageAgeYearsInformationAboutReportingCompanyInformationAboutEmployees; context_id=CurrentYearInstant_NonConsolidatedMember
biprogy,average_tenure,2025,2025-03-31,20.8,years,non_consolidated,,reported,edinet-s100w2vl,element_id=jpcrp_cor:AverageLengthOfServiceYearsInformationAboutReportingCompanyInformationAboutEmployees; context_id=CurrentYearInstant_NonConsolidatedMember
biprogy,average_annual_salary,2025,2025-03-31,8462098,JPY,non_consolidated,,reported,edinet-s100w2vl,element_id=jpcrp_cor:AverageAnnualSalaryInformationAboutReportingCompanyInformationAboutEmployees; context_id=CurrentYearInstant_NonConsolidatedMember
biprogy,operating_profit,2024,2024-03-31,33287000000,JPY,consolidated,IFRS,reported,edinet-s100w2vl,element_id=jpigp_cor:OperatingProfitLossIFRS; context_id=Prior1YearDuration
kddi,revenue,2020,2020-03-31,5237221000000,JPY,consolidated,IFRS,reported,edinet-s100tn7r,element_id=jpcrp_cor:RevenueIFRSSummaryOfBusinessResults; context_id=Prior4YearDuration
kddi,revenue,2021,2021-03-31,5312599000000,JPY,consolidated,IFRS,reported,edinet-s100tn7r,element_id=jpcrp_cor:RevenueIFRSSummaryOfBusinessResults; context_id=Prior3YearDuration
kddi,equity_ratio,2020,2020-03-31,45.8,percent,consolidated,IFRS,reported,edinet-s100tn7r,element_id=jpcrp_cor:RatioOfOwnersEquityToGrossAssetsIFRSSummaryOfBusinessResults; context_id=Prior4YearInstant
kddi,equity_ratio,2021,2021-03-31,45.2,percent,consolidated,IFRS,reported,edinet-s100tn7r,element_id=jpcrp_cor:RatioOfOwnersEquityToGrossAssetsIFRSSummaryOfBusinessResults; context_id=Prior3YearInstant
kddi,operating_cf,2020,2020-03-31,1323356000000,JPY,consolidated,IFRS,reported,edinet-s100tn7r,element_id=jpcrp_cor:CashFlowsFromUsedInOperatingActivitiesIFRSSummaryOfBusinessResults; context_id=Prior4YearDuration
kddi,operating_cf,2021,2021-03-31,1682166000000,JPY,consolidated,IFRS,reported,edinet-s100tn7r,element_id=jpcrp_cor:CashFlowsFromUsedInOperatingActivitiesIFRSSummaryOfBusinessResults; context_id=Prior3YearDuration
kddi,investing_cf,2020,2020-03-31,-610950000000,JPY,consolidated,IFRS,reported,edinet-s100tn7r,element_id=jpcrp_cor:CashFlowsFromUsedInInvestingActivitiesIFRSSummaryOfBusinessResults; context_id=Prior4YearDuration
kddi,investing_cf,2021,2021-03-31,-658925000000,JPY,consolidated,IFRS,reported,edinet-s100tn7r,element_id=jpcrp_cor:CashFlowsFromUsedInInvestingActivitiesIFRSSummaryOfBusinessResults; context_id=Prior3YearDuration
kddi,financing_cf,2020,2020-03-31,-546381000000,JPY,consolidated,IFRS,reported,edinet-s100tn7r,element_id=jpcrp_cor:CashFlowsFromUsedInFinancingActivitiesIFRSSummaryOfBusinessResults; context_id=Prior4YearDuration
kddi,financing_cf,2021,2021-03-31,-585571000000,JPY,consolidated,IFRS,reported,edinet-s100tn7r,element_id=jpcrp_cor:CashFlowsFromUsedInFinancingActivitiesIFRSSummaryOfBusinessResults; context_id=Prior3YearDuration
kddi,average_age,2024,2024-03-31,42.2,years,non_consolidated,,reported,edinet-s100tn7r,element_id=jpcrp_cor:AverageAgeYearsInformationAboutReportingCompanyInformationAboutEmployees; context_id=CurrentYearInstant_NonConsolidatedMember
kddi,average_tenure,2024,2024-03-31,16.7,years,non_consolidated,,reported,edinet-s100tn7r,element_id=jpcrp_cor:AverageLengthOfServiceYearsInformationAboutReportingCompanyInformationAboutEmployees; context_id=CurrentYearInstant_NonConsolidatedMember
kddi,average_annual_salary,2024,2024-03-31,9869482,JPY,non_consolidated,,reported,edinet-s100tn7r,element_id=jpcrp_cor:AverageAnnualSalaryInformationAboutReportingCompanyInformationAboutEmployees; context_id=CurrentYearInstant_NonConsolidatedMember
kddi,operating_profit,2023,2023-03-31,1077393000000,JPY,consolidated,IFRS,reported,edinet-s100tn7r,element_id=jpigp_cor:OperatingProfitLossIFRS; context_id=Prior1YearDuration
kddi,operating_profit,2024,2024-03-31,961584000000,JPY,consolidated,IFRS,reported,edinet-s100tn7r,element_id=jpigp_cor:OperatingProfitLossIFRS; context_id=CurrentYearDuration
mercari,current_assets,2024,2024-06-30,402033000000,JPY,consolidated,IFRS,reported,edinet-s100ueyz,連結財政状態計算書
mercari,current_liabilities,2024,2024-06-30,302543000000,JPY,consolidated,IFRS,reported,edinet-s100ueyz,連結財政状態計算書
mercari,quick_assets,2024,2024-06-30,392742000000,JPY,consolidated,IFRS,reported,edinet-s100ueyz,現金同等物・営業債権・預け金・その他の金融資産の合計
mercari,current_assets,2025,2025-06-30,420241000000,JPY,consolidated,IFRS,reported,edinet-s100wqdw,連結財政状態計算書
mercari,current_liabilities,2025,2025-06-30,319511000000,JPY,consolidated,IFRS,reported,edinet-s100wqdw,連結財政状態計算書
mercari,quick_assets,2025,2025-06-30,409321000000,JPY,consolidated,IFRS,reported,edinet-s100wqdw,現金同等物・営業債権・預け金・その他の金融資産の合計
ntt,current_assets,2025,2025-03-31,8370359000000,JPY,consolidated,IFRS,reported,edinet-s100ycp3,連結財政状態計算書の比較情報
ntt,current_liabilities,2025,2025-03-31,8865263000000,JPY,consolidated,IFRS,reported,edinet-s100ycp3,連結財政状態計算書の比較情報
ntt,quick_assets,2025,2025-03-31,6855228000000,JPY,consolidated,IFRS,reported,edinet-s100ycp3,現金同等物・営業債権・その他の金融資産の合計
ntt,current_assets,2026,2026-03-31,11344700000000,JPY,consolidated,IFRS,reported,edinet-s100ycp3,連結財政状態計算書
ntt,current_liabilities,2026,2026-03-31,22332886000000,JPY,consolidated,IFRS,reported,edinet-s100ycp3,銀行業の預金を含む
ntt,quick_assets,2026,2026-03-31,9666377000000,JPY,consolidated,IFRS,reported,edinet-s100ycp3,現金同等物・営業債権・銀行業貸出金・その他の金融資産の合計
kddi,current_assets,2025,2025-03-31,4706507000000,JPY,consolidated,IFRS,reported,edinet-s100ykg2,element_id=jpigp_cor:CurrentAssetsIFRS; context_id=Prior1YearInstant
kddi,current_liabilities,2025,2025-03-31,8007348000000,JPY,consolidated,IFRS,reported,edinet-s100ykg2,element_id=jpigp_cor:TotalCurrentLiabilitiesIFRS; context_id=Prior1YearInstant
kddi,quick_assets,2025,2025-03-31,4410506000000,JPY,consolidated,IFRS,reported,edinet-s100ykg2,現金同等物・営業債権・金融事業貸出金等の合計
kddi,current_assets,2026,2026-03-31,5578428000000,JPY,consolidated,IFRS,reported,edinet-s100ykg2,element_id=jpigp_cor:CurrentAssetsIFRS; context_id=CurrentYearInstant
kddi,current_liabilities,2026,2026-03-31,9937974000000,JPY,consolidated,IFRS,reported,edinet-s100ykg2,element_id=jpigp_cor:TotalCurrentLiabilitiesIFRS; context_id=CurrentYearInstant
kddi,quick_assets,2026,2026-03-31,5243737000000,JPY,consolidated,IFRS,reported,edinet-s100ykg2,現金同等物・営業債権・金融事業貸出金等の合計
hitachi,current_assets,2025,2025-03-31,6597843000000,JPY,consolidated,IFRS,reported,edinet-s100ygbo,element_id=jpigp_cor:CurrentAssetsIFRS; context_id=Prior1YearInstant
hitachi,current_liabilities,2025,2025-03-31,5907845000000,JPY,consolidated,IFRS,reported,edinet-s100ygbo,element_id=jpigp_cor:TotalCurrentLiabilitiesIFRS; context_id=Prior1YearInstant
hitachi,quick_assets,2025,2025-03-31,4681003000000,JPY,consolidated,IFRS,reported,edinet-s100ygbo,現金同等物・売上債権・金融資産の合計
hitachi,current_assets,2026,2026-03-31,7867239000000,JPY,consolidated,IFRS,reported,edinet-s100ygbo,element_id=jpigp_cor:CurrentAssetsIFRS; context_id=CurrentYearInstant
hitachi,current_liabilities,2026,2026-03-31,7167139000000,JPY,consolidated,IFRS,reported,edinet-s100ygbo,element_id=jpigp_cor:TotalCurrentLiabilitiesIFRS; context_id=CurrentYearInstant
hitachi,quick_assets,2026,2026-03-31,5683674000000,JPY,consolidated,IFRS,reported,edinet-s100ygbo,現金同等物・売上債権・金融資産の合計
gmo-internet,revenue,2024,2024-12-31,276046000000,JPY,consolidated,IFRS,reported,edinet-s100xsg3,element_id=jpcrp_cor:RevenueIFRSSummaryOfBusinessResults; context_id=Prior1YearDuration
gmo-internet,revenue,2025,2025-12-31,285261000000,JPY,consolidated,IFRS,reported,edinet-s100xsg3,element_id=jpcrp_cor:RevenueIFRSSummaryOfBusinessResults; context_id=CurrentYearDuration
gmo-internet,equity_ratio,2023,2023-12-31,5.1,percent,consolidated,IFRS,reported,edinet-s100xsg3,element_id=jpcrp_cor:RatioOfOwnersEquityToGrossAssetsIFRSSummaryOfBusinessResults; context_id=Prior2YearInstant
gmo-internet,equity_ratio,2024,2024-12-31,4.9,percent,consolidated,IFRS,reported,edinet-s100xsg3,element_id=jpcrp_cor:RatioOfOwnersEquityToGrossAssetsIFRSSummaryOfBusinessResults; context_id=Prior1YearInstant
gmo-internet,equity_ratio,2025,2025-12-31,5.5,percent,consolidated,IFRS,reported,edinet-s100xsg3,element_id=jpcrp_cor:RatioOfOwnersEquityToGrossAssetsIFRSSummaryOfBusinessResults; context_id=CurrentYearInstant
gmo-internet,operating_cf,2024,2024-12-31,86656000000,JPY,consolidated,IFRS,reported,edinet-s100xsg3,element_id=jpcrp_cor:CashFlowsFromUsedInOperatingActivitiesIFRSSummaryOfBusinessResults; context_id=Prior1YearDuration
gmo-internet,operating_cf,2025,2025-12-31,55537000000,JPY,consolidated,IFRS,reported,edinet-s100xsg3,element_id=jpcrp_cor:CashFlowsFromUsedInOperatingActivitiesIFRSSummaryOfBusinessResults; context_id=CurrentYearDuration
gmo-internet,investing_cf,2024,2024-12-31,-71499000000,JPY,consolidated,IFRS,reported,edinet-s100xsg3,element_id=jpcrp_cor:CashFlowsFromUsedInInvestingActivitiesIFRSSummaryOfBusinessResults; context_id=Prior1YearDuration
gmo-internet,investing_cf,2025,2025-12-31,-9901000000,JPY,consolidated,IFRS,reported,edinet-s100xsg3,element_id=jpcrp_cor:CashFlowsFromUsedInInvestingActivitiesIFRSSummaryOfBusinessResults; context_id=CurrentYearDuration
gmo-internet,financing_cf,2024,2024-12-31,56898000000,JPY,consolidated,IFRS,reported,edinet-s100xsg3,element_id=jpcrp_cor:CashFlowsFromUsedInFinancingActivitiesIFRSSummaryOfBusinessResults; context_id=Prior1YearDuration
gmo-internet,financing_cf,2025,2025-12-31,37526000000,JPY,consolidated,IFRS,reported,edinet-s100xsg3,element_id=jpcrp_cor:CashFlowsFromUsedInFinancingActivitiesIFRSSummaryOfBusinessResults; context_id=CurrentYearDuration
gmo-internet,average_age,2025,2025-12-31,39,years,non_consolidated,,reported,edinet-s100xsg3,element_id=jpcrp_cor:AverageAgeYearsInformationAboutReportingCompanyInformationAboutEmployees; context_id=CurrentYearInstant_NonConsolidatedMember
gmo-internet,average_tenure,2025,2025-12-31,6.4,years,non_consolidated,,reported,edinet-s100xsg3,element_id=jpcrp_cor:AverageLengthOfServiceYearsInformationAboutReportingCompanyInformationAboutEmployees; context_id=CurrentYearInstant_NonConsolidatedMember
gmo-internet,average_annual_salary,2025,2025-12-31,8412000,JPY,non_consolidated,,reported,edinet-s100xsg3,element_id=jpcrp_cor:AverageAnnualSalaryInformationAboutReportingCompanyInformationAboutEmployees; context_id=CurrentYearInstant_NonConsolidatedMember
gmo-internet,operating_profit,2024,2024-12-31,49492000000,JPY,consolidated,IFRS,reported,edinet-s100xsg3,element_id=jpigp_cor:OperatingProfitLossIFRS; context_id=Prior1YearDuration
gmo-internet,operating_profit,2025,2025-12-31,59132000000,JPY,consolidated,IFRS,reported,edinet-s100xsg3,element_id=jpigp_cor:OperatingProfitLossIFRS; context_id=CurrentYearDuration
gree,average_age,2025,2025-06-30,40.2,years,non_consolidated,,reported,edinet-s100wqwx,element_id=jpcrp_cor:AverageAgeYearsInformationAboutReportingCompanyInformationAboutEmployees; context_id=CurrentYearInstant_NonConsolidatedMember
gree,average_tenure,2025,2025-06-30,6.9,years,non_consolidated,,reported,edinet-s100wqwx,element_id=jpcrp_cor:AverageLengthOfServiceYearsInformationAboutReportingCompanyInformationAboutEmployees; context_id=CurrentYearInstant_NonConsolidatedMember
gree,average_annual_salary,2025,2025-06-30,8653000,JPY,non_consolidated,,reported,edinet-s100wqwx,element_id=jpcrp_cor:AverageAnnualSalaryInformationAboutReportingCompanyInformationAboutEmployees; context_id=CurrentYearInstant_NonConsolidatedMember
mixi,average_age,2026,2026-03-31,38.1,years,non_consolidated,,reported,edinet-s100ye1d,element_id=jpcrp_cor:AverageAgeYearsInformationAboutReportingCompanyInformationAboutEmployees; context_id=CurrentYearInstant_NonConsolidatedMember
mixi,average_tenure,2026,2026-03-31,6.2,years,non_consolidated,,reported,edinet-s100ye1d,element_id=jpcrp_cor:AverageLengthOfServiceYearsInformationAboutReportingCompanyInformationAboutEmployees; context_id=CurrentYearInstant_NonConsolidatedMember
mixi,average_annual_salary,2026,2026-03-31,8470000,JPY,non_consolidated,,reported,edinet-s100ye1d,element_id=jpcrp_cor:AverageAnnualSalaryInformationAboutReportingCompanyInformationAboutEmployees; context_id=CurrentYearInstant_NonConsolidatedMember
kakaku-com,revenue,2022,2022-03-31,51723000000,JPY,consolidated,IFRS,reported,edinet-s100ybgn,element_id=jpcrp_cor:RevenueIFRSSummaryOfBusinessResults; context_id=Prior4YearDuration
kakaku-com,revenue,2023,2023-03-31,60820000000,JPY,consolidated,IFRS,reported,edinet-s100ybgn,element_id=jpcrp_cor:RevenueIFRSSummaryOfBusinessResults; context_id=Prior3YearDuration
kakaku-com,revenue,2024,2024-03-31,66928000000,JPY,consolidated,IFRS,reported,edinet-s100ybgn,element_id=jpcrp_cor:RevenueIFRSSummaryOfBusinessResults; context_id=Prior2YearDuration
kakaku-com,revenue,2025,2025-03-31,78435000000,JPY,consolidated,IFRS,reported,edinet-s100ybgn,element_id=jpcrp_cor:RevenueIFRSSummaryOfBusinessResults; context_id=Prior1YearDuration
kakaku-com,revenue,2026,2026-03-31,94127000000,JPY,consolidated,IFRS,reported,edinet-s100ybgn,element_id=jpcrp_cor:RevenueIFRSSummaryOfBusinessResults; context_id=CurrentYearDuration
kakaku-com,equity_ratio,2022,2022-03-31,68,percent,consolidated,IFRS,reported,edinet-s100ybgn,element_id=jpcrp_cor:RatioOfOwnersEquityToGrossAssetsIFRSSummaryOfBusinessResults; context_id=Prior4YearInstant
kakaku-com,equity_ratio,2023,2023-03-31,60.9,percent,consolidated,IFRS,reported,edinet-s100ybgn,element_id=jpcrp_cor:RatioOfOwnersEquityToGrossAssetsIFRSSummaryOfBusinessResults; context_id=Prior3YearInstant
kakaku-com,equity_ratio,2024,2024-03-31,61.7,percent,consolidated,IFRS,reported,edinet-s100ybgn,element_id=jpcrp_cor:RatioOfOwnersEquityToGrossAssetsIFRSSummaryOfBusinessResults; context_id=Prior2YearInstant
kakaku-com,equity_ratio,2025,2025-03-31,66.1,percent,consolidated,IFRS,reported,edinet-s100ybgn,element_id=jpcrp_cor:RatioOfOwnersEquityToGrossAssetsIFRSSummaryOfBusinessResults; context_id=Prior1YearInstant
kakaku-com,equity_ratio,2026,2026-03-31,70.3,percent,consolidated,IFRS,reported,edinet-s100ybgn,element_id=jpcrp_cor:RatioOfOwnersEquityToGrossAssetsIFRSSummaryOfBusinessResults; context_id=CurrentYearInstant
kakaku-com,operating_cf,2022,2022-03-31,16033000000,JPY,consolidated,IFRS,reported,edinet-s100ybgn,element_id=jpcrp_cor:CashFlowsFromUsedInOperatingActivitiesIFRSSummaryOfBusinessResults; context_id=Prior4YearDuration
kakaku-com,operating_cf,2023,2023-03-31,22400000000,JPY,consolidated,IFRS,reported,edinet-s100ybgn,element_id=jpcrp_cor:CashFlowsFromUsedInOperatingActivitiesIFRSSummaryOfBusinessResults; context_id=Prior3YearDuration
kakaku-com,operating_cf,2024,2024-03-31,19516000000,JPY,consolidated,IFRS,reported,edinet-s100ybgn,element_id=jpcrp_cor:CashFlowsFromUsedInOperatingActivitiesIFRSSummaryOfBusinessResults; context_id=Prior2YearDuration
kakaku-com,operating_cf,2025,2025-03-31,27404000000,JPY,consolidated,IFRS,reported,edinet-s100ybgn,element_id=jpcrp_cor:CashFlowsFromUsedInOperatingActivitiesIFRSSummaryOfBusinessResults; context_id=Prior1YearDuration
kakaku-com,operating_cf,2026,2026-03-31,25354000000,JPY,consolidated,IFRS,reported,edinet-s100ybgn,element_id=jpcrp_cor:CashFlowsFromUsedInOperatingActivitiesIFRSSummaryOfBusinessResults; context_id=CurrentYearDuration
kakaku-com,investing_cf,2022,2022-03-31,-1311000000,JPY,consolidated,IFRS,reported,edinet-s100ybgn,element_id=jpcrp_cor:CashFlowsFromUsedInInvestingActivitiesIFRSSummaryOfBusinessResults; context_id=Prior4YearDuration
kakaku-com,investing_cf,2023,2023-03-31,-2678000000,JPY,consolidated,IFRS,reported,edinet-s100ybgn,element_id=jpcrp_cor:CashFlowsFromUsedInInvestingActivitiesIFRSSummaryOfBusinessResults; context_id=Prior3YearDuration
kakaku-com,investing_cf,2024,2024-03-31,-2215000000,JPY,consolidated,IFRS,reported,edinet-s100ybgn,element_id=jpcrp_cor:CashFlowsFromUsedInInvestingActivitiesIFRSSummaryOfBusinessResults; context_id=Prior2YearDuration
kakaku-com,investing_cf,2025,2025-03-31,-2939000000,JPY,consolidated,IFRS,reported,edinet-s100ybgn,element_id=jpcrp_cor:CashFlowsFromUsedInInvestingActivitiesIFRSSummaryOfBusinessResults; context_id=Prior1YearDuration
kakaku-com,investing_cf,2026,2026-03-31,-11415000000,JPY,consolidated,IFRS,reported,edinet-s100ybgn,element_id=jpcrp_cor:CashFlowsFromUsedInInvestingActivitiesIFRSSummaryOfBusinessResults; context_id=CurrentYearDuration
kakaku-com,financing_cf,2022,2022-03-31,-15310000000,JPY,consolidated,IFRS,reported,edinet-s100ybgn,element_id=jpcrp_cor:CashFlowsFromUsedInFinancingActivitiesIFRSSummaryOfBusinessResults; context_id=Prior4YearDuration
kakaku-com,financing_cf,2023,2023-03-31,-17572000000,JPY,consolidated,IFRS,reported,edinet-s100ybgn,element_id=jpcrp_cor:CashFlowsFromUsedInFinancingActivitiesIFRSSummaryOfBusinessResults; context_id=Prior3YearDuration
kakaku-com,financing_cf,2024,2024-03-31,-16077000000,JPY,consolidated,IFRS,reported,edinet-s100ybgn,element_id=jpcrp_cor:CashFlowsFromUsedInFinancingActivitiesIFRSSummaryOfBusinessResults; context_id=Prior2YearDuration
kakaku-com,financing_cf,2025,2025-03-31,-11302000000,JPY,consolidated,IFRS,reported,edinet-s100ybgn,element_id=jpcrp_cor:CashFlowsFromUsedInFinancingActivitiesIFRSSummaryOfBusinessResults; context_id=Prior1YearDuration
kakaku-com,financing_cf,2026,2026-03-31,-18374000000,JPY,consolidated,IFRS,reported,edinet-s100ybgn,element_id=jpcrp_cor:CashFlowsFromUsedInFinancingActivitiesIFRSSummaryOfBusinessResults; context_id=CurrentYearDuration
kakaku-com,average_age,2026,2026-03-31,37.3,years,non_consolidated,,reported,edinet-s100ybgn,element_id=jpcrp_cor:AverageAgeYearsInformationAboutReportingCompanyInformationAboutEmployees; context_id=CurrentYearInstant_NonConsolidatedMember
kakaku-com,average_tenure,2026,2026-03-31,6.6,years,non_consolidated,,reported,edinet-s100ybgn,element_id=jpcrp_cor:AverageLengthOfServiceYearsInformationAboutReportingCompanyInformationAboutEmployees; context_id=CurrentYearInstant_NonConsolidatedMember
kakaku-com,average_annual_salary,2026,2026-03-31,7547000,JPY,non_consolidated,,reported,edinet-s100ybgn,element_id=jpcrp_cor:AverageAnnualSalaryInformationAboutReportingCompanyInformationAboutEmployees; context_id=CurrentYearInstant_NonConsolidatedMember
kakaku-com,operating_profit,2025,2025-03-31,29293000000,JPY,consolidated,IFRS,reported,edinet-s100ybgn,element_id=jpigp_cor:OperatingProfitLossIFRS; context_id=Prior1YearDuration
kakaku-com,operating_profit,2026,2026-03-31,27243000000,JPY,consolidated,IFRS,reported,edinet-s100ybgn,element_id=jpigp_cor:OperatingProfitLossIFRS; context_id=CurrentYearDuration
sakana-ai,total_funding,2025,2025-11-17,66000000000,JPY,sakana-ai,,reported,sakana-ai-series-b,シリーズB完了時点の累計資金調達額（公式発表・約660億円）。シリーズB後の企業価値（Post-money Valuation）は約4320億円
sakana-ai,employee_count,2026,2026-07-31,150,persons,sakana-ai,,reported,sakana-ai-applied-careers,約150名（Applied Team採用ページ記載）
fixstars,employee_count,2025,2025-09-30,334,persons,consolidated,,reported,fixstars-corporate,連結・2025年9月末現在
cyberagent,current_assets,2024,2024-09-30,358632000000,JPY,consolidated,,reported,edinet-s100xcu9,element_id=jppfs_cor:CurrentAssets; context_id=Prior1YearInstant
cyberagent,current_assets,2025,2025-09-30,390215000000,JPY,consolidated,,reported,edinet-s100xcu9,element_id=jppfs_cor:CurrentAssets; context_id=CurrentYearInstant
cyberagent,current_liabilities,2024,2024-09-30,168226000000,JPY,consolidated,,reported,edinet-s100xcu9,element_id=jppfs_cor:CurrentLiabilities; context_id=Prior1YearInstant
cyberagent,current_liabilities,2025,2025-09-30,177791000000,JPY,consolidated,,reported,edinet-s100xcu9,element_id=jppfs_cor:CurrentLiabilities; context_id=CurrentYearInstant
ntt-data-group,current_assets,2024,2024-03-31,2432955000000,JPY,consolidated,IFRS,reported,edinet-s100vwr9,element_id=jpigp_cor:CurrentAssetsIFRS; context_id=Prior1YearInstant
ntt-data-group,current_assets,2025,2025-03-31,2754729000000,JPY,consolidated,IFRS,reported,edinet-s100vwr9,element_id=jpigp_cor:CurrentAssetsIFRS; context_id=CurrentYearInstant
ntt-data-group,current_liabilities,2024,2024-03-31,2513881000000,JPY,consolidated,IFRS,reported,edinet-s100vwr9,element_id=jpigp_cor:TotalCurrentLiabilitiesIFRS; context_id=Prior1YearInstant
ntt-data-group,current_liabilities,2025,2025-03-31,2833056000000,JPY,consolidated,IFRS,reported,edinet-s100vwr9,element_id=jpigp_cor:TotalCurrentLiabilitiesIFRS; context_id=CurrentYearInstant
scsk,current_assets,2025,2025-03-31,348605000000,JPY,consolidated,IFRS,reported,edinet-s100yhdd,element_id=jpigp_cor:CurrentAssetsIFRS; context_id=Prior1YearInstant
scsk,current_assets,2026,2026-03-31,353311000000,JPY,consolidated,IFRS,reported,edinet-s100yhdd,element_id=jpigp_cor:CurrentAssetsIFRS; context_id=CurrentYearInstant
scsk,current_liabilities,2025,2025-03-31,357030000000,JPY,consolidated,IFRS,reported,edinet-s100yhdd,element_id=jpigp_cor:TotalCurrentLiabilitiesIFRS; context_id=Prior1YearInstant
scsk,current_liabilities,2026,2026-03-31,324034000000,JPY,consolidated,IFRS,reported,edinet-s100yhdd,element_id=jpigp_cor:TotalCurrentLiabilitiesIFRS; context_id=CurrentYearInstant
softbank,current_assets,2025,2025-03-31,4858655000000,JPY,consolidated,IFRS,reported,edinet-s100ye76,element_id=jpigp_cor:CurrentAssetsIFRS; context_id=Prior1YearInstant
softbank,current_assets,2026,2026-03-31,5405531000000,JPY,consolidated,IFRS,reported,edinet-s100ye76,element_id=jpigp_cor:CurrentAssetsIFRS; context_id=CurrentYearInstant
softbank,current_liabilities,2025,2025-03-31,6835206000000,JPY,consolidated,IFRS,reported,edinet-s100ye76,element_id=jpigp_cor:TotalCurrentLiabilitiesIFRS; context_id=Prior1YearInstant
softbank,current_liabilities,2026,2026-03-31,8525235000000,JPY,consolidated,IFRS,reported,edinet-s100ye76,element_id=jpigp_cor:TotalCurrentLiabilitiesIFRS; context_id=CurrentYearInstant
fujitsu,current_assets,2025,2025-03-31,2117581000000,JPY,consolidated,IFRS,reported,edinet-s100ym3k,element_id=jpigp_cor:CurrentAssetsIFRS; context_id=Prior1YearInstant
fujitsu,current_assets,2026,2026-03-31,1942811000000,JPY,consolidated,IFRS,reported,edinet-s100ym3k,element_id=jpigp_cor:CurrentAssetsIFRS; context_id=CurrentYearInstant
fujitsu,current_liabilities,2025,2025-03-31,1352078000000,JPY,consolidated,IFRS,reported,edinet-s100ym3k,element_id=jpigp_cor:TotalCurrentLiabilitiesIFRS; context_id=Prior1YearInstant
fujitsu,current_liabilities,2026,2026-03-31,1110463000000,JPY,consolidated,IFRS,reported,edinet-s100ym3k,element_id=jpigp_cor:TotalCurrentLiabilitiesIFRS; context_id=CurrentYearInstant
nec,current_assets,2025,2025-03-31,2224994000000,JPY,consolidated,IFRS,reported,edinet-s100ybfv,element_id=jpigp_cor:CurrentAssetsIFRS; context_id=Prior1YearInstant
nec,current_assets,2026,2026-03-31,2459093000000,JPY,consolidated,IFRS,reported,edinet-s100ybfv,element_id=jpigp_cor:CurrentAssetsIFRS; context_id=CurrentYearInstant
nec,current_liabilities,2025,2025-03-31,1633416000000,JPY,consolidated,IFRS,reported,edinet-s100ybfv,element_id=jpigp_cor:TotalCurrentLiabilitiesIFRS; context_id=Prior1YearInstant
nec,current_liabilities,2026,2026-03-31,1563977000000,JPY,consolidated,IFRS,reported,edinet-s100ybfv,element_id=jpigp_cor:TotalCurrentLiabilitiesIFRS; context_id=CurrentYearInstant
nri,current_assets,2025,2025-03-31,419424000000,JPY,consolidated,IFRS,reported,edinet-s100ybm8,element_id=jpigp_cor:CurrentAssetsIFRS; context_id=Prior1YearInstant
nri,current_assets,2026,2026-03-31,501060000000,JPY,consolidated,IFRS,reported,edinet-s100ybm8,element_id=jpigp_cor:CurrentAssetsIFRS; context_id=CurrentYearInstant
nri,current_liabilities,2025,2025-03-31,239482000000,JPY,consolidated,IFRS,reported,edinet-s100ybm8,element_id=jpigp_cor:TotalCurrentLiabilitiesIFRS; context_id=Prior1YearInstant
nri,current_liabilities,2026,2026-03-31,273021000000,JPY,consolidated,IFRS,reported,edinet-s100ybm8,element_id=jpigp_cor:TotalCurrentLiabilitiesIFRS; context_id=CurrentYearInstant
tis,current_assets,2025,2025-03-31,319080000000,JPY,consolidated,,reported,edinet-s100yh5c,element_id=jppfs_cor:CurrentAssets; context_id=Prior1YearInstant
tis,current_assets,2026,2026-03-31,295295000000,JPY,consolidated,,reported,edinet-s100yh5c,element_id=jppfs_cor:CurrentAssets; context_id=CurrentYearInstant
tis,current_liabilities,2025,2025-03-31,153210000000,JPY,consolidated,,reported,edinet-s100yh5c,element_id=jppfs_cor:CurrentLiabilities; context_id=Prior1YearInstant
tis,current_liabilities,2026,2026-03-31,164190000000,JPY,consolidated,,reported,edinet-s100yh5c,element_id=jppfs_cor:CurrentLiabilities; context_id=CurrentYearInstant
biprogy,current_assets,2025,2025-03-31,196809000000,JPY,consolidated,IFRS,reported,edinet-s100yfcp,element_id=jpigp_cor:CurrentAssetsIFRS; context_id=Prior1YearInstant
biprogy,current_assets,2026,2026-03-31,178089000000,JPY,consolidated,IFRS,reported,edinet-s100yfcp,element_id=jpigp_cor:CurrentAssetsIFRS; context_id=CurrentYearInstant
biprogy,current_liabilities,2025,2025-03-31,122649000000,JPY,consolidated,IFRS,reported,edinet-s100yfcp,element_id=jpigp_cor:TotalCurrentLiabilitiesIFRS; context_id=Prior1YearInstant
biprogy,current_liabilities,2026,2026-03-31,161065000000,JPY,consolidated,IFRS,reported,edinet-s100yfcp,element_id=jpigp_cor:TotalCurrentLiabilitiesIFRS; context_id=CurrentYearInstant
recruit-holdings,current_assets,2025,2025-03-31,1470378000000,JPY,consolidated,IFRS,reported,edinet-s100vzg5,element_id=jpigp_cor:CurrentAssetsIFRS; context_id=CurrentYearInstant
recruit-holdings,current_assets,2026,2026-03-31,1555172000000,JPY,consolidated,IFRS,reported,edinet-s100ydhl,element_id=jpigp_cor:CurrentAssetsIFRS; context_id=CurrentYearInstant
recruit-holdings,current_liabilities,2025,2025-03-31,802185000000,JPY,consolidated,IFRS,reported,edinet-s100vzg5,element_id=jpigp_cor:TotalCurrentLiabilitiesIFRS; context_id=CurrentYearInstant
recruit-holdings,current_liabilities,2026,2026-03-31,875314000000,JPY,consolidated,IFRS,reported,edinet-s100ydhl,element_id=jpigp_cor:TotalCurrentLiabilitiesIFRS; context_id=CurrentYearInstant
recruit-holdings,average_tenure,2025,2025-03-31,8.5,years,non_consolidated,,reported,edinet-s100vzg5,element_id=jpcrp_cor:AverageLengthOfServiceYearsInformationAboutReportingCompanyInformationAboutEmployees; context_id=CurrentYearInstant_NonConsolidatedMember
recruit-holdings,current_assets,2024,2024-03-31,1762744000000,JPY,consolidated,IFRS,reported,edinet-s100vzg5,element_id=jpigp_cor:CurrentAssetsIFRS; context_id=Prior1YearInstant
recruit-holdings,current_liabilities,2024,2024-03-31,758879000000,JPY,consolidated,IFRS,reported,edinet-s100vzg5,element_id=jpigp_cor:TotalCurrentLiabilitiesIFRS; context_id=Prior1YearInstant
recruit-holdings,quick_assets,2022,2022-03-31,669551000000,JPY,consolidated,IFRS,reported,edinet-s100ydhl,element_id=jpcrp_cor:CashAndCashEquivalentsIFRSSummaryOfBusinessResults; context_id=Prior4YearInstant; 現金及び現金同等物のみ
recruit-holdings,quick_assets,2023,2023-03-31,877370000000,JPY,consolidated,IFRS,reported,edinet-s100ydhl,element_id=jpcrp_cor:CashAndCashEquivalentsIFRSSummaryOfBusinessResults; context_id=Prior3YearInstant; 現金及び現金同等物のみ
recruit-holdings,quick_assets,2024,2024-03-31,1136858000000,JPY,consolidated,IFRS,reported,edinet-s100ydhl,element_id=jpcrp_cor:CashAndCashEquivalentsIFRSSummaryOfBusinessResults; context_id=Prior2YearInstant; 現金及び現金同等物のみ
recruit-holdings,quick_assets,2025,2025-03-31,808625000000,JPY,consolidated,IFRS,reported,edinet-s100ydhl,element_id=jpcrp_cor:CashAndCashEquivalentsIFRSSummaryOfBusinessResults; context_id=Prior1YearInstant; 現金及び現金同等物のみ
recruit-holdings,quick_assets,2026,2026-03-31,725578000000,JPY,consolidated,IFRS,reported,edinet-s100ydhl,element_id=jpcrp_cor:CashAndCashEquivalentsIFRSSummaryOfBusinessResults; context_id=CurrentYearInstant; 現金及び現金同等物のみ
gmo-internet,employee_count,2023,2023-12-31,6253,persons,consolidated,,reported,edinet-s100xsg3,element_id=jpcrp_cor:NumberOfEmployees; context_id=Prior2YearInstant
gmo-internet,employee_count,2024,2024-12-31,6333,persons,consolidated,,reported,edinet-s100xsg3,element_id=jpcrp_cor:NumberOfEmployees; context_id=Prior1YearInstant
gmo-internet,employee_count,2025,2025-12-31,6484,persons,consolidated,,reported,edinet-s100xsg3,element_id=jpcrp_cor:NumberOfEmployees; context_id=CurrentYearInstant
gmo-internet,employee_count,2021,2021-12-31,5758,persons,consolidated,,reported,edinet-s100xsg3,element_id=jpcrp_cor:NumberOfEmployees; context_id=Prior4YearInstant
gmo-internet,employee_count,2022,2022-12-31,6159,persons,consolidated,,reported,edinet-s100xsg3,element_id=jpcrp_cor:NumberOfEmployees; context_id=Prior3YearInstant
gmo-internet,current_assets,2023,2023-12-31,1517902000000,JPY,consolidated,IFRS,reported,edinet-s100xsg3,element_id=jpigp_cor:CurrentAssetsIFRS; context_id=Prior2YearInstant
gmo-internet,current_assets,2024,2024-12-31,1619728000000,JPY,consolidated,IFRS,reported,edinet-s100xsg3,element_id=jpigp_cor:CurrentAssetsIFRS; context_id=Prior1YearInstant
gmo-internet,current_assets,2025,2025-12-31,1751433000000,JPY,consolidated,IFRS,reported,edinet-s100xsg3,element_id=jpigp_cor:CurrentAssetsIFRS; context_id=CurrentYearInstant
gmo-internet,current_liabilities,2023,2023-12-31,1190305000000,JPY,consolidated,IFRS,reported,edinet-s100xsg3,element_id=jpigp_cor:TotalCurrentLiabilitiesIFRS; context_id=Prior2YearInstant
gmo-internet,current_liabilities,2024,2024-12-31,1267233000000,JPY,consolidated,IFRS,reported,edinet-s100xsg3,element_id=jpigp_cor:TotalCurrentLiabilitiesIFRS; context_id=Prior1YearInstant
gmo-internet,current_liabilities,2025,2025-12-31,1414705000000,JPY,consolidated,IFRS,reported,edinet-s100xsg3,element_id=jpigp_cor:TotalCurrentLiabilitiesIFRS; context_id=CurrentYearInstant
nintendo,revenue,2022,2022-03-31,1695344000000,JPY,consolidated,JGAAP,reported,edinet-s100y9nx,element_id=jpcrp_cor:NetSalesSummaryOfBusinessResults; context_id=Prior4YearDuration
nintendo,revenue,2023,2023-03-31,1601677000000,JPY,consolidated,JGAAP,reported,edinet-s100y9nx,element_id=jpcrp_cor:NetSalesSummaryOfBusinessResults; context_id=Prior3YearDuration
nintendo,revenue,2024,2024-03-31,1671865000000,JPY,consolidated,JGAAP,reported,edinet-s100y9nx,element_id=jpcrp_cor:NetSalesSummaryOfBusinessResults; context_id=Prior2YearDuration
nintendo,revenue,2025,2025-03-31,1164922000000,JPY,consolidated,JGAAP,reported,edinet-s100y9nx,element_id=jpcrp_cor:NetSalesSummaryOfBusinessResults; context_id=Prior1YearDuration
nintendo,revenue,2026,2026-03-31,2313051000000,JPY,consolidated,JGAAP,reported,edinet-s100y9nx,element_id=jpcrp_cor:NetSalesSummaryOfBusinessResults; context_id=CurrentYearDuration
nintendo,equity_ratio,2022,2022-03-31,77.71,percent,consolidated,JGAAP,reported,edinet-s100y9nx,element_id=jpcrp_cor:EquityToAssetRatioSummaryOfBusinessResults; context_id=Prior4YearInstant
nintendo,equity_ratio,2023,2023-03-31,79.4,percent,consolidated,JGAAP,reported,edinet-s100y9nx,element_id=jpcrp_cor:EquityToAssetRatioSummaryOfBusinessResults; context_id=Prior3YearInstant
nintendo,equity_ratio,2024,2024-03-31,82.62,percent,consolidated,JGAAP,reported,edinet-s100y9nx,element_id=jpcrp_cor:EquityToAssetRatioSummaryOfBusinessResults; context_id=Prior2YearInstant
nintendo,equity_ratio,2025,2025-03-31,80.16,percent,consolidated,JGAAP,reported,edinet-s100y9nx,element_id=jpcrp_cor:EquityToAssetRatioSummaryOfBusinessResults; context_id=Prior1YearInstant
nintendo,equity_ratio,2026,2026-03-31,77.63,percent,consolidated,JGAAP,reported,edinet-s100y9nx,element_id=jpcrp_cor:EquityToAssetRatioSummaryOfBusinessResults; context_id=CurrentYearInstant
nintendo,operating_cf,2022,2022-03-31,289661000000,JPY,consolidated,JGAAP,reported,edinet-s100y9nx,element_id=jpcrp_cor:NetCashProvidedByUsedInOperatingActivitiesSummaryOfBusinessResults; context_id=Prior4YearDuration
nintendo,operating_cf,2023,2023-03-31,322843000000,JPY,consolidated,JGAAP,reported,edinet-s100y9nx,element_id=jpcrp_cor:NetCashProvidedByUsedInOperatingActivitiesSummaryOfBusinessResults; context_id=Prior3YearDuration
nintendo,operating_cf,2024,2024-03-31,462097000000,JPY,consolidated,JGAAP,reported,edinet-s100y9nx,element_id=jpcrp_cor:NetCashProvidedByUsedInOperatingActivitiesSummaryOfBusinessResults; context_id=Prior2YearDuration
nintendo,operating_cf,2025,2025-03-31,12069000000,JPY,consolidated,JGAAP,reported,edinet-s100y9nx,element_id=jpcrp_cor:NetCashProvidedByUsedInOperatingActivitiesSummaryOfBusinessResults; context_id=Prior1YearDuration
nintendo,operating_cf,2026,2026-03-31,289789000000,JPY,consolidated,JGAAP,reported,edinet-s100y9nx,element_id=jpcrp_cor:NetCashProvidedByUsedInOperatingActivitiesSummaryOfBusinessResults; context_id=CurrentYearDuration
nintendo,investing_cf,2022,2022-03-31,93699000000,JPY,consolidated,JGAAP,reported,edinet-s100y9nx,element_id=jpcrp_cor:NetCashProvidedByUsedInInvestingActivitiesSummaryOfBusinessResults; context_id=Prior4YearDuration
nintendo,investing_cf,2023,2023-03-31,111507000000,JPY,consolidated,JGAAP,reported,edinet-s100y9nx,element_id=jpcrp_cor:NetCashProvidedByUsedInInvestingActivitiesSummaryOfBusinessResults; context_id=Prior3YearDuration
nintendo,investing_cf,2024,2024-03-31,-630632000000,JPY,consolidated,JGAAP,reported,edinet-s100y9nx,element_id=jpcrp_cor:NetCashProvidedByUsedInInvestingActivitiesSummaryOfBusinessResults; context_id=Prior2YearDuration
nintendo,investing_cf,2025,2025-03-31,753063000000,JPY,consolidated,JGAAP,reported,edinet-s100y9nx,element_id=jpcrp_cor:NetCashProvidedByUsedInInvestingActivitiesSummaryOfBusinessResults; context_id=Prior1YearDuration
nintendo,investing_cf,2026,2026-03-31,-210054000000,JPY,consolidated,JGAAP,reported,edinet-s100y9nx,element_id=jpcrp_cor:NetCashProvidedByUsedInInvestingActivitiesSummaryOfBusinessResults; context_id=CurrentYearDuration
nintendo,financing_cf,2022,2022-03-31,-337010000000,JPY,consolidated,JGAAP,reported,edinet-s100y9nx,element_id=jpcrp_cor:NetCashProvidedByUsedInFinancingActivitiesSummaryOfBusinessResults; context_id=Prior4YearDuration
nintendo,financing_cf,2023,2023-03-31,-290973000000,JPY,consolidated,JGAAP,reported,edinet-s100y9nx,element_id=jpcrp_cor:NetCashProvidedByUsedInFinancingActivitiesSummaryOfBusinessResults; context_id=Prior3YearDuration
nintendo,financing_cf,2024,2024-03-31,-236958000000,JPY,consolidated,JGAAP,reported,edinet-s100y9nx,element_id=jpcrp_cor:NetCashProvidedByUsedInFinancingActivitiesSummaryOfBusinessResults; context_id=Prior2YearDuration
nintendo,financing_cf,2025,2025-03-31,-195126000000,JPY,consolidated,JGAAP,reported,edinet-s100y9nx,element_id=jpcrp_cor:NetCashProvidedByUsedInFinancingActivitiesSummaryOfBusinessResults; context_id=Prior1YearDuration
nintendo,financing_cf,2026,2026-03-31,-249714000000,JPY,consolidated,JGAAP,reported,edinet-s100y9nx,element_id=jpcrp_cor:NetCashProvidedByUsedInFinancingActivitiesSummaryOfBusinessResults; context_id=CurrentYearDuration
nintendo,employee_count,2022,2022-03-31,6717,persons,consolidated,,reported,edinet-s100y9nx,element_id=jpcrp_cor:NumberOfEmployees; context_id=Prior4YearInstant
nintendo,employee_count,2023,2023-03-31,7317,persons,consolidated,,reported,edinet-s100y9nx,element_id=jpcrp_cor:NumberOfEmployees; context_id=Prior3YearInstant
nintendo,employee_count,2024,2024-03-31,7724,persons,consolidated,,reported,edinet-s100y9nx,element_id=jpcrp_cor:NumberOfEmployees; context_id=Prior2YearInstant
nintendo,employee_count,2025,2025-03-31,8205,persons,consolidated,,reported,edinet-s100y9nx,element_id=jpcrp_cor:NumberOfEmployees; context_id=Prior1YearInstant
nintendo,employee_count,2026,2026-03-31,8666,persons,consolidated,,reported,edinet-s100y9nx,element_id=jpcrp_cor:NumberOfEmployees; context_id=CurrentYearInstant
nintendo,average_age,2026,2026-03-31,40.5,years,non_consolidated,,reported,edinet-s100y9nx,element_id=jpcrp_cor:AverageAgeYearsInformationAboutReportingCompanyInformationAboutEmployees; context_id=CurrentYearInstant_NonConsolidatedMember
nintendo,average_tenure,2026,2026-03-31,14.6,years,non_consolidated,,reported,edinet-s100y9nx,element_id=jpcrp_cor:AverageLengthOfServiceYearsInformationAboutReportingCompanyInformationAboutEmployees; context_id=CurrentYearInstant_NonConsolidatedMember
nintendo,average_annual_salary,2026,2026-03-31,9824708,JPY,non_consolidated,,reported,edinet-s100y9nx,element_id=jpcrp_cor:AverageAnnualSalaryInformationAboutReportingCompanyInformationAboutEmployees; context_id=CurrentYearInstant_NonConsolidatedMember
nintendo,current_assets,2025,2025-03-31,2752352000000,JPY,consolidated,,reported,edinet-s100y9nx,element_id=jppfs_cor:CurrentAssets; context_id=Prior1YearInstant
nintendo,current_assets,2026,2026-03-31,3009784000000,JPY,consolidated,,reported,edinet-s100y9nx,element_id=jppfs_cor:CurrentAssets; context_id=CurrentYearInstant
nintendo,current_liabilities,2025,2025-03-31,597646000000,JPY,consolidated,,reported,edinet-s100y9nx,element_id=jppfs_cor:CurrentLiabilities; context_id=Prior1YearInstant
nintendo,current_liabilities,2026,2026-03-31,760148000000,JPY,consolidated,,reported,edinet-s100y9nx,element_id=jppfs_cor:CurrentLiabilities; context_id=CurrentYearInstant
nintendo,operating_profit,2025,2025-03-31,282553000000,JPY,consolidated,JGAAP,reported,edinet-s100y9nx,element_id=jppfs_cor:OperatingIncome; context_id=Prior1YearDuration
nintendo,operating_profit,2026,2026-03-31,360117000000,JPY,consolidated,JGAAP,reported,edinet-s100y9nx,element_id=jppfs_cor:OperatingIncome; context_id=CurrentYearDuration
takara-tomy,revenue,2022,2022-03-31,165448000000,JPY,consolidated,JGAAP,reported,edinet-s100yhl0,element_id=jpcrp_cor:NetSalesSummaryOfBusinessResults; context_id=Prior4YearDuration
takara-tomy,revenue,2023,2023-03-31,187297000000,JPY,consolidated,JGAAP,reported,edinet-s100yhl0,element_id=jpcrp_cor:NetSalesSummaryOfBusinessResults; context_id=Prior3YearDuration
takara-tomy,revenue,2024,2024-03-31,208326000000,JPY,consolidated,JGAAP,reported,edinet-s100yhl0,element_id=jpcrp_cor:NetSalesSummaryOfBusinessResults; context_id=Prior2YearDuration
takara-tomy,revenue,2025,2025-03-31,250235000000,JPY,consolidated,JGAAP,reported,edinet-s100yhl0,element_id=jpcrp_cor:NetSalesSummaryOfBusinessResults; context_id=Prior1YearDuration
takara-tomy,revenue,2026,2026-03-31,270455000000,JPY,consolidated,JGAAP,reported,edinet-s100yhl0,element_id=jpcrp_cor:NetSalesSummaryOfBusinessResults; context_id=CurrentYearDuration
takara-tomy,equity_ratio,2022,2022-03-31,50.5,percent,consolidated,JGAAP,reported,edinet-s100yhl0,element_id=jpcrp_cor:EquityToAssetRatioSummaryOfBusinessResults; context_id=Prior4YearInstant
takara-tomy,equity_ratio,2023,2023-03-31,54.5,percent,consolidated,JGAAP,reported,edinet-s100yhl0,element_id=jpcrp_cor:EquityToAssetRatioSummaryOfBusinessResults; context_id=Prior3YearInstant
takara-tomy,equity_ratio,2024,2024-03-31,60.1,percent,consolidated,JGAAP,reported,edinet-s100yhl0,element_id=jpcrp_cor:EquityToAssetRatioSummaryOfBusinessResults; context_id=Prior2YearInstant
takara-tomy,equity_ratio,2025,2025-03-31,64.2,percent,consolidated,JGAAP,reported,edinet-s100yhl0,element_id=jpcrp_cor:EquityToAssetRatioSummaryOfBusinessResults; context_id=Prior1YearInstant
takara-tomy,equity_ratio,2026,2026-03-31,68,percent,consolidated,JGAAP,reported,edinet-s100yhl0,element_id=jpcrp_cor:EquityToAssetRatioSummaryOfBusinessResults; context_id=CurrentYearInstant
takara-tomy,operating_cf,2022,2022-03-31,16405000000,JPY,consolidated,JGAAP,reported,edinet-s100yhl0,element_id=jpcrp_cor:NetCashProvidedByUsedInOperatingActivitiesSummaryOfBusinessResults; context_id=Prior4YearDuration
takara-tomy,operating_cf,2023,2023-03-31,16223000000,JPY,consolidated,JGAAP,reported,edinet-s100yhl0,element_id=jpcrp_cor:NetCashProvidedByUsedInOperatingActivitiesSummaryOfBusinessResults; context_id=Prior3YearDuration
takara-tomy,operating_cf,2024,2024-03-31,29175000000,JPY,consolidated,JGAAP,reported,edinet-s100yhl0,element_id=jpcrp_cor:NetCashProvidedByUsedInOperatingActivitiesSummaryOfBusinessResults; context_id=Prior2YearDuration
takara-tomy,operating_cf,2025,2025-03-31,16999000000,JPY,consolidated,JGAAP,reported,edinet-s100yhl0,element_id=jpcrp_cor:NetCashProvidedByUsedInOperatingActivitiesSummaryOfBusinessResults; context_id=Prior1YearDuration
takara-tomy,operating_cf,2026,2026-03-31,20053000000,JPY,consolidated,JGAAP,reported,edinet-s100yhl0,element_id=jpcrp_cor:NetCashProvidedByUsedInOperatingActivitiesSummaryOfBusinessResults; context_id=CurrentYearDuration
takara-tomy,investing_cf,2022,2022-03-31,-2488000000,JPY,consolidated,JGAAP,reported,edinet-s100yhl0,element_id=jpcrp_cor:NetCashProvidedByUsedInInvestingActivitiesSummaryOfBusinessResults; context_id=Prior4YearDuration
takara-tomy,investing_cf,2023,2023-03-31,-2134000000,JPY,consolidated,JGAAP,reported,edinet-s100yhl0,element_id=jpcrp_cor:NetCashProvidedByUsedInInvestingActivitiesSummaryOfBusinessResults; context_id=Prior3YearDuration
takara-tomy,investing_cf,2024,2024-03-31,-5324000000,JPY,consolidated,JGAAP,reported,edinet-s100yhl0,element_id=jpcrp_cor:NetCashProvidedByUsedInInvestingActivitiesSummaryOfBusinessResults; context_id=Prior2YearDuration
takara-tomy,investing_cf,2025,2025-03-31,-8099000000,JPY,consolidated,JGAAP,reported,edinet-s100yhl0,element_id=jpcrp_cor:NetCashProvidedByUsedInInvestingActivitiesSummaryOfBusinessResults; context_id=Prior1YearDuration
takara-tomy,investing_cf,2026,2026-03-31,-8054000000,JPY,consolidated,JGAAP,reported,edinet-s100yhl0,element_id=jpcrp_cor:NetCashProvidedByUsedInInvestingActivitiesSummaryOfBusinessResults; context_id=CurrentYearDuration
takara-tomy,financing_cf,2022,2022-03-31,-12991000000,JPY,consolidated,JGAAP,reported,edinet-s100yhl0,element_id=jpcrp_cor:NetCashProvidedByUsedInFinancingActivitiesSummaryOfBusinessResults; context_id=Prior4YearDuration
takara-tomy,financing_cf,2023,2023-03-31,-13689000000,JPY,consolidated,JGAAP,reported,edinet-s100yhl0,element_id=jpcrp_cor:NetCashProvidedByUsedInFinancingActivitiesSummaryOfBusinessResults; context_id=Prior3YearDuration
takara-tomy,financing_cf,2024,2024-03-31,-27149000000,JPY,consolidated,JGAAP,reported,edinet-s100yhl0,element_id=jpcrp_cor:NetCashProvidedByUsedInFinancingActivitiesSummaryOfBusinessResults; context_id=Prior2YearDuration
takara-tomy,financing_cf,2025,2025-03-31,-16771000000,JPY,consolidated,JGAAP,reported,edinet-s100yhl0,element_id=jpcrp_cor:NetCashProvidedByUsedInFinancingActivitiesSummaryOfBusinessResults; context_id=Prior1YearDuration
takara-tomy,financing_cf,2026,2026-03-31,-18251000000,JPY,consolidated,JGAAP,reported,edinet-s100yhl0,element_id=jpcrp_cor:NetCashProvidedByUsedInFinancingActivitiesSummaryOfBusinessResults; context_id=CurrentYearDuration
takara-tomy,employee_count,2022,2022-03-31,2418,persons,consolidated,,reported,edinet-s100yhl0,element_id=jpcrp_cor:NumberOfEmployees; context_id=Prior4YearInstant
takara-tomy,employee_count,2023,2023-03-31,2476,persons,consolidated,,reported,edinet-s100yhl0,element_id=jpcrp_cor:NumberOfEmployees; context_id=Prior3YearInstant
takara-tomy,employee_count,2024,2024-03-31,2423,persons,consolidated,,reported,edinet-s100yhl0,element_id=jpcrp_cor:NumberOfEmployees; context_id=Prior2YearInstant
takara-tomy,employee_count,2025,2025-03-31,2496,persons,consolidated,,reported,edinet-s100yhl0,element_id=jpcrp_cor:NumberOfEmployees; context_id=Prior1YearInstant
takara-tomy,employee_count,2026,2026-03-31,2574,persons,consolidated,,reported,edinet-s100yhl0,element_id=jpcrp_cor:NumberOfEmployees; context_id=CurrentYearInstant
takara-tomy,average_age,2026,2026-03-31,42.1,years,non_consolidated,,reported,edinet-s100yhl0,element_id=jpcrp_cor:AverageAgeYearsInformationAboutReportingCompanyInformationAboutEmployees; context_id=CurrentYearInstant_NonConsolidatedMember
takara-tomy,average_tenure,2026,2026-03-31,12.7,years,non_consolidated,,reported,edinet-s100yhl0,element_id=jpcrp_cor:AverageLengthOfServiceYearsInformationAboutReportingCompanyInformationAboutEmployees; context_id=CurrentYearInstant_NonConsolidatedMember
takara-tomy,average_annual_salary,2026,2026-03-31,10382618,JPY,non_consolidated,,reported,edinet-s100yhl0,element_id=jpcrp_cor:AverageAnnualSalaryInformationAboutReportingCompanyInformationAboutEmployees; context_id=CurrentYearInstant_NonConsolidatedMember
takara-tomy,current_assets,2025,2025-03-31,114402000000,JPY,consolidated,,reported,edinet-s100yhl0,element_id=jppfs_cor:CurrentAssets; context_id=Prior1YearInstant
takara-tomy,current_assets,2026,2026-03-31,115544000000,JPY,consolidated,,reported,edinet-s100yhl0,element_id=jppfs_cor:CurrentAssets; context_id=CurrentYearInstant
takara-tomy,current_liabilities,2025,2025-03-31,50933000000,JPY,consolidated,,reported,edinet-s100yhl0,element_id=jppfs_cor:CurrentLiabilities; context_id=Prior1YearInstant
takara-tomy,current_liabilities,2026,2026-03-31,44848000000,JPY,consolidated,,reported,edinet-s100yhl0,element_id=jppfs_cor:CurrentLiabilities; context_id=CurrentYearInstant
takara-tomy,operating_profit,2025,2025-03-31,24870000000,JPY,consolidated,JGAAP,reported,edinet-s100yhl0,element_id=jppfs_cor:OperatingIncome; context_id=Prior1YearDuration
takara-tomy,operating_profit,2026,2026-03-31,24246000000,JPY,consolidated,JGAAP,reported,edinet-s100yhl0,element_id=jppfs_cor:OperatingIncome; context_id=CurrentYearDuration
bandai-namco,revenue,2022,2022-03-31,889270000000,JPY,consolidated,JGAAP,reported,edinet-s100ybxe,element_id=jpcrp_cor:NetSalesSummaryOfBusinessResults; context_id=Prior4YearDuration
bandai-namco,revenue,2023,2023-03-31,990089000000,JPY,consolidated,JGAAP,reported,edinet-s100ybxe,element_id=jpcrp_cor:NetSalesSummaryOfBusinessResults; context_id=Prior3YearDuration
bandai-namco,revenue,2024,2024-03-31,1050210000000,JPY,consolidated,JGAAP,reported,edinet-s100ybxe,element_id=jpcrp_cor:NetSalesSummaryOfBusinessResults; context_id=Prior2YearDuration
bandai-namco,revenue,2025,2025-03-31,1241513000000,JPY,consolidated,JGAAP,reported,edinet-s100ybxe,element_id=jpcrp_cor:NetSalesSummaryOfBusinessResults; context_id=Prior1YearDuration
bandai-namco,revenue,2026,2026-03-31,1348246000000,JPY,consolidated,JGAAP,reported,edinet-s100ybxe,element_id=jpcrp_cor:NetSalesSummaryOfBusinessResults; context_id=CurrentYearDuration
bandai-namco,equity_ratio,2022,2022-03-31,67.7,percent,consolidated,JGAAP,reported,edinet-s100ybxe,element_id=jpcrp_cor:EquityToAssetRatioSummaryOfBusinessResults; context_id=Prior4YearInstant
bandai-namco,equity_ratio,2023,2023-03-31,70.4,percent,consolidated,JGAAP,reported,edinet-s100ybxe,element_id=jpcrp_cor:EquityToAssetRatioSummaryOfBusinessResults; context_id=Prior3YearInstant
bandai-namco,equity_ratio,2024,2024-03-31,72,percent,consolidated,JGAAP,reported,edinet-s100ybxe,element_id=jpcrp_cor:EquityToAssetRatioSummaryOfBusinessResults; context_id=Prior2YearInstant
bandai-namco,equity_ratio,2025,2025-03-31,71.9,percent,consolidated,JGAAP,reported,edinet-s100ybxe,element_id=jpcrp_cor:EquityToAssetRatioSummaryOfBusinessResults; context_id=Prior1YearInstant
bandai-namco,equity_ratio,2026,2026-03-31,72.3,percent,consolidated,JGAAP,reported,edinet-s100ybxe,element_id=jpcrp_cor:EquityToAssetRatioSummaryOfBusinessResults; context_id=CurrentYearInstant
bandai-namco,operating_cf,2022,2022-03-31,121212000000,JPY,consolidated,JGAAP,reported,edinet-s100ybxe,element_id=jpcrp_cor:NetCashProvidedByUsedInOperatingActivitiesSummaryOfBusinessResults; context_id=Prior4YearDuration
bandai-namco,operating_cf,2023,2023-03-31,95625000000,JPY,consolidated,JGAAP,reported,edinet-s100ybxe,element_id=jpcrp_cor:NetCashProvidedByUsedInOperatingActivitiesSummaryOfBusinessResults; context_id=Prior3YearDuration
bandai-namco,operating_cf,2024,2024-03-31,88906000000,JPY,consolidated,JGAAP,reported,edinet-s100ybxe,element_id=jpcrp_cor:NetCashProvidedByUsedInOperatingActivitiesSummaryOfBusinessResults; context_id=Prior2YearDuration
bandai-namco,operating_cf,2025,2025-03-31,187337000000,JPY,consolidated,JGAAP,reported,edinet-s100ybxe,element_id=jpcrp_cor:NetCashProvidedByUsedInOperatingActivitiesSummaryOfBusinessResults; context_id=Prior1YearDuration
bandai-namco,operating_cf,2026,2026-03-31,164719000000,JPY,consolidated,JGAAP,reported,edinet-s100ybxe,element_id=jpcrp_cor:NetCashProvidedByUsedInOperatingActivitiesSummaryOfBusinessResults; context_id=CurrentYearDuration
bandai-namco,investing_cf,2022,2022-03-31,-27136000000,JPY,consolidated,JGAAP,reported,edinet-s100ybxe,element_id=jpcrp_cor:NetCashProvidedByUsedInInvestingActivitiesSummaryOfBusinessResults; context_id=Prior4YearDuration
bandai-namco,investing_cf,2023,2023-03-31,-40878000000,JPY,consolidated,JGAAP,reported,edinet-s100ybxe,element_id=jpcrp_cor:NetCashProvidedByUsedInInvestingActivitiesSummaryOfBusinessResults; context_id=Prior3YearDuration
bandai-namco,investing_cf,2024,2024-03-31,10136000000,JPY,consolidated,JGAAP,reported,edinet-s100ybxe,element_id=jpcrp_cor:NetCashProvidedByUsedInInvestingActivitiesSummaryOfBusinessResults; context_id=Prior2YearDuration
bandai-namco,investing_cf,2025,2025-03-31,-62004000000,JPY,consolidated,JGAAP,reported,edinet-s100ybxe,element_id=jpcrp_cor:NetCashProvidedByUsedInInvestingActivitiesSummaryOfBusinessResults; context_id=Prior1YearDuration
bandai-namco,investing_cf,2026,2026-03-31,-41154000000,JPY,consolidated,JGAAP,reported,edinet-s100ybxe,element_id=jpcrp_cor:NetCashProvidedByUsedInInvestingActivitiesSummaryOfBusinessResults; context_id=CurrentYearDuration
bandai-namco,financing_cf,2022,2022-03-31,-25450000000,JPY,consolidated,JGAAP,reported,edinet-s100ybxe,element_id=jpcrp_cor:NetCashProvidedByUsedInFinancingActivitiesSummaryOfBusinessResults; context_id=Prior4YearDuration
bandai-namco,financing_cf,2023,2023-03-31,-59524000000,JPY,consolidated,JGAAP,reported,edinet-s100ybxe,element_id=jpcrp_cor:NetCashProvidedByUsedInFinancingActivitiesSummaryOfBusinessResults; context_id=Prior3YearDuration
bandai-namco,financing_cf,2024,2024-03-31,-75237000000,JPY,consolidated,JGAAP,reported,edinet-s100ybxe,element_id=jpcrp_cor:NetCashProvidedByUsedInFinancingActivitiesSummaryOfBusinessResults; context_id=Prior2YearDuration
bandai-namco,financing_cf,2025,2025-03-31,-77347000000,JPY,consolidated,JGAAP,reported,edinet-s100ybxe,element_id=jpcrp_cor:NetCashProvidedByUsedInFinancingActivitiesSummaryOfBusinessResults; context_id=Prior1YearDuration
bandai-namco,financing_cf,2026,2026-03-31,-82966000000,JPY,consolidated,JGAAP,reported,edinet-s100ybxe,element_id=jpcrp_cor:NetCashProvidedByUsedInFinancingActivitiesSummaryOfBusinessResults; context_id=CurrentYearDuration
bandai-namco,employee_count,2022,2022-03-31,9886,persons,consolidated,,reported,edinet-s100ybxe,element_id=jpcrp_cor:NumberOfEmployees; context_id=Prior4YearInstant
bandai-namco,employee_count,2023,2023-03-31,10563,persons,consolidated,,reported,edinet-s100ybxe,element_id=jpcrp_cor:NumberOfEmployees; context_id=Prior3YearInstant
bandai-namco,employee_count,2024,2024-03-31,11159,persons,consolidated,,reported,edinet-s100ybxe,element_id=jpcrp_cor:NumberOfEmployees; context_id=Prior2YearInstant
bandai-namco,employee_count,2025,2025-03-31,11345,persons,consolidated,,reported,edinet-s100ybxe,element_id=jpcrp_cor:NumberOfEmployees; context_id=Prior1YearInstant
bandai-namco,employee_count,2026,2026-03-31,11457,persons,consolidated,,reported,edinet-s100ybxe,element_id=jpcrp_cor:NumberOfEmployees; context_id=CurrentYearInstant
bandai-namco,average_age,2026,2026-03-31,44.6,years,non_consolidated,,reported,edinet-s100ybxe,element_id=jpcrp_cor:AverageAgeYearsInformationAboutReportingCompanyInformationAboutEmployees; context_id=CurrentYearInstant_NonConsolidatedMember
bandai-namco,average_tenure,2026,2026-03-31,16.7,years,non_consolidated,,reported,edinet-s100ybxe,element_id=jpcrp_cor:AverageLengthOfServiceYearsInformationAboutReportingCompanyInformationAboutEmployees; context_id=CurrentYearInstant_NonConsolidatedMember
bandai-namco,average_annual_salary,2026,2026-03-31,9838000,JPY,non_consolidated,,reported,edinet-s100ybxe,element_id=jpcrp_cor:AverageAnnualSalaryInformationAboutReportingCompanyInformationAboutEmployees; context_id=CurrentYearInstant_NonConsolidatedMember
bandai-namco,current_assets,2025,2025-03-31,704942000000,JPY,consolidated,,reported,edinet-s100ybxe,element_id=jppfs_cor:CurrentAssets; context_id=Prior1YearInstant
bandai-namco,current_assets,2026,2026-03-31,780901000000,JPY,consolidated,,reported,edinet-s100ybxe,element_id=jppfs_cor:CurrentAssets; context_id=CurrentYearInstant
bandai-namco,current_liabilities,2025,2025-03-31,278611000000,JPY,consolidated,,reported,edinet-s100ybxe,element_id=jppfs_cor:CurrentLiabilities; context_id=Prior1YearInstant
bandai-namco,current_liabilities,2026,2026-03-31,293300000000,JPY,consolidated,,reported,edinet-s100ybxe,element_id=jppfs_cor:CurrentLiabilities; context_id=CurrentYearInstant
bandai-namco,operating_profit,2025,2025-03-31,180229000000,JPY,consolidated,JGAAP,reported,edinet-s100ybxe,element_id=jppfs_cor:OperatingIncome; context_id=Prior1YearDuration
bandai-namco,operating_profit,2026,2026-03-31,189517000000,JPY,consolidated,JGAAP,reported,edinet-s100ybxe,element_id=jppfs_cor:OperatingIncome; context_id=CurrentYearDuration
capcom,revenue,2022,2022-03-31,110054000000,JPY,consolidated,JGAAP,reported,edinet-s100ycgo,element_id=jpcrp_cor:NetSalesSummaryOfBusinessResults; context_id=Prior4YearDuration
capcom,revenue,2023,2023-03-31,125930000000,JPY,consolidated,JGAAP,reported,edinet-s100ycgo,element_id=jpcrp_cor:NetSalesSummaryOfBusinessResults; context_id=Prior3YearDuration
capcom,revenue,2024,2024-03-31,152410000000,JPY,consolidated,JGAAP,reported,edinet-s100ycgo,element_id=jpcrp_cor:NetSalesSummaryOfBusinessResults; context_id=Prior2YearDuration
capcom,revenue,2025,2025-03-31,169604000000,JPY,consolidated,JGAAP,reported,edinet-s100ycgo,element_id=jpcrp_cor:NetSalesSummaryOfBusinessResults; context_id=Prior1YearDuration
capcom,revenue,2026,2026-03-31,195365000000,JPY,consolidated,JGAAP,reported,edinet-s100ycgo,element_id=jpcrp_cor:NetSalesSummaryOfBusinessResults; context_id=CurrentYearDuration
capcom,equity_ratio,2022,2022-03-31,78.2,percent,consolidated,JGAAP,reported,edinet-s100ycgo,element_id=jpcrp_cor:EquityToAssetRatioSummaryOfBusinessResults; context_id=Prior4YearInstant
capcom,equity_ratio,2023,2023-03-31,74.1,percent,consolidated,JGAAP,reported,edinet-s100ycgo,element_id=jpcrp_cor:EquityToAssetRatioSummaryOfBusinessResults; context_id=Prior3YearInstant
capcom,equity_ratio,2024,2024-03-31,80.1,percent,consolidated,JGAAP,reported,edinet-s100ycgo,element_id=jpcrp_cor:EquityToAssetRatioSummaryOfBusinessResults; context_id=Prior2YearInstant
capcom,equity_ratio,2025,2025-03-31,72.3,percent,consolidated,JGAAP,reported,edinet-s100ycgo,element_id=jpcrp_cor:EquityToAssetRatioSummaryOfBusinessResults; context_id=Prior1YearInstant
capcom,equity_ratio,2026,2026-03-31,78.8,percent,consolidated,JGAAP,reported,edinet-s100ycgo,element_id=jpcrp_cor:EquityToAssetRatioSummaryOfBusinessResults; context_id=CurrentYearInstant
capcom,operating_cf,2022,2022-03-31,46947000000,JPY,consolidated,JGAAP,reported,edinet-s100ycgo,element_id=jpcrp_cor:NetCashProvidedByUsedInOperatingActivitiesSummaryOfBusinessResults; context_id=Prior4YearDuration
capcom,operating_cf,2023,2023-03-31,21789000000,JPY,consolidated,JGAAP,reported,edinet-s100ycgo,element_id=jpcrp_cor:NetCashProvidedByUsedInOperatingActivitiesSummaryOfBusinessResults; context_id=Prior3YearDuration
capcom,operating_cf,2024,2024-03-31,36921000000,JPY,consolidated,JGAAP,reported,edinet-s100ycgo,element_id=jpcrp_cor:NetCashProvidedByUsedInOperatingActivitiesSummaryOfBusinessResults; context_id=Prior2YearDuration
capcom,operating_cf,2025,2025-03-31,67618000000,JPY,consolidated,JGAAP,reported,edinet-s100ycgo,element_id=jpcrp_cor:NetCashProvidedByUsedInOperatingActivitiesSummaryOfBusinessResults; context_id=Prior1YearDuration
capcom,operating_cf,2026,2026-03-31,31380000000,JPY,consolidated,JGAAP,reported,edinet-s100ycgo,element_id=jpcrp_cor:NetCashProvidedByUsedInOperatingActivitiesSummaryOfBusinessResults; context_id=CurrentYearDuration
capcom,investing_cf,2022,2022-03-31,-7426000000,JPY,consolidated,JGAAP,reported,edinet-s100ycgo,element_id=jpcrp_cor:NetCashProvidedByUsedInInvestingActivitiesSummaryOfBusinessResults; context_id=Prior4YearDuration
capcom,investing_cf,2023,2023-03-31,-7679000000,JPY,consolidated,JGAAP,reported,edinet-s100ycgo,element_id=jpcrp_cor:NetCashProvidedByUsedInInvestingActivitiesSummaryOfBusinessResults; context_id=Prior3YearDuration
capcom,investing_cf,2024,2024-03-31,-5962000000,JPY,consolidated,JGAAP,reported,edinet-s100ycgo,element_id=jpcrp_cor:NetCashProvidedByUsedInInvestingActivitiesSummaryOfBusinessResults; context_id=Prior2YearDuration
capcom,investing_cf,2025,2025-03-31,-7273000000,JPY,consolidated,JGAAP,reported,edinet-s100ycgo,element_id=jpcrp_cor:NetCashProvidedByUsedInInvestingActivitiesSummaryOfBusinessResults; context_id=Prior1YearDuration
capcom,investing_cf,2026,2026-03-31,-55862000000,JPY,consolidated,JGAAP,reported,edinet-s100ycgo,element_id=jpcrp_cor:NetCashProvidedByUsedInInvestingActivitiesSummaryOfBusinessResults; context_id=CurrentYearDuration
capcom,financing_cf,2022,2022-03-31,-9980000000,JPY,consolidated,JGAAP,reported,edinet-s100ycgo,element_id=jpcrp_cor:NetCashProvidedByUsedInFinancingActivitiesSummaryOfBusinessResults; context_id=Prior4YearDuration
capcom,financing_cf,2023,2023-03-31,-22485000000,JPY,consolidated,JGAAP,reported,edinet-s100ycgo,element_id=jpcrp_cor:NetCashProvidedByUsedInFinancingActivitiesSummaryOfBusinessResults; context_id=Prior3YearDuration
capcom,financing_cf,2024,2024-03-31,-15969000000,JPY,consolidated,JGAAP,reported,edinet-s100ycgo,element_id=jpcrp_cor:NetCashProvidedByUsedInFinancingActivitiesSummaryOfBusinessResults; context_id=Prior2YearDuration
capcom,financing_cf,2025,2025-03-31,-18735000000,JPY,consolidated,JGAAP,reported,edinet-s100ycgo,element_id=jpcrp_cor:NetCashProvidedByUsedInFinancingActivitiesSummaryOfBusinessResults; context_id=Prior1YearDuration
capcom,financing_cf,2026,2026-03-31,-26069000000,JPY,consolidated,JGAAP,reported,edinet-s100ycgo,element_id=jpcrp_cor:NetCashProvidedByUsedInFinancingActivitiesSummaryOfBusinessResults; context_id=CurrentYearDuration
capcom,employee_count,2022,2022-03-31,3206,persons,consolidated,,reported,edinet-s100ycgo,element_id=jpcrp_cor:NumberOfEmployees; context_id=Prior4YearInstant
capcom,employee_count,2023,2023-03-31,3332,persons,consolidated,,reported,edinet-s100ycgo,element_id=jpcrp_cor:NumberOfEmployees; context_id=Prior3YearInstant
capcom,employee_count,2024,2024-03-31,3531,persons,consolidated,,reported,edinet-s100ycgo,element_id=jpcrp_cor:NumberOfEmployees; context_id=Prior2YearInstant
capcom,employee_count,2025,2025-03-31,3766,persons,consolidated,,reported,edinet-s100ycgo,element_id=jpcrp_cor:NumberOfEmployees; context_id=Prior1YearInstant
capcom,employee_count,2026,2026-03-31,3976,persons,consolidated,,reported,edinet-s100ycgo,element_id=jpcrp_cor:NumberOfEmployees; context_id=CurrentYearInstant
capcom,average_age,2026,2026-03-31,38.1,years,non_consolidated,,reported,edinet-s100ycgo,element_id=jpcrp_cor:AverageAgeYearsInformationAboutReportingCompanyInformationAboutEmployees; context_id=CurrentYearInstant_NonConsolidatedMember
capcom,average_tenure,2026,2026-03-31,11.2,years,non_consolidated,,reported,edinet-s100ycgo,element_id=jpcrp_cor:AverageLengthOfServiceYearsInformationAboutReportingCompanyInformationAboutEmployees; context_id=CurrentYearInstant_NonConsolidatedMember
capcom,average_annual_salary,2026,2026-03-31,9852000,JPY,non_consolidated,,reported,edinet-s100ycgo,element_id=jpcrp_cor:AverageAnnualSalaryInformationAboutReportingCompanyInformationAboutEmployees; context_id=CurrentYearInstant_NonConsolidatedMember
capcom,current_assets,2025,2025-03-31,262082000000,JPY,consolidated,,reported,edinet-s100ycgo,element_id=jppfs_cor:CurrentAssets; context_id=Prior1YearInstant
capcom,current_assets,2026,2026-03-31,257940000000,JPY,consolidated,,reported,edinet-s100ycgo,element_id=jppfs_cor:CurrentAssets; context_id=CurrentYearInstant
capcom,current_liabilities,2025,2025-03-31,69478000000,JPY,consolidated,,reported,edinet-s100ycgo,element_id=jppfs_cor:CurrentLiabilities; context_id=Prior1YearInstant
capcom,current_liabilities,2026,2026-03-31,56257000000,JPY,consolidated,,reported,edinet-s100ycgo,element_id=jppfs_cor:CurrentLiabilities; context_id=CurrentYearInstant
capcom,operating_profit,2025,2025-03-31,65777000000,JPY,consolidated,JGAAP,reported,edinet-s100ycgo,element_id=jppfs_cor:OperatingIncome; context_id=Prior1YearDuration
capcom,operating_profit,2026,2026-03-31,75295000000,JPY,consolidated,JGAAP,reported,edinet-s100ycgo,element_id=jppfs_cor:OperatingIncome; context_id=CurrentYearDuration
konami,revenue,2022,2022-03-31,299522000000,JPY,consolidated,IFRS,reported,edinet-s100ykx5,element_id=jpcrp_cor:RevenueIFRSSummaryOfBusinessResults; context_id=Prior4YearDuration
konami,revenue,2023,2023-03-31,314321000000,JPY,consolidated,IFRS,reported,edinet-s100ykx5,element_id=jpcrp_cor:RevenueIFRSSummaryOfBusinessResults; context_id=Prior3YearDuration
konami,revenue,2024,2024-03-31,360314000000,JPY,consolidated,IFRS,reported,edinet-s100ykx5,element_id=jpcrp_cor:RevenueIFRSSummaryOfBusinessResults; context_id=Prior2YearDuration
konami,revenue,2025,2025-03-31,421602000000,JPY,consolidated,IFRS,reported,edinet-s100ykx5,element_id=jpcrp_cor:RevenueIFRSSummaryOfBusinessResults; context_id=Prior1YearDuration
konami,revenue,2026,2026-03-31,493677000000,JPY,consolidated,IFRS,reported,edinet-s100ykx5,element_id=jpcrp_cor:RevenueIFRSSummaryOfBusinessResults; context_id=CurrentYearDuration
konami,equity_ratio,2022,2022-03-31,65.8,percent,consolidated,IFRS,reported,edinet-s100ykx5,element_id=jpcrp_cor:RatioOfOwnersEquityToGrossAssetsIFRSSummaryOfBusinessResults; context_id=Prior4YearInstant
konami,equity_ratio,2023,2023-03-31,68.8,percent,consolidated,IFRS,reported,edinet-s100ykx5,element_id=jpcrp_cor:RatioOfOwnersEquityToGrossAssetsIFRSSummaryOfBusinessResults; context_id=Prior3YearInstant
konami,equity_ratio,2024,2024-03-31,70.5,percent,consolidated,IFRS,reported,edinet-s100ykx5,element_id=jpcrp_cor:RatioOfOwnersEquityToGrossAssetsIFRSSummaryOfBusinessResults; context_id=Prior2YearInstant
konami,equity_ratio,2025,2025-03-31,72.5,percent,consolidated,IFRS,reported,edinet-s100ykx5,element_id=jpcrp_cor:RatioOfOwnersEquityToGrossAssetsIFRSSummaryOfBusinessResults; context_id=Prior1YearInstant
konami,equity_ratio,2026,2026-03-31,75.4,percent,consolidated,IFRS,reported,edinet-s100ykx5,element_id=jpcrp_cor:RatioOfOwnersEquityToGrossAssetsIFRSSummaryOfBusinessResults; context_id=CurrentYearInstant
konami,operating_cf,2022,2022-03-31,96542000000,JPY,consolidated,IFRS,reported,edinet-s100ykx5,element_id=jpcrp_cor:CashFlowsFromUsedInOperatingActivitiesIFRSSummaryOfBusinessResults; context_id=Prior4YearDuration
konami,operating_cf,2023,2023-03-31,36098000000,JPY,consolidated,IFRS,reported,edinet-s100ykx5,element_id=jpcrp_cor:CashFlowsFromUsedInOperatingActivitiesIFRSSummaryOfBusinessResults; context_id=Prior3YearDuration
konami,operating_cf,2024,2024-03-31,103061000000,JPY,consolidated,IFRS,reported,edinet-s100ykx5,element_id=jpcrp_cor:CashFlowsFromUsedInOperatingActivitiesIFRSSummaryOfBusinessResults; context_id=Prior2YearDuration
konami,operating_cf,2025,2025-03-31,114620000000,JPY,consolidated,IFRS,reported,edinet-s100ykx5,element_id=jpcrp_cor:CashFlowsFromUsedInOperatingActivitiesIFRSSummaryOfBusinessResults; context_id=Prior1YearDuration
konami,operating_cf,2026,2026-03-31,135664000000,JPY,consolidated,IFRS,reported,edinet-s100ykx5,element_id=jpcrp_cor:CashFlowsFromUsedInOperatingActivitiesIFRSSummaryOfBusinessResults; context_id=CurrentYearDuration
konami,investing_cf,2022,2022-03-31,-22993000000,JPY,consolidated,IFRS,reported,edinet-s100ykx5,element_id=jpcrp_cor:CashFlowsFromUsedInInvestingActivitiesIFRSSummaryOfBusinessResults; context_id=Prior4YearDuration
konami,investing_cf,2023,2023-03-31,-42786000000,JPY,consolidated,IFRS,reported,edinet-s100ykx5,element_id=jpcrp_cor:CashFlowsFromUsedInInvestingActivitiesIFRSSummaryOfBusinessResults; context_id=Prior3YearDuration
konami,investing_cf,2024,2024-03-31,-29216000000,JPY,consolidated,IFRS,reported,edinet-s100ykx5,element_id=jpcrp_cor:CashFlowsFromUsedInInvestingActivitiesIFRSSummaryOfBusinessResults; context_id=Prior2YearDuration
konami,investing_cf,2025,2025-03-31,-67885000000,JPY,consolidated,IFRS,reported,edinet-s100ykx5,element_id=jpcrp_cor:CashFlowsFromUsedInInvestingActivitiesIFRSSummaryOfBusinessResults; context_id=Prior1YearDuration
konami,investing_cf,2026,2026-03-31,-55323000000,JPY,consolidated,IFRS,reported,edinet-s100ykx5,element_id=jpcrp_cor:CashFlowsFromUsedInInvestingActivitiesIFRSSummaryOfBusinessResults; context_id=CurrentYearDuration
konami,financing_cf,2022,2022-03-31,-27913000000,JPY,consolidated,IFRS,reported,edinet-s100ykx5,element_id=jpcrp_cor:CashFlowsFromUsedInFinancingActivitiesIFRSSummaryOfBusinessResults; context_id=Prior4YearDuration
konami,financing_cf,2023,2023-03-31,-27467000000,JPY,consolidated,IFRS,reported,edinet-s100ykx5,element_id=jpcrp_cor:CashFlowsFromUsedInFinancingActivitiesIFRSSummaryOfBusinessResults; context_id=Prior3YearDuration
konami,financing_cf,2024,2024-03-31,-24199000000,JPY,consolidated,IFRS,reported,edinet-s100ykx5,element_id=jpcrp_cor:CashFlowsFromUsedInFinancingActivitiesIFRSSummaryOfBusinessResults; context_id=Prior2YearDuration
konami,financing_cf,2025,2025-03-31,-25784000000,JPY,consolidated,IFRS,reported,edinet-s100ykx5,element_id=jpcrp_cor:CashFlowsFromUsedInFinancingActivitiesIFRSSummaryOfBusinessResults; context_id=Prior1YearDuration
konami,financing_cf,2026,2026-03-31,-51897000000,JPY,consolidated,IFRS,reported,edinet-s100ykx5,element_id=jpcrp_cor:CashFlowsFromUsedInFinancingActivitiesIFRSSummaryOfBusinessResults; context_id=CurrentYearDuration
konami,employee_count,2022,2022-03-31,4894,persons,consolidated,,reported,edinet-s100ykx5,element_id=jpcrp_cor:NumberOfEmployees; context_id=Prior4YearInstant
konami,employee_count,2023,2023-03-31,4881,persons,consolidated,,reported,edinet-s100ykx5,element_id=jpcrp_cor:NumberOfEmployees; context_id=Prior3YearInstant
konami,employee_count,2024,2024-03-31,4890,persons,consolidated,,reported,edinet-s100ykx5,element_id=jpcrp_cor:NumberOfEmployees; context_id=Prior2YearInstant
konami,employee_count,2025,2025-03-31,5045,persons,consolidated,,reported,edinet-s100ykx5,element_id=jpcrp_cor:NumberOfEmployees; context_id=Prior1YearInstant
konami,employee_count,2026,2026-03-31,5186,persons,consolidated,,reported,edinet-s100ykx5,element_id=jpcrp_cor:NumberOfEmployees; context_id=CurrentYearInstant
konami,average_age,2026,2026-03-31,35.5,years,non_consolidated,,reported,edinet-s100ykx5,element_id=jpcrp_cor:AverageAgeYearsInformationAboutReportingCompanyInformationAboutEmployees; context_id=CurrentYearInstant_NonConsolidatedMember
konami,average_tenure,2026,2026-03-31,10.8,years,non_consolidated,,reported,edinet-s100ykx5,element_id=jpcrp_cor:AverageLengthOfServiceYearsInformationAboutReportingCompanyInformationAboutEmployees; context_id=CurrentYearInstant_NonConsolidatedMember
konami,average_annual_salary,2026,2026-03-31,8502600,JPY,non_consolidated,,reported,edinet-s100ykx5,element_id=jpcrp_cor:AverageAnnualSalaryInformationAboutReportingCompanyInformationAboutEmployees; context_id=CurrentYearInstant_NonConsolidatedMember
konami,current_assets,2025,2025-03-31,366836000000,JPY,consolidated,IFRS,reported,edinet-s100ykx5,element_id=jpigp_cor:CurrentAssetsIFRS; context_id=Prior1YearInstant
konami,current_assets,2026,2026-03-31,424514000000,JPY,consolidated,IFRS,reported,edinet-s100ykx5,element_id=jpigp_cor:CurrentAssetsIFRS; context_id=CurrentYearInstant
konami,current_liabilities,2025,2025-03-31,116314000000,JPY,consolidated,IFRS,reported,edinet-s100ykx5,element_id=jpigp_cor:TotalCurrentLiabilitiesIFRS; context_id=Prior1YearInstant
konami,current_liabilities,2026,2026-03-31,118410000000,JPY,consolidated,IFRS,reported,edinet-s100ykx5,element_id=jpigp_cor:TotalCurrentLiabilitiesIFRS; context_id=CurrentYearInstant
konami,operating_profit,2025,2025-03-31,101944000000,JPY,consolidated,IFRS,reported,edinet-s100ykx5,element_id=jpigp_cor:OperatingProfitLossIFRS; context_id=Prior1YearDuration
konami,operating_profit,2026,2026-03-31,135891000000,JPY,consolidated,IFRS,reported,edinet-s100ykx5,element_id=jpigp_cor:OperatingProfitLossIFRS; context_id=CurrentYearDuration
square-enix,revenue,2022,2022-03-31,365275000000,JPY,consolidated,JGAAP,reported,edinet-s100yhj4,element_id=jpcrp_cor:NetSalesSummaryOfBusinessResults; context_id=Prior4YearDuration
square-enix,revenue,2023,2023-03-31,343267000000,JPY,consolidated,JGAAP,reported,edinet-s100yhj4,element_id=jpcrp_cor:NetSalesSummaryOfBusinessResults; context_id=Prior3YearDuration
square-enix,revenue,2024,2024-03-31,356344000000,JPY,consolidated,JGAAP,reported,edinet-s100yhj4,element_id=jpcrp_cor:NetSalesSummaryOfBusinessResults; context_id=Prior2YearDuration
square-enix,revenue,2025,2025-03-31,324506000000,JPY,consolidated,JGAAP,reported,edinet-s100yhj4,element_id=jpcrp_cor:NetSalesSummaryOfBusinessResults; context_id=Prior1YearDuration
square-enix,revenue,2026,2026-03-31,297661000000,JPY,consolidated,JGAAP,reported,edinet-s100yhj4,element_id=jpcrp_cor:NetSalesSummaryOfBusinessResults; context_id=CurrentYearDuration
square-enix,equity_ratio,2022,2022-03-31,74.4,percent,consolidated,JGAAP,reported,edinet-s100yhj4,element_id=jpcrp_cor:EquityToAssetRatioSummaryOfBusinessResults; context_id=Prior4YearInstant
square-enix,equity_ratio,2023,2023-03-31,79.1,percent,consolidated,JGAAP,reported,edinet-s100yhj4,element_id=jpcrp_cor:EquityToAssetRatioSummaryOfBusinessResults; context_id=Prior3YearInstant
square-enix,equity_ratio,2024,2024-03-31,77,percent,consolidated,JGAAP,reported,edinet-s100yhj4,element_id=jpcrp_cor:EquityToAssetRatioSummaryOfBusinessResults; context_id=Prior2YearInstant
square-enix,equity_ratio,2025,2025-03-31,80.7,percent,consolidated,JGAAP,reported,edinet-s100yhj4,element_id=jpcrp_cor:EquityToAssetRatioSummaryOfBusinessResults; context_id=Prior1YearInstant
square-enix,equity_ratio,2026,2026-03-31,79.6,percent,consolidated,JGAAP,reported,edinet-s100yhj4,element_id=jpcrp_cor:EquityToAssetRatioSummaryOfBusinessResults; context_id=CurrentYearInstant
square-enix,operating_cf,2022,2022-03-31,27570000000,JPY,consolidated,JGAAP,reported,edinet-s100yhj4,element_id=jpcrp_cor:NetCashProvidedByUsedInOperatingActivitiesSummaryOfBusinessResults; context_id=Prior4YearDuration
square-enix,operating_cf,2023,2023-03-31,12226000000,JPY,consolidated,JGAAP,reported,edinet-s100yhj4,element_id=jpcrp_cor:NetCashProvidedByUsedInOperatingActivitiesSummaryOfBusinessResults; context_id=Prior3YearDuration
square-enix,operating_cf,2024,2024-03-31,52238000000,JPY,consolidated,JGAAP,reported,edinet-s100yhj4,element_id=jpcrp_cor:NetCashProvidedByUsedInOperatingActivitiesSummaryOfBusinessResults; context_id=Prior2YearDuration
square-enix,operating_cf,2025,2025-03-31,42781000000,JPY,consolidated,JGAAP,reported,edinet-s100yhj4,element_id=jpcrp_cor:NetCashProvidedByUsedInOperatingActivitiesSummaryOfBusinessResults; context_id=Prior1YearDuration
square-enix,operating_cf,2026,2026-03-31,51584000000,JPY,consolidated,JGAAP,reported,edinet-s100yhj4,element_id=jpcrp_cor:NetCashProvidedByUsedInOperatingActivitiesSummaryOfBusinessResults; context_id=CurrentYearDuration
square-enix,investing_cf,2022,2022-03-31,-8124000000,JPY,consolidated,JGAAP,reported,edinet-s100yhj4,element_id=jpcrp_cor:NetCashProvidedByUsedInInvestingActivitiesSummaryOfBusinessResults; context_id=Prior4YearDuration
square-enix,investing_cf,2023,2023-03-31,27602000000,JPY,consolidated,JGAAP,reported,edinet-s100yhj4,element_id=jpcrp_cor:NetCashProvidedByUsedInInvestingActivitiesSummaryOfBusinessResults; context_id=Prior3YearDuration
square-enix,investing_cf,2024,2024-03-31,-13214000000,JPY,consolidated,JGAAP,reported,edinet-s100yhj4,element_id=jpcrp_cor:NetCashProvidedByUsedInInvestingActivitiesSummaryOfBusinessResults; context_id=Prior2YearDuration
square-enix,investing_cf,2025,2025-03-31,-15114000000,JPY,consolidated,JGAAP,reported,edinet-s100yhj4,element_id=jpcrp_cor:NetCashProvidedByUsedInInvestingActivitiesSummaryOfBusinessResults; context_id=Prior1YearDuration
square-enix,investing_cf,2026,2026-03-31,-6209000000,JPY,consolidated,JGAAP,reported,edinet-s100yhj4,element_id=jpcrp_cor:NetCashProvidedByUsedInInvestingActivitiesSummaryOfBusinessResults; context_id=CurrentYearDuration
square-enix,financing_cf,2022,2022-03-31,-9343000000,JPY,consolidated,JGAAP,reported,edinet-s100yhj4,element_id=jpcrp_cor:NetCashProvidedByUsedInFinancingActivitiesSummaryOfBusinessResults; context_id=Prior4YearDuration
square-enix,financing_cf,2023,2023-03-31,-15523000000,JPY,consolidated,JGAAP,reported,edinet-s100yhj4,element_id=jpcrp_cor:NetCashProvidedByUsedInFinancingActivitiesSummaryOfBusinessResults; context_id=Prior3YearDuration
square-enix,financing_cf,2024,2024-03-31,-14787000000,JPY,consolidated,JGAAP,reported,edinet-s100yhj4,element_id=jpcrp_cor:NetCashProvidedByUsedInFinancingActivitiesSummaryOfBusinessResults; context_id=Prior2YearDuration
square-enix,financing_cf,2025,2025-03-31,-6600000000,JPY,consolidated,JGAAP,reported,edinet-s100yhj4,element_id=jpcrp_cor:NetCashProvidedByUsedInFinancingActivitiesSummaryOfBusinessResults; context_id=Prior1YearDuration
square-enix,financing_cf,2026,2026-03-31,-18430000000,JPY,consolidated,JGAAP,reported,edinet-s100yhj4,element_id=jpcrp_cor:NetCashProvidedByUsedInFinancingActivitiesSummaryOfBusinessResults; context_id=CurrentYearDuration
square-enix,employee_count,2022,2022-03-31,5637,persons,consolidated,,reported,edinet-s100yhj4,element_id=jpcrp_cor:NumberOfEmployees; context_id=Prior4YearInstant
square-enix,employee_count,2023,2023-03-31,4712,persons,consolidated,,reported,edinet-s100yhj4,element_id=jpcrp_cor:NumberOfEmployees; context_id=Prior3YearInstant
square-enix,employee_count,2024,2024-03-31,4770,persons,consolidated,,reported,edinet-s100yhj4,element_id=jpcrp_cor:NumberOfEmployees; context_id=Prior2YearInstant
square-enix,employee_count,2025,2025-03-31,4604,persons,consolidated,,reported,edinet-s100yhj4,element_id=jpcrp_cor:NumberOfEmployees; context_id=Prior1YearInstant
square-enix,employee_count,2026,2026-03-31,4290,persons,consolidated,,reported,edinet-s100yhj4,element_id=jpcrp_cor:NumberOfEmployees; context_id=CurrentYearInstant
square-enix,average_age,2026,2026-03-31,48,years,non_consolidated,,reported,edinet-s100yhj4,element_id=jpcrp_cor:AverageAgeYearsInformationAboutReportingCompanyInformationAboutEmployees; context_id=CurrentYearInstant_NonConsolidatedMember
square-enix,average_tenure,2026,2026-03-31,5.9,years,non_consolidated,,reported,edinet-s100yhj4,element_id=jpcrp_cor:AverageLengthOfServiceYearsInformationAboutReportingCompanyInformationAboutEmployees; context_id=CurrentYearInstant_NonConsolidatedMember
square-enix,average_annual_salary,2026,2026-03-31,13150577,JPY,non_consolidated,,reported,edinet-s100yhj4,element_id=jpcrp_cor:AverageAnnualSalaryInformationAboutReportingCompanyInformationAboutEmployees; context_id=CurrentYearInstant_NonConsolidatedMember
square-enix,current_assets,2025,2025-03-31,344515000000,JPY,consolidated,,reported,edinet-s100yhj4,element_id=jppfs_cor:CurrentAssets; context_id=Prior1YearInstant
square-enix,current_assets,2026,2026-03-31,368393000000,JPY,consolidated,,reported,edinet-s100yhj4,element_id=jppfs_cor:CurrentAssets; context_id=CurrentYearInstant
square-enix,current_liabilities,2025,2025-03-31,67360000000,JPY,consolidated,,reported,edinet-s100yhj4,element_id=jppfs_cor:CurrentLiabilities; context_id=Prior1YearInstant
square-enix,current_liabilities,2026,2026-03-31,74730000000,JPY,consolidated,,reported,edinet-s100yhj4,element_id=jppfs_cor:CurrentLiabilities; context_id=CurrentYearInstant
square-enix,operating_profit,2025,2025-03-31,40580000000,JPY,consolidated,JGAAP,reported,edinet-s100yhj4,element_id=jppfs_cor:OperatingIncome; context_id=Prior1YearDuration
square-enix,operating_profit,2026,2026-03-31,54736000000,JPY,consolidated,JGAAP,reported,edinet-s100yhj4,element_id=jppfs_cor:OperatingIncome; context_id=CurrentYearDuration
sega-sammy,revenue,2022,2022-03-31,320949000000,JPY,consolidated,JGAAP,reported,edinet-s100yd3k,element_id=jpcrp_cor:NetSalesSummaryOfBusinessResults; context_id=Prior4YearDuration
sega-sammy,revenue,2023,2023-03-31,389635000000,JPY,consolidated,JGAAP,reported,edinet-s100yd3k,element_id=jpcrp_cor:NetSalesSummaryOfBusinessResults; context_id=Prior3YearDuration
sega-sammy,revenue,2024,2024-03-31,468925000000,JPY,consolidated,JGAAP,reported,edinet-s100yd3k,element_id=jpcrp_cor:NetSalesSummaryOfBusinessResults; context_id=Prior2YearDuration
sega-sammy,revenue,2025,2025-03-31,428948000000,JPY,consolidated,JGAAP,reported,edinet-s100yd3k,element_id=jpcrp_cor:NetSalesSummaryOfBusinessResults; context_id=Prior1YearDuration
sega-sammy,revenue,2026,2026-03-31,487542000000,JPY,consolidated,JGAAP,reported,edinet-s100yd3k,element_id=jpcrp_cor:NetSalesSummaryOfBusinessResults; context_id=CurrentYearDuration
sega-sammy,equity_ratio,2022,2022-03-31,67.1,percent,consolidated,JGAAP,reported,edinet-s100yd3k,element_id=jpcrp_cor:EquityToAssetRatioSummaryOfBusinessResults; context_id=Prior4YearInstant
sega-sammy,equity_ratio,2023,2023-03-31,66,percent,consolidated,JGAAP,reported,edinet-s100yd3k,element_id=jpcrp_cor:EquityToAssetRatioSummaryOfBusinessResults; context_id=Prior3YearInstant
sega-sammy,equity_ratio,2024,2024-03-31,54.6,percent,consolidated,JGAAP,reported,edinet-s100yd3k,element_id=jpcrp_cor:EquityToAssetRatioSummaryOfBusinessResults; context_id=Prior2YearInstant
sega-sammy,equity_ratio,2025,2025-03-31,59.1,percent,consolidated,JGAAP,reported,edinet-s100yd3k,element_id=jpcrp_cor:EquityToAssetRatioSummaryOfBusinessResults; context_id=Prior1YearInstant
sega-sammy,equity_ratio,2026,2026-03-31,56.5,percent,consolidated,JGAAP,reported,edinet-s100yd3k,element_id=jpcrp_cor:EquityToAssetRatioSummaryOfBusinessResults; context_id=CurrentYearInstant
sega-sammy,operating_cf,2022,2022-03-31,39607000000,JPY,consolidated,JGAAP,reported,edinet-s100yd3k,element_id=jpcrp_cor:NetCashProvidedByUsedInOperatingActivitiesSummaryOfBusinessResults; context_id=Prior4YearDuration
sega-sammy,operating_cf,2023,2023-03-31,44704000000,JPY,consolidated,JGAAP,reported,edinet-s100yd3k,element_id=jpcrp_cor:NetCashProvidedByUsedInOperatingActivitiesSummaryOfBusinessResults; context_id=Prior3YearDuration
sega-sammy,operating_cf,2024,2024-03-31,66862000000,JPY,consolidated,JGAAP,reported,edinet-s100yd3k,element_id=jpcrp_cor:NetCashProvidedByUsedInOperatingActivitiesSummaryOfBusinessResults; context_id=Prior2YearDuration
sega-sammy,operating_cf,2025,2025-03-31,20856000000,JPY,consolidated,JGAAP,reported,edinet-s100yd3k,element_id=jpcrp_cor:NetCashProvidedByUsedInOperatingActivitiesSummaryOfBusinessResults; context_id=Prior1YearDuration
sega-sammy,operating_cf,2026,2026-03-31,25940000000,JPY,consolidated,JGAAP,reported,edinet-s100yd3k,element_id=jpcrp_cor:NetCashProvidedByUsedInOperatingActivitiesSummaryOfBusinessResults; context_id=CurrentYearDuration
sega-sammy,investing_cf,2022,2022-03-31,-8794000000,JPY,consolidated,JGAAP,reported,edinet-s100yd3k,element_id=jpcrp_cor:NetCashProvidedByUsedInInvestingActivitiesSummaryOfBusinessResults; context_id=Prior4YearDuration
sega-sammy,investing_cf,2023,2023-03-31,-2351000000,JPY,consolidated,JGAAP,reported,edinet-s100yd3k,element_id=jpcrp_cor:NetCashProvidedByUsedInInvestingActivitiesSummaryOfBusinessResults; context_id=Prior3YearDuration
sega-sammy,investing_cf,2024,2024-03-31,-114538000000,JPY,consolidated,JGAAP,reported,edinet-s100yd3k,element_id=jpcrp_cor:NetCashProvidedByUsedInInvestingActivitiesSummaryOfBusinessResults; context_id=Prior2YearDuration
sega-sammy,investing_cf,2025,2025-03-31,-12543000000,JPY,consolidated,JGAAP,reported,edinet-s100yd3k,element_id=jpcrp_cor:NetCashProvidedByUsedInInvestingActivitiesSummaryOfBusinessResults; context_id=Prior1YearDuration
sega-sammy,investing_cf,2026,2026-03-31,-22514000000,JPY,consolidated,JGAAP,reported,edinet-s100yd3k,element_id=jpcrp_cor:NetCashProvidedByUsedInInvestingActivitiesSummaryOfBusinessResults; context_id=CurrentYearDuration
sega-sammy,financing_cf,2022,2022-03-31,-35970000000,JPY,consolidated,JGAAP,reported,edinet-s100yd3k,element_id=jpcrp_cor:NetCashProvidedByUsedInFinancingActivitiesSummaryOfBusinessResults; context_id=Prior4YearDuration
sega-sammy,financing_cf,2023,2023-03-31,-15358000000,JPY,consolidated,JGAAP,reported,edinet-s100yd3k,element_id=jpcrp_cor:NetCashProvidedByUsedInFinancingActivitiesSummaryOfBusinessResults; context_id=Prior3YearDuration
sega-sammy,financing_cf,2024,2024-03-31,79786000000,JPY,consolidated,JGAAP,reported,edinet-s100yd3k,element_id=jpcrp_cor:NetCashProvidedByUsedInFinancingActivitiesSummaryOfBusinessResults; context_id=Prior2YearDuration
sega-sammy,financing_cf,2025,2025-03-31,-27981000000,JPY,consolidated,JGAAP,reported,edinet-s100yd3k,element_id=jpcrp_cor:NetCashProvidedByUsedInFinancingActivitiesSummaryOfBusinessResults; context_id=Prior1YearDuration
sega-sammy,financing_cf,2026,2026-03-31,-56623000000,JPY,consolidated,JGAAP,reported,edinet-s100yd3k,element_id=jpcrp_cor:NetCashProvidedByUsedInFinancingActivitiesSummaryOfBusinessResults; context_id=CurrentYearDuration
sega-sammy,employee_count,2022,2022-03-31,7760,persons,consolidated,,reported,edinet-s100yd3k,element_id=jpcrp_cor:NumberOfEmployees; context_id=Prior4YearInstant
sega-sammy,employee_count,2023,2023-03-31,8219,persons,consolidated,,reported,edinet-s100yd3k,element_id=jpcrp_cor:NumberOfEmployees; context_id=Prior3YearInstant
sega-sammy,employee_count,2024,2024-03-31,8623,persons,consolidated,,reported,edinet-s100yd3k,element_id=jpcrp_cor:NumberOfEmployees; context_id=Prior2YearInstant
sega-sammy,employee_count,2025,2025-03-31,8147,persons,consolidated,,reported,edinet-s100yd3k,element_id=jpcrp_cor:NumberOfEmployees; context_id=Prior1YearInstant
sega-sammy,employee_count,2026,2026-03-31,9237,persons,consolidated,,reported,edinet-s100yd3k,element_id=jpcrp_cor:NumberOfEmployees; context_id=CurrentYearInstant
sega-sammy,average_age,2026,2026-03-31,43.1,years,non_consolidated,,reported,edinet-s100yd3k,element_id=jpcrp_cor:AverageAgeYearsInformationAboutReportingCompanyInformationAboutEmployees; context_id=CurrentYearInstant_NonConsolidatedMember
sega-sammy,average_tenure,2026,2026-03-31,4.9,years,non_consolidated,,reported,edinet-s100yd3k,element_id=jpcrp_cor:AverageLengthOfServiceYearsInformationAboutReportingCompanyInformationAboutEmployees; context_id=CurrentYearInstant_NonConsolidatedMember
sega-sammy,average_annual_salary,2026,2026-03-31,8844458,JPY,non_consolidated,,reported,edinet-s100yd3k,element_id=jpcrp_cor:AverageAnnualSalaryInformationAboutReportingCompanyInformationAboutEmployees; context_id=CurrentYearInstant_NonConsolidatedMember
sega-sammy,current_assets,2025,2025-03-31,388744000000,JPY,consolidated,,reported,edinet-s100yd3k,element_id=jppfs_cor:CurrentAssets; context_id=Prior1YearInstant
sega-sammy,current_assets,2026,2026-03-31,374711000000,JPY,consolidated,,reported,edinet-s100yd3k,element_id=jppfs_cor:CurrentAssets; context_id=CurrentYearInstant
sega-sammy,current_liabilities,2025,2025-03-31,94179000000,JPY,consolidated,,reported,edinet-s100yd3k,element_id=jppfs_cor:CurrentLiabilities; context_id=Prior1YearInstant
sega-sammy,current_liabilities,2026,2026-03-31,109147000000,JPY,consolidated,,reported,edinet-s100yd3k,element_id=jppfs_cor:CurrentLiabilities; context_id=CurrentYearInstant
sega-sammy,operating_profit,2025,2025-03-31,48124000000,JPY,consolidated,JGAAP,reported,edinet-s100yd3k,element_id=jppfs_cor:OperatingIncome; context_id=Prior1YearDuration
sega-sammy,operating_profit,2026,2026-03-31,47128000000,JPY,consolidated,JGAAP,reported,edinet-s100yd3k,element_id=jppfs_cor:OperatingIncome; context_id=CurrentYearDuration
koei-tecmo,revenue,2022,2022-03-31,72759000000,JPY,consolidated,JGAAP,reported,edinet-s100yees,element_id=jpcrp_cor:NetSalesSummaryOfBusinessResults; context_id=Prior4YearDuration
koei-tecmo,revenue,2023,2023-03-31,78417000000,JPY,consolidated,JGAAP,reported,edinet-s100yees,element_id=jpcrp_cor:NetSalesSummaryOfBusinessResults; context_id=Prior3YearDuration
koei-tecmo,revenue,2024,2024-03-31,84584000000,JPY,consolidated,JGAAP,reported,edinet-s100yees,element_id=jpcrp_cor:NetSalesSummaryOfBusinessResults; context_id=Prior2YearDuration
koei-tecmo,revenue,2025,2025-03-31,83150000000,JPY,consolidated,JGAAP,reported,edinet-s100yees,element_id=jpcrp_cor:NetSalesSummaryOfBusinessResults; context_id=Prior1YearDuration
koei-tecmo,revenue,2026,2026-03-31,88393000000,JPY,consolidated,JGAAP,reported,edinet-s100yees,element_id=jpcrp_cor:NetSalesSummaryOfBusinessResults; context_id=CurrentYearDuration
koei-tecmo,equity_ratio,2022,2022-03-31,62.6,percent,consolidated,JGAAP,reported,edinet-s100yees,element_id=jpcrp_cor:EquityToAssetRatioSummaryOfBusinessResults; context_id=Prior4YearInstant
koei-tecmo,equity_ratio,2023,2023-03-31,67.4,percent,consolidated,JGAAP,reported,edinet-s100yees,element_id=jpcrp_cor:EquityToAssetRatioSummaryOfBusinessResults; context_id=Prior3YearInstant
koei-tecmo,equity_ratio,2024,2024-03-31,71.1,percent,consolidated,JGAAP,reported,edinet-s100yees,element_id=jpcrp_cor:EquityToAssetRatioSummaryOfBusinessResults; context_id=Prior2YearInstant
koei-tecmo,equity_ratio,2025,2025-03-31,89.9,percent,consolidated,JGAAP,reported,edinet-s100yees,element_id=jpcrp_cor:EquityToAssetRatioSummaryOfBusinessResults; context_id=Prior1YearInstant
koei-tecmo,equity_ratio,2026,2026-03-31,86.7,percent,consolidated,JGAAP,reported,edinet-s100yees,element_id=jpcrp_cor:EquityToAssetRatioSummaryOfBusinessResults; context_id=CurrentYearInstant
koei-tecmo,operating_cf,2022,2022-03-31,24819000000,JPY,consolidated,JGAAP,reported,edinet-s100yees,element_id=jpcrp_cor:NetCashProvidedByUsedInOperatingActivitiesSummaryOfBusinessResults; context_id=Prior4YearDuration
koei-tecmo,operating_cf,2023,2023-03-31,29692000000,JPY,consolidated,JGAAP,reported,edinet-s100yees,element_id=jpcrp_cor:NetCashProvidedByUsedInOperatingActivitiesSummaryOfBusinessResults; context_id=Prior3YearDuration
koei-tecmo,operating_cf,2024,2024-03-31,36603000000,JPY,consolidated,JGAAP,reported,edinet-s100yees,element_id=jpcrp_cor:NetCashProvidedByUsedInOperatingActivitiesSummaryOfBusinessResults; context_id=Prior2YearDuration
koei-tecmo,operating_cf,2025,2025-03-31,34369000000,JPY,consolidated,JGAAP,reported,edinet-s100yees,element_id=jpcrp_cor:NetCashProvidedByUsedInOperatingActivitiesSummaryOfBusinessResults; context_id=Prior1YearDuration
koei-tecmo,operating_cf,2026,2026-03-31,33010000000,JPY,consolidated,JGAAP,reported,edinet-s100yees,element_id=jpcrp_cor:NetCashProvidedByUsedInOperatingActivitiesSummaryOfBusinessResults; context_id=CurrentYearDuration
koei-tecmo,investing_cf,2022,2022-03-31,-13168000000,JPY,consolidated,JGAAP,reported,edinet-s100yees,element_id=jpcrp_cor:NetCashProvidedByUsedInInvestingActivitiesSummaryOfBusinessResults; context_id=Prior4YearDuration
koei-tecmo,investing_cf,2023,2023-03-31,-21394000000,JPY,consolidated,JGAAP,reported,edinet-s100yees,element_id=jpcrp_cor:NetCashProvidedByUsedInInvestingActivitiesSummaryOfBusinessResults; context_id=Prior3YearDuration
koei-tecmo,investing_cf,2024,2024-03-31,-24859000000,JPY,consolidated,JGAAP,reported,edinet-s100yees,element_id=jpcrp_cor:NetCashProvidedByUsedInInvestingActivitiesSummaryOfBusinessResults; context_id=Prior2YearDuration
koei-tecmo,investing_cf,2025,2025-03-31,40973000000,JPY,consolidated,JGAAP,reported,edinet-s100yees,element_id=jpcrp_cor:NetCashProvidedByUsedInInvestingActivitiesSummaryOfBusinessResults; context_id=Prior1YearDuration
koei-tecmo,investing_cf,2026,2026-03-31,-12080000000,JPY,consolidated,JGAAP,reported,edinet-s100yees,element_id=jpcrp_cor:NetCashProvidedByUsedInInvestingActivitiesSummaryOfBusinessResults; context_id=CurrentYearDuration
koei-tecmo,financing_cf,2022,2022-03-31,-4561000000,JPY,consolidated,JGAAP,reported,edinet-s100yees,element_id=jpcrp_cor:NetCashProvidedByUsedInFinancingActivitiesSummaryOfBusinessResults; context_id=Prior4YearDuration
koei-tecmo,financing_cf,2023,2023-03-31,-16588000000,JPY,consolidated,JGAAP,reported,edinet-s100yees,element_id=jpcrp_cor:NetCashProvidedByUsedInFinancingActivitiesSummaryOfBusinessResults; context_id=Prior3YearDuration
koei-tecmo,financing_cf,2024,2024-03-31,-15475000000,JPY,consolidated,JGAAP,reported,edinet-s100yees,element_id=jpcrp_cor:NetCashProvidedByUsedInFinancingActivitiesSummaryOfBusinessResults; context_id=Prior2YearDuration
koei-tecmo,financing_cf,2025,2025-03-31,-63175000000,JPY,consolidated,JGAAP,reported,edinet-s100yees,element_id=jpcrp_cor:NetCashProvidedByUsedInFinancingActivitiesSummaryOfBusinessResults; context_id=Prior1YearDuration
koei-tecmo,financing_cf,2026,2026-03-31,12869000000,JPY,consolidated,JGAAP,reported,edinet-s100yees,element_id=jpcrp_cor:NetCashProvidedByUsedInFinancingActivitiesSummaryOfBusinessResults; context_id=CurrentYearDuration
koei-tecmo,employee_count,2022,2022-03-31,2063,persons,consolidated,,reported,edinet-s100yees,element_id=jpcrp_cor:NumberOfEmployees; context_id=Prior4YearInstant
koei-tecmo,employee_count,2023,2023-03-31,2381,persons,consolidated,,reported,edinet-s100yees,element_id=jpcrp_cor:NumberOfEmployees; context_id=Prior3YearInstant
koei-tecmo,employee_count,2024,2024-03-31,2531,persons,consolidated,,reported,edinet-s100yees,element_id=jpcrp_cor:NumberOfEmployees; context_id=Prior2YearInstant
koei-tecmo,employee_count,2025,2025-03-31,2684,persons,consolidated,,reported,edinet-s100yees,element_id=jpcrp_cor:NumberOfEmployees; context_id=Prior1YearInstant
koei-tecmo,employee_count,2026,2026-03-31,2835,persons,consolidated,,reported,edinet-s100yees,element_id=jpcrp_cor:NumberOfEmployees; context_id=CurrentYearInstant
koei-tecmo,average_age,2026,2026-03-31,38.8,years,non_consolidated,,reported,edinet-s100yees,element_id=jpcrp_cor:AverageAgeYearsInformationAboutReportingCompanyInformationAboutEmployees; context_id=CurrentYearInstant_NonConsolidatedMember
koei-tecmo,average_tenure,2026,2026-03-31,9.8,years,non_consolidated,,reported,edinet-s100yees,element_id=jpcrp_cor:AverageLengthOfServiceYearsInformationAboutReportingCompanyInformationAboutEmployees; context_id=CurrentYearInstant_NonConsolidatedMember
koei-tecmo,average_annual_salary,2026,2026-03-31,9035323,JPY,non_consolidated,,reported,edinet-s100yees,element_id=jpcrp_cor:AverageAnnualSalaryInformationAboutReportingCompanyInformationAboutEmployees; context_id=CurrentYearInstant_NonConsolidatedMember
koei-tecmo,current_assets,2025,2025-03-31,61484000000,JPY,consolidated,,reported,edinet-s100yees,element_id=jppfs_cor:CurrentAssets; context_id=Prior1YearInstant
koei-tecmo,current_assets,2026,2026-03-31,139608000000,JPY,consolidated,,reported,edinet-s100yees,element_id=jppfs_cor:CurrentAssets; context_id=CurrentYearInstant
koei-tecmo,current_liabilities,2025,2025-03-31,18914000000,JPY,consolidated,,reported,edinet-s100yees,element_id=jppfs_cor:CurrentLiabilities; context_id=Prior1YearInstant
koei-tecmo,current_liabilities,2026,2026-03-31,30349000000,JPY,consolidated,,reported,edinet-s100yees,element_id=jppfs_cor:CurrentLiabilities; context_id=CurrentYearInstant
koei-tecmo,operating_profit,2025,2025-03-31,32119000000,JPY,consolidated,JGAAP,reported,edinet-s100yees,element_id=jppfs_cor:OperatingIncome; context_id=Prior1YearDuration
koei-tecmo,operating_profit,2026,2026-03-31,37168000000,JPY,consolidated,JGAAP,reported,edinet-s100yees,element_id=jppfs_cor:OperatingIncome; context_id=CurrentYearDuration
keyence,employee_count,2021,2021-03-20,8380,persons,consolidated,,reported,edinet-s100vwnu,element_id=jpcrp_cor:NumberOfEmployees; context_id=Prior4YearInstant
keyence,employee_count,2022,2022-03-20,8961,persons,consolidated,,reported,edinet-s100vwnu,element_id=jpcrp_cor:NumberOfEmployees; context_id=Prior3YearInstant
keyence,employee_count,2023,2023-03-20,10580,persons,consolidated,,reported,edinet-s100vwnu,element_id=jpcrp_cor:NumberOfEmployees; context_id=Prior2YearInstant
keyence,employee_count,2024,2024-03-20,12286,persons,consolidated,,reported,edinet-s100vwnu,element_id=jpcrp_cor:NumberOfEmployees; context_id=Prior1YearInstant
keyence,employee_count,2025,2025-03-20,12261,persons,consolidated,,reported,edinet-s100vwnu,element_id=jpcrp_cor:NumberOfEmployees; context_id=CurrentYearInstant
keyence,average_age,2025,2025-03-20,34.8,years,non_consolidated,,reported,edinet-s100vwnu,element_id=jpcrp_cor:AverageAgeYearsInformationAboutReportingCompanyInformationAboutEmployees; context_id=CurrentYearInstant_NonConsolidatedMember
keyence,average_tenure,2025,2025-03-20,11.1,years,non_consolidated,,reported,edinet-s100vwnu,element_id=jpcrp_cor:AverageLengthOfServiceYearsInformationAboutReportingCompanyInformationAboutEmployees; context_id=CurrentYearInstant_NonConsolidatedMember
keyence,average_annual_salary,2025,2025-03-20,20391138,JPY,non_consolidated,,reported,edinet-s100vwnu,element_id=jpcrp_cor:AverageAnnualSalaryInformationAboutReportingCompanyInformationAboutEmployees; context_id=CurrentYearInstant_NonConsolidatedMember
keyence,current_assets,2024,2024-03-20,1531827000000,JPY,consolidated,,reported,edinet-s100vwnu,element_id=jppfs_cor:CurrentAssets; context_id=Prior1YearInstant
keyence,current_assets,2025,2025-03-20,1632589000000,JPY,consolidated,,reported,edinet-s100vwnu,element_id=jppfs_cor:CurrentAssets; context_id=CurrentYearInstant
keyence,current_liabilities,2024,2024-03-20,145362000000,JPY,consolidated,,reported,edinet-s100vwnu,element_id=jppfs_cor:CurrentLiabilities; context_id=Prior1YearInstant
keyence,current_liabilities,2025,2025-03-20,168040000000,JPY,consolidated,,reported,edinet-s100vwnu,element_id=jppfs_cor:CurrentLiabilities; context_id=CurrentYearInstant
sony-group,equity_ratio,2021,2021-03-31,24.3,percent,consolidated,IFRS,reported,edinet-s100w19q,element_id=jpcrp_cor:RatioOfOwnersEquityToGrossAssetsIFRSSummaryOfBusinessResults; context_id=Prior4YearInstant
sony-group,equity_ratio,2022,2022-03-31,23.4,percent,consolidated,IFRS,reported,edinet-s100w19q,element_id=jpcrp_cor:RatioOfOwnersEquityToGrossAssetsIFRSSummaryOfBusinessResults; context_id=Prior3YearInstant
sony-group,equity_ratio,2023,2023-03-31,21.2,percent,consolidated,IFRS,reported,edinet-s100w19q,element_id=jpcrp_cor:RatioOfOwnersEquityToGrossAssetsIFRSSummaryOfBusinessResults; context_id=Prior2YearInstant
sony-group,equity_ratio,2024,2024-03-31,22.2,percent,consolidated,IFRS,reported,edinet-s100w19q,element_id=jpcrp_cor:RatioOfOwnersEquityToGrossAssetsIFRSSummaryOfBusinessResults; context_id=Prior1YearInstant
sony-group,equity_ratio,2025,2025-03-31,23.2,percent,consolidated,IFRS,reported,edinet-s100w19q,element_id=jpcrp_cor:RatioOfOwnersEquityToGrossAssetsIFRSSummaryOfBusinessResults; context_id=CurrentYearInstant
sony-group,operating_cf,2021,2021-03-31,1140217000000,JPY,consolidated,IFRS,reported,edinet-s100w19q,element_id=jpcrp_cor:CashFlowsFromUsedInOperatingActivitiesIFRSSummaryOfBusinessResults; context_id=Prior4YearDuration
sony-group,operating_cf,2022,2022-03-31,1233643000000,JPY,consolidated,IFRS,reported,edinet-s100w19q,element_id=jpcrp_cor:CashFlowsFromUsedInOperatingActivitiesIFRSSummaryOfBusinessResults; context_id=Prior3YearDuration
sony-group,operating_cf,2023,2023-03-31,314691000000,JPY,consolidated,IFRS,reported,edinet-s100w19q,element_id=jpcrp_cor:CashFlowsFromUsedInOperatingActivitiesIFRSSummaryOfBusinessResults; context_id=Prior2YearDuration
sony-group,operating_cf,2024,2024-03-31,1373213000000,JPY,consolidated,IFRS,reported,edinet-s100w19q,element_id=jpcrp_cor:CashFlowsFromUsedInOperatingActivitiesIFRSSummaryOfBusinessResults; context_id=Prior1YearDuration
sony-group,operating_cf,2025,2025-03-31,2321675000000,JPY,consolidated,IFRS,reported,edinet-s100w19q,element_id=jpcrp_cor:CashFlowsFromUsedInOperatingActivitiesIFRSSummaryOfBusinessResults; context_id=CurrentYearDuration
sony-group,investing_cf,2021,2021-03-31,-563910000000,JPY,consolidated,IFRS,reported,edinet-s100w19q,element_id=jpcrp_cor:CashFlowsFromUsedInInvestingActivitiesIFRSSummaryOfBusinessResults; context_id=Prior4YearDuration
sony-group,investing_cf,2022,2022-03-31,-728780000000,JPY,consolidated,IFRS,reported,edinet-s100w19q,element_id=jpcrp_cor:CashFlowsFromUsedInInvestingActivitiesIFRSSummaryOfBusinessResults; context_id=Prior3YearDuration
sony-group,investing_cf,2023,2023-03-31,-1052664000000,JPY,consolidated,IFRS,reported,edinet-s100w19q,element_id=jpcrp_cor:CashFlowsFromUsedInInvestingActivitiesIFRSSummaryOfBusinessResults; context_id=Prior2YearDuration
sony-group,investing_cf,2024,2024-03-31,-818886000000,JPY,consolidated,IFRS,reported,edinet-s100w19q,element_id=jpcrp_cor:CashFlowsFromUsedInInvestingActivitiesIFRSSummaryOfBusinessResults; context_id=Prior1YearDuration
sony-group,investing_cf,2025,2025-03-31,-930120000000,JPY,consolidated,IFRS,reported,edinet-s100w19q,element_id=jpcrp_cor:CashFlowsFromUsedInInvestingActivitiesIFRSSummaryOfBusinessResults; context_id=CurrentYearDuration
sony-group,financing_cf,2021,2021-03-31,-338533000000,JPY,consolidated,IFRS,reported,edinet-s100w19q,element_id=jpcrp_cor:CashFlowsFromUsedInFinancingActivitiesIFRSSummaryOfBusinessResults; context_id=Prior4YearDuration
sony-group,financing_cf,2022,2022-03-31,-336578000000,JPY,consolidated,IFRS,reported,edinet-s100w19q,element_id=jpcrp_cor:CashFlowsFromUsedInFinancingActivitiesIFRSSummaryOfBusinessResults; context_id=Prior3YearDuration
sony-group,financing_cf,2023,2023-03-31,84300000000,JPY,consolidated,IFRS,reported,edinet-s100w19q,element_id=jpcrp_cor:CashFlowsFromUsedInFinancingActivitiesIFRSSummaryOfBusinessResults; context_id=Prior2YearDuration
sony-group,financing_cf,2024,2024-03-31,-210709000000,JPY,consolidated,IFRS,reported,edinet-s100w19q,element_id=jpcrp_cor:CashFlowsFromUsedInFinancingActivitiesIFRSSummaryOfBusinessResults; context_id=Prior1YearDuration
sony-group,financing_cf,2025,2025-03-31,-298243000000,JPY,consolidated,IFRS,reported,edinet-s100w19q,element_id=jpcrp_cor:CashFlowsFromUsedInFinancingActivitiesIFRSSummaryOfBusinessResults; context_id=CurrentYearDuration
sony-group,employee_count,2021,2021-03-31,109700,persons,consolidated,,reported,edinet-s100w19q,element_id=jpcrp_cor:NumberOfEmployees; context_id=Prior4YearInstant
sony-group,employee_count,2022,2022-03-31,108900,persons,consolidated,,reported,edinet-s100w19q,element_id=jpcrp_cor:NumberOfEmployees; context_id=Prior3YearInstant
sony-group,employee_count,2023,2023-03-31,113000,persons,consolidated,,reported,edinet-s100w19q,element_id=jpcrp_cor:NumberOfEmployees; context_id=Prior2YearInstant
sony-group,employee_count,2024,2024-03-31,113000,persons,consolidated,,reported,edinet-s100w19q,element_id=jpcrp_cor:NumberOfEmployees; context_id=Prior1YearInstant
sony-group,employee_count,2025,2025-03-31,112300,persons,consolidated,,reported,edinet-s100w19q,element_id=jpcrp_cor:NumberOfEmployees; context_id=CurrentYearInstant
sony-group,average_age,2025,2025-03-31,42.5,years,non_consolidated,,reported,edinet-s100w19q,element_id=jpcrp_cor:AverageAgeYearsInformationAboutReportingCompanyInformationAboutEmployees; context_id=CurrentYearInstant_NonConsolidatedMember
sony-group,average_tenure,2025,2025-03-31,15.8,years,non_consolidated,,reported,edinet-s100w19q,element_id=jpcrp_cor:AverageLengthOfServiceYearsInformationAboutReportingCompanyInformationAboutEmployees; context_id=CurrentYearInstant_NonConsolidatedMember
sony-group,average_annual_salary,2025,2025-03-31,11183744,JPY,non_consolidated,,reported,edinet-s100w19q,element_id=jpcrp_cor:AverageAnnualSalaryInformationAboutReportingCompanyInformationAboutEmployees; context_id=CurrentYearInstant_NonConsolidatedMember
sony-group,current_assets,2024,2024-03-31,6776806000000,JPY,consolidated,IFRS,reported,edinet-s100w19q,element_id=jpigp_cor:CurrentAssetsIFRS; context_id=Prior1YearInstant
sony-group,current_assets,2025,2025-03-31,7454988000000,JPY,consolidated,IFRS,reported,edinet-s100w19q,element_id=jpigp_cor:CurrentAssetsIFRS; context_id=CurrentYearInstant
sony-group,current_liabilities,2024,2024-03-31,10192045000000,JPY,consolidated,IFRS,reported,edinet-s100w19q,element_id=jpigp_cor:TotalCurrentLiabilitiesIFRS; context_id=Prior1YearInstant
sony-group,current_liabilities,2025,2025-03-31,10688788000000,JPY,consolidated,IFRS,reported,edinet-s100w19q,element_id=jpigp_cor:TotalCurrentLiabilitiesIFRS; context_id=CurrentYearInstant
sony-group,operating_profit,2024,2024-03-31,1208831000000,JPY,consolidated,IFRS,reported,edinet-s100w19q,element_id=jpcrp030000-asr_E01777-000:OperatingProfitLossIFRSKeyFinancialData; context_id=Prior1YearDuration
sony-group,operating_profit,2025,2025-03-31,1407163000000,JPY,consolidated,IFRS,reported,edinet-s100w19q,element_id=jpcrp030000-asr_E01777-000:OperatingProfitLossIFRSKeyFinancialData; context_id=CurrentYearDuration
panasonic-holdings,revenue,2021,2021-03-31,6698794000000,JPY,consolidated,IFRS,reported,edinet-s100w0f3,element_id=jpcrp_cor:RevenueIFRSSummaryOfBusinessResults; context_id=Prior4YearDuration
panasonic-holdings,revenue,2022,2022-03-31,7388791000000,JPY,consolidated,IFRS,reported,edinet-s100w0f3,element_id=jpcrp_cor:RevenueIFRSSummaryOfBusinessResults; context_id=Prior3YearDuration
panasonic-holdings,revenue,2023,2023-03-31,8378942000000,JPY,consolidated,IFRS,reported,edinet-s100w0f3,element_id=jpcrp_cor:RevenueIFRSSummaryOfBusinessResults; context_id=Prior2YearDuration
panasonic-holdings,revenue,2024,2024-03-31,8496420000000,JPY,consolidated,IFRS,reported,edinet-s100w0f3,element_id=jpcrp_cor:RevenueIFRSSummaryOfBusinessResults; context_id=Prior1YearDuration
panasonic-holdings,revenue,2025,2025-03-31,8458185000000,JPY,consolidated,IFRS,reported,edinet-s100w0f3,element_id=jpcrp_cor:RevenueIFRSSummaryOfBusinessResults; context_id=CurrentYearDuration
panasonic-holdings,equity_ratio,2021,2021-03-31,37.9,percent,consolidated,IFRS,reported,edinet-s100w0f3,element_id=jpcrp_cor:RatioOfOwnersEquityToGrossAssetsIFRSSummaryOfBusinessResults; context_id=Prior4YearInstant
panasonic-holdings,equity_ratio,2022,2022-03-31,39.4,percent,consolidated,IFRS,reported,edinet-s100w0f3,element_id=jpcrp_cor:RatioOfOwnersEquityToGrossAssetsIFRSSummaryOfBusinessResults; context_id=Prior3YearInstant
panasonic-holdings,equity_ratio,2023,2023-03-31,44.9,percent,consolidated,IFRS,reported,edinet-s100w0f3,element_id=jpcrp_cor:RatioOfOwnersEquityToGrossAssetsIFRSSummaryOfBusinessResults; context_id=Prior2YearInstant
panasonic-holdings,equity_ratio,2024,2024-03-31,48.3,percent,consolidated,IFRS,reported,edinet-s100w0f3,element_id=jpcrp_cor:RatioOfOwnersEquityToGrossAssetsIFRSSummaryOfBusinessResults; context_id=Prior1YearInstant
panasonic-holdings,equity_ratio,2025,2025-03-31,50.2,percent,consolidated,IFRS,reported,edinet-s100w0f3,element_id=jpcrp_cor:RatioOfOwnersEquityToGrossAssetsIFRSSummaryOfBusinessResults; context_id=CurrentYearInstant
panasonic-holdings,operating_cf,2021,2021-03-31,504038000000,JPY,consolidated,IFRS,reported,edinet-s100w0f3,element_id=jpcrp_cor:CashFlowsFromUsedInOperatingActivitiesIFRSSummaryOfBusinessResults; context_id=Prior4YearDuration
panasonic-holdings,operating_cf,2022,2022-03-31,252630000000,JPY,consolidated,IFRS,reported,edinet-s100w0f3,element_id=jpcrp_cor:CashFlowsFromUsedInOperatingActivitiesIFRSSummaryOfBusinessResults; context_id=Prior3YearDuration
panasonic-holdings,operating_cf,2023,2023-03-31,520742000000,JPY,consolidated,IFRS,reported,edinet-s100w0f3,element_id=jpcrp_cor:CashFlowsFromUsedInOperatingActivitiesIFRSSummaryOfBusinessResults; context_id=Prior2YearDuration
panasonic-holdings,operating_cf,2024,2024-03-31,866898000000,JPY,consolidated,IFRS,reported,edinet-s100w0f3,element_id=jpcrp_cor:CashFlowsFromUsedInOperatingActivitiesIFRSSummaryOfBusinessResults; context_id=Prior1YearDuration
panasonic-holdings,operating_cf,2025,2025-03-31,796083000000,JPY,consolidated,IFRS,reported,edinet-s100w0f3,element_id=jpcrp_cor:CashFlowsFromUsedInOperatingActivitiesIFRSSummaryOfBusinessResults; context_id=CurrentYearDuration
panasonic-holdings,investing_cf,2021,2021-03-31,176596000000,JPY,consolidated,IFRS,reported,edinet-s100w0f3,element_id=jpcrp_cor:CashFlowsFromUsedInInvestingActivitiesIFRSSummaryOfBusinessResults; context_id=Prior4YearDuration
panasonic-holdings,investing_cf,2022,2022-03-31,-796149000000,JPY,consolidated,IFRS,reported,edinet-s100w0f3,element_id=jpcrp_cor:CashFlowsFromUsedInInvestingActivitiesIFRSSummaryOfBusinessResults; context_id=Prior3YearDuration
panasonic-holdings,investing_cf,2023,2023-03-31,-344033000000,JPY,consolidated,IFRS,reported,edinet-s100w0f3,element_id=jpcrp_cor:CashFlowsFromUsedInInvestingActivitiesIFRSSummaryOfBusinessResults; context_id=Prior2YearDuration
panasonic-holdings,investing_cf,2024,2024-03-31,-578843000000,JPY,consolidated,IFRS,reported,edinet-s100w0f3,element_id=jpcrp_cor:CashFlowsFromUsedInInvestingActivitiesIFRSSummaryOfBusinessResults; context_id=Prior1YearDuration
panasonic-holdings,investing_cf,2025,2025-03-31,-859926000000,JPY,consolidated,IFRS,reported,edinet-s100w0f3,element_id=jpcrp_cor:CashFlowsFromUsedInInvestingActivitiesIFRSSummaryOfBusinessResults; context_id=CurrentYearDuration
panasonic-holdings,financing_cf,2021,2021-03-31,-177704000000,JPY,consolidated,IFRS,reported,edinet-s100w0f3,element_id=jpcrp_cor:CashFlowsFromUsedInFinancingActivitiesIFRSSummaryOfBusinessResults; context_id=Prior4YearDuration
panasonic-holdings,financing_cf,2022,2022-03-31,58910000000,JPY,consolidated,IFRS,reported,edinet-s100w0f3,element_id=jpcrp_cor:CashFlowsFromUsedInFinancingActivitiesIFRSSummaryOfBusinessResults; context_id=Prior3YearDuration
panasonic-holdings,financing_cf,2023,2023-03-31,-607013000000,JPY,consolidated,IFRS,reported,edinet-s100w0f3,element_id=jpcrp_cor:CashFlowsFromUsedInFinancingActivitiesIFRSSummaryOfBusinessResults; context_id=Prior2YearDuration
panasonic-holdings,financing_cf,2024,2024-03-31,-83494000000,JPY,consolidated,IFRS,reported,edinet-s100w0f3,element_id=jpcrp_cor:CashFlowsFromUsedInFinancingActivitiesIFRSSummaryOfBusinessResults; context_id=Prior1YearDuration
panasonic-holdings,financing_cf,2025,2025-03-31,-190347000000,JPY,consolidated,IFRS,reported,edinet-s100w0f3,element_id=jpcrp_cor:CashFlowsFromUsedInFinancingActivitiesIFRSSummaryOfBusinessResults; context_id=CurrentYearDuration
panasonic-holdings,employee_count,2021,2021-03-31,243540,persons,consolidated,,reported,edinet-s100w0f3,element_id=jpcrp_cor:NumberOfEmployees; context_id=Prior4YearInstant
panasonic-holdings,employee_count,2022,2022-03-31,240198,persons,consolidated,,reported,edinet-s100w0f3,element_id=jpcrp_cor:NumberOfEmployees; context_id=Prior3YearInstant
panasonic-holdings,employee_count,2023,2023-03-31,233391,persons,consolidated,,reported,edinet-s100w0f3,element_id=jpcrp_cor:NumberOfEmployees; context_id=Prior2YearInstant
panasonic-holdings,employee_count,2024,2024-03-31,228420,persons,consolidated,,reported,edinet-s100w0f3,element_id=jpcrp_cor:NumberOfEmployees; context_id=Prior1YearInstant
panasonic-holdings,employee_count,2025,2025-03-31,207548,persons,consolidated,,reported,edinet-s100w0f3,element_id=jpcrp_cor:NumberOfEmployees; context_id=CurrentYearInstant
panasonic-holdings,average_age,2025,2025-03-31,44,years,non_consolidated,,reported,edinet-s100w0f3,element_id=jpcrp_cor:AverageAgeYearsInformationAboutReportingCompanyInformationAboutEmployees; context_id=CurrentYearInstant_NonConsolidatedMember
panasonic-holdings,average_tenure,2025,2025-03-31,17.9,years,non_consolidated,,reported,edinet-s100w0f3,element_id=jpcrp_cor:AverageLengthOfServiceYearsInformationAboutReportingCompanyInformationAboutEmployees; context_id=CurrentYearInstant_NonConsolidatedMember
panasonic-holdings,average_annual_salary,2025,2025-03-31,9561871,JPY,non_consolidated,,reported,edinet-s100w0f3,element_id=jpcrp_cor:AverageAnnualSalaryInformationAboutReportingCompanyInformationAboutEmployees; context_id=CurrentYearInstant_NonConsolidatedMember
panasonic-holdings,current_assets,2024,2024-03-31,4152758000000,JPY,consolidated,IFRS,reported,edinet-s100w0f3,element_id=jpigp_cor:CurrentAssetsIFRS; context_id=Prior1YearInstant
panasonic-holdings,current_assets,2025,2025-03-31,3615479000000,JPY,consolidated,IFRS,reported,edinet-s100w0f3,element_id=jpigp_cor:CurrentAssetsIFRS; context_id=CurrentYearInstant
panasonic-holdings,current_liabilities,2024,2024-03-31,3121687000000,JPY,consolidated,IFRS,reported,edinet-s100w0f3,element_id=jpigp_cor:TotalCurrentLiabilitiesIFRS; context_id=Prior1YearInstant
panasonic-holdings,current_liabilities,2025,2025-03-31,2682753000000,JPY,consolidated,IFRS,reported,edinet-s100w0f3,element_id=jpigp_cor:TotalCurrentLiabilitiesIFRS; context_id=CurrentYearInstant
panasonic-holdings,operating_profit,2024,2024-03-31,360962000000,JPY,consolidated,IFRS,reported,edinet-s100w0f3,element_id=jpigp_cor:OperatingProfitLossIFRS; context_id=Prior1YearDuration
panasonic-holdings,operating_profit,2025,2025-03-31,426490000000,JPY,consolidated,IFRS,reported,edinet-s100w0f3,element_id=jpigp_cor:OperatingProfitLossIFRS; context_id=CurrentYearDuration
toyota-motor,equity_ratio,2021,2021-03-31,37.6,percent,consolidated,IFRS,reported,edinet-s100vwvy,element_id=jpcrp_cor:RatioOfOwnersEquityToGrossAssetsIFRSSummaryOfBusinessResults; context_id=Prior4YearInstant
toyota-motor,equity_ratio,2022,2022-03-31,38.8,percent,consolidated,IFRS,reported,edinet-s100vwvy,element_id=jpcrp_cor:RatioOfOwnersEquityToGrossAssetsIFRSSummaryOfBusinessResults; context_id=Prior3YearInstant
toyota-motor,equity_ratio,2023,2023-03-31,38.1,percent,consolidated,IFRS,reported,edinet-s100vwvy,element_id=jpcrp_cor:RatioOfOwnersEquityToGrossAssetsIFRSSummaryOfBusinessResults; context_id=Prior2YearInstant
toyota-motor,equity_ratio,2024,2024-03-31,38,percent,consolidated,IFRS,reported,edinet-s100vwvy,element_id=jpcrp_cor:RatioOfOwnersEquityToGrossAssetsIFRSSummaryOfBusinessResults; context_id=Prior1YearInstant
toyota-motor,equity_ratio,2025,2025-03-31,38.4,percent,consolidated,IFRS,reported,edinet-s100vwvy,element_id=jpcrp_cor:RatioOfOwnersEquityToGrossAssetsIFRSSummaryOfBusinessResults; context_id=CurrentYearInstant
toyota-motor,operating_cf,2021,2021-03-31,2727162000000,JPY,consolidated,IFRS,reported,edinet-s100vwvy,element_id=jpcrp_cor:CashFlowsFromUsedInOperatingActivitiesIFRSSummaryOfBusinessResults; context_id=Prior4YearDuration
toyota-motor,operating_cf,2022,2022-03-31,3722615000000,JPY,consolidated,IFRS,reported,edinet-s100vwvy,element_id=jpcrp_cor:CashFlowsFromUsedInOperatingActivitiesIFRSSummaryOfBusinessResults; context_id=Prior3YearDuration
toyota-motor,operating_cf,2023,2023-03-31,2955076000000,JPY,consolidated,IFRS,reported,edinet-s100vwvy,element_id=jpcrp_cor:CashFlowsFromUsedInOperatingActivitiesIFRSSummaryOfBusinessResults; context_id=Prior2YearDuration
toyota-motor,operating_cf,2024,2024-03-31,4206373000000,JPY,consolidated,IFRS,reported,edinet-s100vwvy,element_id=jpcrp_cor:CashFlowsFromUsedInOperatingActivitiesIFRSSummaryOfBusinessResults; context_id=Prior1YearDuration
toyota-motor,operating_cf,2025,2025-03-31,3696934000000,JPY,consolidated,IFRS,reported,edinet-s100vwvy,element_id=jpcrp_cor:CashFlowsFromUsedInOperatingActivitiesIFRSSummaryOfBusinessResults; context_id=CurrentYearDuration
toyota-motor,investing_cf,2021,2021-03-31,-4684175000000,JPY,consolidated,IFRS,reported,edinet-s100vwvy,element_id=jpcrp_cor:CashFlowsFromUsedInInvestingActivitiesIFRSSummaryOfBusinessResults; context_id=Prior4YearDuration
toyota-motor,investing_cf,2022,2022-03-31,-577496000000,JPY,consolidated,IFRS,reported,edinet-s100vwvy,element_id=jpcrp_cor:CashFlowsFromUsedInInvestingActivitiesIFRSSummaryOfBusinessResults; context_id=Prior3YearDuration
toyota-motor,investing_cf,2023,2023-03-31,-1598890000000,JPY,consolidated,IFRS,reported,edinet-s100vwvy,element_id=jpcrp_cor:CashFlowsFromUsedInInvestingActivitiesIFRSSummaryOfBusinessResults; context_id=Prior2YearDuration
toyota-motor,investing_cf,2024,2024-03-31,-4998751000000,JPY,consolidated,IFRS,reported,edinet-s100vwvy,element_id=jpcrp_cor:CashFlowsFromUsedInInvestingActivitiesIFRSSummaryOfBusinessResults; context_id=Prior1YearDuration
toyota-motor,investing_cf,2025,2025-03-31,-4189736000000,JPY,consolidated,IFRS,reported,edinet-s100vwvy,element_id=jpcrp_cor:CashFlowsFromUsedInInvestingActivitiesIFRSSummaryOfBusinessResults; context_id=CurrentYearDuration
toyota-motor,financing_cf,2021,2021-03-31,2739174000000,JPY,consolidated,IFRS,reported,edinet-s100vwvy,element_id=jpcrp_cor:CashFlowsFromUsedInFinancingActivitiesIFRSSummaryOfBusinessResults; context_id=Prior4YearDuration
toyota-motor,financing_cf,2022,2022-03-31,-2466516000000,JPY,consolidated,IFRS,reported,edinet-s100vwvy,element_id=jpcrp_cor:CashFlowsFromUsedInFinancingActivitiesIFRSSummaryOfBusinessResults; context_id=Prior3YearDuration
toyota-motor,financing_cf,2023,2023-03-31,-56180000000,JPY,consolidated,IFRS,reported,edinet-s100vwvy,element_id=jpcrp_cor:CashFlowsFromUsedInFinancingActivitiesIFRSSummaryOfBusinessResults; context_id=Prior2YearDuration
toyota-motor,financing_cf,2024,2024-03-31,2497558000000,JPY,consolidated,IFRS,reported,edinet-s100vwvy,element_id=jpcrp_cor:CashFlowsFromUsedInFinancingActivitiesIFRSSummaryOfBusinessResults; context_id=Prior1YearDuration
toyota-motor,financing_cf,2025,2025-03-31,197236000000,JPY,consolidated,IFRS,reported,edinet-s100vwvy,element_id=jpcrp_cor:CashFlowsFromUsedInFinancingActivitiesIFRSSummaryOfBusinessResults; context_id=CurrentYearDuration
toyota-motor,employee_count,2025,2025-03-31,383853,persons,consolidated,,reported,edinet-s100vwvy,element_id=jpcrp030000-asr_E02144-000:NumberOfEmployeesIFRSSummaryOfBusinessResults; context_id=CurrentYearDuration
toyota-motor,average_age,2025,2025-03-31,40.7,years,non_consolidated,,reported,edinet-s100vwvy,element_id=jpcrp_cor:AverageAgeYearsInformationAboutReportingCompanyInformationAboutEmployees; context_id=CurrentYearInstant_NonConsolidatedMember
toyota-motor,average_tenure,2025,2025-03-31,15.6,years,non_consolidated,,reported,edinet-s100vwvy,element_id=jpcrp_cor:AverageLengthOfServiceYearsInformationAboutReportingCompanyInformationAboutEmployees; context_id=CurrentYearInstant_NonConsolidatedMember
toyota-motor,average_annual_salary,2025,2025-03-31,9825635,JPY,non_consolidated,,reported,edinet-s100vwvy,element_id=jpcrp_cor:AverageAnnualSalaryInformationAboutReportingCompanyInformationAboutEmployees; context_id=CurrentYearInstant_NonConsolidatedMember
toyota-motor,current_assets,2024,2024-03-31,34714279000000,JPY,consolidated,IFRS,reported,edinet-s100vwvy,element_id=jpigp_cor:CurrentAssetsIFRS; context_id=Prior1YearInstant
toyota-motor,current_assets,2025,2025-03-31,37078676000000,JPY,consolidated,IFRS,reported,edinet-s100vwvy,element_id=jpigp_cor:CurrentAssetsIFRS; context_id=CurrentYearInstant
toyota-motor,current_liabilities,2024,2024-03-31,29177909000000,JPY,consolidated,IFRS,reported,edinet-s100vwvy,element_id=jpigp_cor:TotalCurrentLiabilitiesIFRS; context_id=Prior1YearInstant
toyota-motor,current_liabilities,2025,2025-03-31,29434220000000,JPY,consolidated,IFRS,reported,edinet-s100vwvy,element_id=jpigp_cor:TotalCurrentLiabilitiesIFRS; context_id=CurrentYearInstant
toyota-motor,operating_profit,2024,2024-03-31,5352934000000,JPY,consolidated,IFRS,reported,edinet-s100vwvy,element_id=jpigp_cor:OperatingProfitLossIFRS; context_id=Prior1YearDuration
toyota-motor,operating_profit,2025,2025-03-31,4795586000000,JPY,consolidated,IFRS,reported,edinet-s100vwvy,element_id=jpigp_cor:OperatingProfitLossIFRS; context_id=CurrentYearDuration
rohm,employee_count,2021,2021-03-31,22370,persons,consolidated,,reported,edinet-s100w2w6,element_id=jpcrp_cor:NumberOfEmployees; context_id=Prior4YearInstant
rohm,employee_count,2022,2022-03-31,23401,persons,consolidated,,reported,edinet-s100w2w6,element_id=jpcrp_cor:NumberOfEmployees; context_id=Prior3YearInstant
rohm,employee_count,2023,2023-03-31,23754,persons,consolidated,,reported,edinet-s100w2w6,element_id=jpcrp_cor:NumberOfEmployees; context_id=Prior2YearInstant
rohm,employee_count,2024,2024-03-31,23319,persons,consolidated,,reported,edinet-s100w2w6,element_id=jpcrp_cor:NumberOfEmployees; context_id=Prior1YearInstant
rohm,employee_count,2025,2025-03-31,22608,persons,consolidated,,reported,edinet-s100w2w6,element_id=jpcrp_cor:NumberOfEmployees; context_id=CurrentYearInstant
rohm,average_age,2025,2025-03-31,42.2,years,non_consolidated,,reported,edinet-s100w2w6,element_id=jpcrp_cor:AverageAgeYearsInformationAboutReportingCompanyInformationAboutEmployees; context_id=CurrentYearInstant_NonConsolidatedMember
rohm,average_tenure,2025,2025-03-31,13.7,years,non_consolidated,,reported,edinet-s100w2w6,element_id=jpcrp_cor:AverageLengthOfServiceYearsInformationAboutReportingCompanyInformationAboutEmployees; context_id=CurrentYearInstant_NonConsolidatedMember
rohm,average_annual_salary,2025,2025-03-31,8102000,JPY,non_consolidated,,reported,edinet-s100w2w6,element_id=jpcrp_cor:AverageAnnualSalaryInformationAboutReportingCompanyInformationAboutEmployees; context_id=CurrentYearInstant_NonConsolidatedMember
rohm,current_assets,2024,2024-03-31,592747000000,JPY,consolidated,,reported,edinet-s100w2w6,element_id=jppfs_cor:CurrentAssets; context_id=Prior1YearInstant
rohm,current_assets,2025,2025-03-31,561245000000,JPY,consolidated,,reported,edinet-s100w2w6,element_id=jppfs_cor:CurrentAssets; context_id=CurrentYearInstant
rohm,current_liabilities,2024,2024-03-31,466016000000,JPY,consolidated,,reported,edinet-s100w2w6,element_id=jppfs_cor:CurrentLiabilities; context_id=Prior1YearInstant
rohm,current_liabilities,2025,2025-03-31,219623000000,JPY,consolidated,,reported,edinet-s100w2w6,element_id=jppfs_cor:CurrentLiabilities; context_id=CurrentYearInstant
tokyo-seimitsu,employee_count,2021,2021-03-31,2293,persons,consolidated,,reported,edinet-s100w0k6,element_id=jpcrp_cor:NumberOfEmployees; context_id=Prior4YearInstant
tokyo-seimitsu,employee_count,2022,2022-03-31,2354,persons,consolidated,,reported,edinet-s100w0k6,element_id=jpcrp_cor:NumberOfEmployees; context_id=Prior3YearInstant
tokyo-seimitsu,employee_count,2023,2023-03-31,2468,persons,consolidated,,reported,edinet-s100w0k6,element_id=jpcrp_cor:NumberOfEmployees; context_id=Prior2YearInstant
tokyo-seimitsu,employee_count,2024,2024-03-31,2658,persons,consolidated,,reported,edinet-s100w0k6,element_id=jpcrp_cor:NumberOfEmployees; context_id=Prior1YearInstant
tokyo-seimitsu,employee_count,2025,2025-03-31,2767,persons,consolidated,,reported,edinet-s100w0k6,element_id=jpcrp_cor:NumberOfEmployees; context_id=CurrentYearInstant
tokyo-seimitsu,average_age,2025,2025-03-31,38.9,years,non_consolidated,,reported,edinet-s100w0k6,element_id=jpcrp_cor:AverageAgeYearsInformationAboutReportingCompanyInformationAboutEmployees; context_id=CurrentYearInstant_NonConsolidatedMember
tokyo-seimitsu,average_tenure,2025,2025-03-31,10.1,years,non_consolidated,,reported,edinet-s100w0k6,element_id=jpcrp_cor:AverageLengthOfServiceYearsInformationAboutReportingCompanyInformationAboutEmployees; context_id=CurrentYearInstant_NonConsolidatedMember
tokyo-seimitsu,average_annual_salary,2025,2025-03-31,7828240,JPY,non_consolidated,,reported,edinet-s100w0k6,element_id=jpcrp_cor:AverageAnnualSalaryInformationAboutReportingCompanyInformationAboutEmployees; context_id=CurrentYearInstant_NonConsolidatedMember
tokyo-seimitsu,current_assets,2024,2024-03-31,153831000000,JPY,consolidated,,reported,edinet-s100w0k6,element_id=jppfs_cor:CurrentAssets; context_id=Prior1YearInstant
tokyo-seimitsu,current_assets,2025,2025-03-31,169341000000,JPY,consolidated,,reported,edinet-s100w0k6,element_id=jppfs_cor:CurrentAssets; context_id=CurrentYearInstant
tokyo-seimitsu,current_liabilities,2024,2024-03-31,46002000000,JPY,consolidated,,reported,edinet-s100w0k6,element_id=jppfs_cor:CurrentLiabilities; context_id=Prior1YearInstant
tokyo-seimitsu,current_liabilities,2025,2025-03-31,46933000000,JPY,consolidated,,reported,edinet-s100w0k6,element_id=jppfs_cor:CurrentLiabilities; context_id=CurrentYearInstant
screen-holdings,employee_count,2021,2021-03-31,5982,persons,consolidated,,reported,edinet-s100vzw3,element_id=jpcrp_cor:NumberOfEmployees; context_id=Prior4YearInstant
screen-holdings,employee_count,2022,2022-03-31,5943,persons,consolidated,,reported,edinet-s100vzw3,element_id=jpcrp_cor:NumberOfEmployees; context_id=Prior3YearInstant
screen-holdings,employee_count,2023,2023-03-31,5987,persons,consolidated,,reported,edinet-s100vzw3,element_id=jpcrp_cor:NumberOfEmployees; context_id=Prior2YearInstant
screen-holdings,employee_count,2024,2024-03-31,6264,persons,consolidated,,reported,edinet-s100vzw3,element_id=jpcrp_cor:NumberOfEmployees; context_id=Prior1YearInstant
screen-holdings,employee_count,2025,2025-03-31,6415,persons,consolidated,,reported,edinet-s100vzw3,element_id=jpcrp_cor:NumberOfEmployees; context_id=CurrentYearInstant
screen-holdings,average_age,2025,2025-03-31,41.4,years,non_consolidated,,reported,edinet-s100vzw3,element_id=jpcrp_cor:AverageAgeYearsInformationAboutReportingCompanyInformationAboutEmployees; context_id=CurrentYearInstant_NonConsolidatedMember
screen-holdings,average_tenure,2025,2025-03-31,13.3,years,non_consolidated,,reported,edinet-s100vzw3,element_id=jpcrp_cor:AverageLengthOfServiceYearsInformationAboutReportingCompanyInformationAboutEmployees; context_id=CurrentYearInstant_NonConsolidatedMember
screen-holdings,average_annual_salary,2025,2025-03-31,10625000,JPY,non_consolidated,,reported,edinet-s100vzw3,element_id=jpcrp_cor:AverageAnnualSalaryInformationAboutReportingCompanyInformationAboutEmployees; context_id=CurrentYearInstant_NonConsolidatedMember
screen-holdings,current_assets,2024,2024-03-31,493661000000,JPY,consolidated,,reported,edinet-s100vzw3,element_id=jppfs_cor:CurrentAssets; context_id=Prior1YearInstant
screen-holdings,current_assets,2025,2025-03-31,480046000000,JPY,consolidated,,reported,edinet-s100vzw3,element_id=jppfs_cor:CurrentAssets; context_id=CurrentYearInstant
screen-holdings,current_liabilities,2024,2024-03-31,286007000000,JPY,consolidated,,reported,edinet-s100vzw3,element_id=jppfs_cor:CurrentLiabilities; context_id=Prior1YearInstant
screen-holdings,current_liabilities,2025,2025-03-31,239723000000,JPY,consolidated,,reported,edinet-s100vzw3,element_id=jppfs_cor:CurrentLiabilities; context_id=CurrentYearInstant
renesas-electronics,revenue,2020,2020-12-31,715673000000,JPY,consolidated,IFRS,reported,edinet-s100vfr6,element_id=jpcrp_cor:RevenueIFRSSummaryOfBusinessResults; context_id=Prior4YearDuration
renesas-electronics,revenue,2021,2021-12-31,993908000000,JPY,consolidated,IFRS,reported,edinet-s100vfr6,element_id=jpcrp_cor:RevenueIFRSSummaryOfBusinessResults; context_id=Prior3YearDuration
renesas-electronics,revenue,2022,2022-12-31,1500853000000,JPY,consolidated,IFRS,reported,edinet-s100vfr6,element_id=jpcrp_cor:RevenueIFRSSummaryOfBusinessResults; context_id=Prior2YearDuration
renesas-electronics,revenue,2023,2023-12-31,1469415000000,JPY,consolidated,IFRS,reported,edinet-s100vfr6,element_id=jpcrp_cor:RevenueIFRSSummaryOfBusinessResults; context_id=Prior1YearDuration
renesas-electronics,revenue,2024,2024-12-31,1348479000000,JPY,consolidated,IFRS,reported,edinet-s100vfr6,element_id=jpcrp_cor:RevenueIFRSSummaryOfBusinessResults; context_id=CurrentYearDuration
renesas-electronics,equity_ratio,2020,2020-12-31,38.3,percent,consolidated,IFRS,reported,edinet-s100vfr6,element_id=jpcrp_cor:RatioOfOwnersEquityToGrossAssetsIFRSSummaryOfBusinessResults; context_id=Prior4YearInstant
renesas-electronics,equity_ratio,2021,2021-12-31,47.4,percent,consolidated,IFRS,reported,edinet-s100vfr6,element_id=jpcrp_cor:RatioOfOwnersEquityToGrossAssetsIFRSSummaryOfBusinessResults; context_id=Prior3YearInstant
renesas-electronics,equity_ratio,2022,2022-12-31,54.5,percent,consolidated,IFRS,reported,edinet-s100vfr6,element_id=jpcrp_cor:RatioOfOwnersEquityToGrossAssetsIFRSSummaryOfBusinessResults; context_id=Prior2YearInstant
renesas-electronics,equity_ratio,2023,2023-12-31,63.2,percent,consolidated,IFRS,reported,edinet-s100vfr6,element_id=jpcrp_cor:RatioOfOwnersEquityToGrossAssetsIFRSSummaryOfBusinessResults; context_id=Prior1YearInstant
renesas-electronics,equity_ratio,2024,2024-12-31,56.5,percent,consolidated,IFRS,reported,edinet-s100vfr6,element_id=jpcrp_cor:RatioOfOwnersEquityToGrossAssetsIFRSSummaryOfBusinessResults; context_id=CurrentYearInstant
renesas-electronics,operating_cf,2020,2020-12-31,223889000000,JPY,consolidated,IFRS,reported,edinet-s100vfr6,element_id=jpcrp_cor:CashFlowsFromUsedInOperatingActivitiesIFRSSummaryOfBusinessResults; context_id=Prior4YearDuration
renesas-electronics,operating_cf,2021,2021-12-31,307384000000,JPY,consolidated,IFRS,reported,edinet-s100vfr6,element_id=jpcrp_cor:CashFlowsFromUsedInOperatingActivitiesIFRSSummaryOfBusinessResults; context_id=Prior3YearDuration
renesas-electronics,operating_cf,2022,2022-12-31,479325000000,JPY,consolidated,IFRS,reported,edinet-s100vfr6,element_id=jpcrp_cor:CashFlowsFromUsedInOperatingActivitiesIFRSSummaryOfBusinessResults; context_id=Prior2YearDuration
renesas-electronics,operating_cf,2023,2023-12-31,496627000000,JPY,consolidated,IFRS,reported,edinet-s100vfr6,element_id=jpcrp_cor:CashFlowsFromUsedInOperatingActivitiesIFRSSummaryOfBusinessResults; context_id=Prior1YearDuration
renesas-electronics,operating_cf,2024,2024-12-31,340484000000,JPY,consolidated,IFRS,reported,edinet-s100vfr6,element_id=jpcrp_cor:CashFlowsFromUsedInOperatingActivitiesIFRSSummaryOfBusinessResults; context_id=CurrentYearDuration
renesas-electronics,investing_cf,2020,2020-12-31,-40163000000,JPY,consolidated,IFRS,reported,edinet-s100vfr6,element_id=jpcrp_cor:CashFlowsFromUsedInInvestingActivitiesIFRSSummaryOfBusinessResults; context_id=Prior4YearDuration
renesas-electronics,investing_cf,2021,2021-12-31,-663126000000,JPY,consolidated,IFRS,reported,edinet-s100vfr6,element_id=jpcrp_cor:CashFlowsFromUsedInInvestingActivitiesIFRSSummaryOfBusinessResults; context_id=Prior3YearDuration
renesas-electronics,investing_cf,2022,2022-12-31,-97523000000,JPY,consolidated,IFRS,reported,edinet-s100vfr6,element_id=jpcrp_cor:CashFlowsFromUsedInInvestingActivitiesIFRSSummaryOfBusinessResults; context_id=Prior2YearDuration
renesas-electronics,investing_cf,2023,2023-12-31,-267492000000,JPY,consolidated,IFRS,reported,edinet-s100vfr6,element_id=jpcrp_cor:CashFlowsFromUsedInInvestingActivitiesIFRSSummaryOfBusinessResults; context_id=Prior1YearDuration
renesas-electronics,investing_cf,2024,2024-12-31,-1284105000000,JPY,consolidated,IFRS,reported,edinet-s100vfr6,element_id=jpcrp_cor:CashFlowsFromUsedInInvestingActivitiesIFRSSummaryOfBusinessResults; context_id=CurrentYearDuration
renesas-electronics,financing_cf,2020,2020-12-31,-104470000000,JPY,consolidated,IFRS,reported,edinet-s100vfr6,element_id=jpcrp_cor:CashFlowsFromUsedInFinancingActivitiesIFRSSummaryOfBusinessResults; context_id=Prior4YearDuration
renesas-electronics,financing_cf,2021,2021-12-31,340915000000,JPY,consolidated,IFRS,reported,edinet-s100vfr6,element_id=jpcrp_cor:CashFlowsFromUsedInFinancingActivitiesIFRSSummaryOfBusinessResults; context_id=Prior3YearDuration
renesas-electronics,financing_cf,2022,2022-12-31,-294770000000,JPY,consolidated,IFRS,reported,edinet-s100vfr6,element_id=jpcrp_cor:CashFlowsFromUsedInFinancingActivitiesIFRSSummaryOfBusinessResults; context_id=Prior2YearDuration
renesas-electronics,financing_cf,2023,2023-12-31,-181247000000,JPY,consolidated,IFRS,reported,edinet-s100vfr6,element_id=jpcrp_cor:CashFlowsFromUsedInFinancingActivitiesIFRSSummaryOfBusinessResults; context_id=Prior1YearDuration
renesas-electronics,financing_cf,2024,2024-12-31,677345000000,JPY,consolidated,IFRS,reported,edinet-s100vfr6,element_id=jpcrp_cor:CashFlowsFromUsedInFinancingActivitiesIFRSSummaryOfBusinessResults; context_id=CurrentYearDuration
renesas-electronics,employee_count,2020,2020-12-31,18753,persons,consolidated,,reported,edinet-s100vfr6,element_id=jpcrp_cor:NumberOfEmployees; context_id=Prior4YearInstant
renesas-electronics,employee_count,2021,2021-12-31,20962,persons,consolidated,,reported,edinet-s100vfr6,element_id=jpcrp_cor:NumberOfEmployees; context_id=Prior3YearInstant
renesas-electronics,employee_count,2022,2022-12-31,21017,persons,consolidated,,reported,edinet-s100vfr6,element_id=jpcrp_cor:NumberOfEmployees; context_id=Prior2YearInstant
renesas-electronics,employee_count,2023,2023-12-31,21204,persons,consolidated,,reported,edinet-s100vfr6,element_id=jpcrp_cor:NumberOfEmployees; context_id=Prior1YearInstant
renesas-electronics,employee_count,2024,2024-12-31,22711,persons,consolidated,,reported,edinet-s100vfr6,element_id=jpcrp_cor:NumberOfEmployees; context_id=CurrentYearInstant
renesas-electronics,average_age,2024,2024-12-31,48.5,years,non_consolidated,,reported,edinet-s100vfr6,element_id=jpcrp_cor:AverageAgeYearsInformationAboutReportingCompanyInformationAboutEmployees; context_id=CurrentYearInstant_NonConsolidatedMember
renesas-electronics,average_tenure,2024,2024-12-31,23.4,years,non_consolidated,,reported,edinet-s100vfr6,element_id=jpcrp_cor:AverageLengthOfServiceYearsInformationAboutReportingCompanyInformationAboutEmployees; context_id=CurrentYearInstant_NonConsolidatedMember
renesas-electronics,average_annual_salary,2024,2024-12-31,8099472,JPY,non_consolidated,,reported,edinet-s100vfr6,element_id=jpcrp_cor:AverageAnnualSalaryInformationAboutReportingCompanyInformationAboutEmployees; context_id=CurrentYearInstant_NonConsolidatedMember
renesas-electronics,current_assets,2023,2023-12-31,800673000000,JPY,consolidated,IFRS,reported,edinet-s100vfr6,element_id=jpigp_cor:CurrentAssetsIFRS; context_id=Prior1YearInstant
renesas-electronics,current_assets,2024,2024-12-31,617326000000,JPY,consolidated,IFRS,reported,edinet-s100vfr6,element_id=jpigp_cor:CurrentAssetsIFRS; context_id=CurrentYearInstant
renesas-electronics,current_liabilities,2023,2023-12-31,828725000000,JPY,consolidated,IFRS,reported,edinet-s100vfr6,element_id=jpigp_cor:TotalCurrentLiabilitiesIFRS; context_id=Prior1YearInstant
renesas-electronics,current_liabilities,2024,2024-12-31,491438000000,JPY,consolidated,IFRS,reported,edinet-s100vfr6,element_id=jpigp_cor:TotalCurrentLiabilitiesIFRS; context_id=CurrentYearInstant
renesas-electronics,operating_profit,2023,2023-12-31,390766000000,JPY,consolidated,IFRS,reported,edinet-s100vfr6,element_id=jpigp_cor:OperatingProfitLossIFRS; context_id=Prior1YearDuration
renesas-electronics,operating_profit,2024,2024-12-31,222977000000,JPY,consolidated,IFRS,reported,edinet-s100vfr6,element_id=jpigp_cor:OperatingProfitLossIFRS; context_id=CurrentYearDuration
sony-group,revenue,2021,2021-03-31,8998661000000,JPY,consolidated,IFRS,reported,edinet-s100w19q,element_id=jpcrp030000-asr_E01777-000:SalesAndFinancialServicesRevenueIFRSKeyFinancialData; context_id=Prior4YearDuration
sony-group,revenue,2022,2022-03-31,9921513000000,JPY,consolidated,IFRS,reported,edinet-s100w19q,element_id=jpcrp030000-asr_E01777-000:SalesAndFinancialServicesRevenueIFRSKeyFinancialData; context_id=Prior3YearDuration
sony-group,revenue,2023,2023-03-31,10974373000000,JPY,consolidated,IFRS,reported,edinet-s100w19q,element_id=jpcrp030000-asr_E01777-000:SalesAndFinancialServicesRevenueIFRSKeyFinancialData; context_id=Prior2YearDuration
sony-group,revenue,2024,2024-03-31,13020768000000,JPY,consolidated,IFRS,reported,edinet-s100w19q,element_id=jpcrp030000-asr_E01777-000:SalesAndFinancialServicesRevenueIFRSKeyFinancialData; context_id=Prior1YearDuration
sony-group,revenue,2025,2025-03-31,12957064000000,JPY,consolidated,IFRS,reported,edinet-s100w19q,element_id=jpcrp030000-asr_E01777-000:SalesAndFinancialServicesRevenueIFRSKeyFinancialData; context_id=CurrentYearDuration
sony-group,operating_profit,2021,2021-03-31,955255000000,JPY,consolidated,IFRS,reported,edinet-s100w19q,element_id=jpcrp030000-asr_E01777-000:OperatingProfitLossIFRSKeyFinancialData; context_id=Prior4YearDuration
sony-group,operating_profit,2022,2022-03-31,1202339000000,JPY,consolidated,IFRS,reported,edinet-s100w19q,element_id=jpcrp030000-asr_E01777-000:OperatingProfitLossIFRSKeyFinancialData; context_id=Prior3YearDuration
sony-group,operating_profit,2023,2023-03-31,1302389000000,JPY,consolidated,IFRS,reported,edinet-s100w19q,element_id=jpcrp030000-asr_E01777-000:OperatingProfitLossIFRSKeyFinancialData; context_id=Prior2YearDuration
keyence,revenue,2021,2021-03-20,538134000000,JPY,consolidated,JGAAP,reported,edinet-s100vwnu,element_id=jpcrp_cor:NetSalesSummaryOfBusinessResults; context_id=Prior4YearDuration
keyence,revenue,2022,2022-03-20,755174000000,JPY,consolidated,JGAAP,reported,edinet-s100vwnu,element_id=jpcrp_cor:NetSalesSummaryOfBusinessResults; context_id=Prior3YearDuration
keyence,revenue,2023,2023-03-20,922422000000,JPY,consolidated,JGAAP,reported,edinet-s100vwnu,element_id=jpcrp_cor:NetSalesSummaryOfBusinessResults; context_id=Prior2YearDuration
keyence,revenue,2024,2024-03-20,967288000000,JPY,consolidated,JGAAP,reported,edinet-s100vwnu,element_id=jpcrp_cor:NetSalesSummaryOfBusinessResults; context_id=Prior1YearDuration
keyence,revenue,2025,2025-03-20,1059145000000,JPY,consolidated,JGAAP,reported,edinet-s100vwnu,element_id=jpcrp_cor:NetSalesSummaryOfBusinessResults; context_id=CurrentYearDuration
keyence,equity_ratio,2021,2021-03-20,95.2,percent,consolidated,JGAAP,reported,edinet-s100vwnu,element_id=jpcrp_cor:EquityToAssetRatioSummaryOfBusinessResults; context_id=Prior4YearInstant
keyence,equity_ratio,2022,2022-03-20,93.5,percent,consolidated,JGAAP,reported,edinet-s100vwnu,element_id=jpcrp_cor:EquityToAssetRatioSummaryOfBusinessResults; context_id=Prior3YearInstant
keyence,equity_ratio,2023,2023-03-20,94,percent,consolidated,JGAAP,reported,edinet-s100vwnu,element_id=jpcrp_cor:EquityToAssetRatioSummaryOfBusinessResults; context_id=Prior2YearInstant
keyence,equity_ratio,2024,2024-03-20,94.7,percent,consolidated,JGAAP,reported,edinet-s100vwnu,element_id=jpcrp_cor:EquityToAssetRatioSummaryOfBusinessResults; context_id=Prior1YearInstant
keyence,equity_ratio,2025,2025-03-20,94.5,percent,consolidated,JGAAP,reported,edinet-s100vwnu,element_id=jpcrp_cor:EquityToAssetRatioSummaryOfBusinessResults; context_id=CurrentYearInstant
keyence,operating_cf,2021,2021-03-20,192652000000,JPY,consolidated,JGAAP,reported,edinet-s100vwnu,element_id=jpcrp_cor:NetCashProvidedByUsedInOperatingActivitiesSummaryOfBusinessResults; context_id=Prior4YearDuration
keyence,operating_cf,2022,2022-03-20,271476000000,JPY,consolidated,JGAAP,reported,edinet-s100vwnu,element_id=jpcrp_cor:NetCashProvidedByUsedInOperatingActivitiesSummaryOfBusinessResults; context_id=Prior3YearDuration
keyence,operating_cf,2023,2023-03-20,302628000000,JPY,consolidated,JGAAP,reported,edinet-s100vwnu,element_id=jpcrp_cor:NetCashProvidedByUsedInOperatingActivitiesSummaryOfBusinessResults; context_id=Prior2YearDuration
keyence,operating_cf,2024,2024-03-20,387916000000,JPY,consolidated,JGAAP,reported,edinet-s100vwnu,element_id=jpcrp_cor:NetCashProvidedByUsedInOperatingActivitiesSummaryOfBusinessResults; context_id=Prior1YearDuration
keyence,operating_cf,2025,2025-03-20,409522000000,JPY,consolidated,JGAAP,reported,edinet-s100vwnu,element_id=jpcrp_cor:NetCashProvidedByUsedInOperatingActivitiesSummaryOfBusinessResults; context_id=CurrentYearDuration
keyence,investing_cf,2021,2021-03-20,-177487000000,JPY,consolidated,JGAAP,reported,edinet-s100vwnu,element_id=jpcrp_cor:NetCashProvidedByUsedInInvestingActivitiesSummaryOfBusinessResults; context_id=Prior4YearDuration
keyence,investing_cf,2022,2022-03-20,-11134000000,JPY,consolidated,JGAAP,reported,edinet-s100vwnu,element_id=jpcrp_cor:NetCashProvidedByUsedInInvestingActivitiesSummaryOfBusinessResults; context_id=Prior3YearDuration
keyence,investing_cf,2023,2023-03-20,-283487000000,JPY,consolidated,JGAAP,reported,edinet-s100vwnu,element_id=jpcrp_cor:NetCashProvidedByUsedInInvestingActivitiesSummaryOfBusinessResults; context_id=Prior2YearDuration
keyence,investing_cf,2024,2024-03-20,-242792000000,JPY,consolidated,JGAAP,reported,edinet-s100vwnu,element_id=jpcrp_cor:NetCashProvidedByUsedInInvestingActivitiesSummaryOfBusinessResults; context_id=Prior1YearDuration
keyence,investing_cf,2025,2025-03-20,-280612000000,JPY,consolidated,JGAAP,reported,edinet-s100vwnu,element_id=jpcrp_cor:NetCashProvidedByUsedInInvestingActivitiesSummaryOfBusinessResults; context_id=CurrentYearDuration
keyence,financing_cf,2021,2021-03-20,-48532000000,JPY,consolidated,JGAAP,reported,edinet-s100vwnu,element_id=jpcrp_cor:NetCashProvidedByUsedInFinancingActivitiesSummaryOfBusinessResults; context_id=Prior4YearDuration
keyence,financing_cf,2022,2022-03-20,-49817000000,JPY,consolidated,JGAAP,reported,edinet-s100vwnu,element_id=jpcrp_cor:NetCashProvidedByUsedInFinancingActivitiesSummaryOfBusinessResults; context_id=Prior3YearDuration
keyence,financing_cf,2023,2023-03-20,-63666000000,JPY,consolidated,JGAAP,reported,edinet-s100vwnu,element_id=jpcrp_cor:NetCashProvidedByUsedInFinancingActivitiesSummaryOfBusinessResults; context_id=Prior2YearDuration
keyence,financing_cf,2024,2024-03-20,-76306000000,JPY,consolidated,JGAAP,reported,edinet-s100vwnu,element_id=jpcrp_cor:NetCashProvidedByUsedInFinancingActivitiesSummaryOfBusinessResults; context_id=Prior1YearDuration
keyence,financing_cf,2025,2025-03-20,-83430000000,JPY,consolidated,JGAAP,reported,edinet-s100vwnu,element_id=jpcrp_cor:NetCashProvidedByUsedInFinancingActivitiesSummaryOfBusinessResults; context_id=CurrentYearDuration
keyence,operating_profit,2024,2024-03-20,495014000000,JPY,consolidated,JGAAP,reported,edinet-s100vwnu,element_id=jppfs_cor:OperatingIncome; context_id=Prior1YearDuration
keyence,operating_profit,2025,2025-03-20,549775000000,JPY,consolidated,JGAAP,reported,edinet-s100vwnu,element_id=jppfs_cor:OperatingIncome; context_id=CurrentYearDuration
toyota-motor,revenue,2021,2021-03-31,27214594000000,JPY,consolidated,IFRS,reported,edinet-s100vwvy,element_id=jpcrp030000-asr_E02144-000:OperatingRevenuesIFRSKeyFinancialData; context_id=Prior4YearDuration
toyota-motor,revenue,2022,2022-03-31,31379507000000,JPY,consolidated,IFRS,reported,edinet-s100vwvy,element_id=jpcrp030000-asr_E02144-000:OperatingRevenuesIFRSKeyFinancialData; context_id=Prior3YearDuration
toyota-motor,revenue,2023,2023-03-31,37154298000000,JPY,consolidated,IFRS,reported,edinet-s100vwvy,element_id=jpcrp030000-asr_E02144-000:OperatingRevenuesIFRSKeyFinancialData; context_id=Prior2YearDuration
toyota-motor,revenue,2024,2024-03-31,45095325000000,JPY,consolidated,IFRS,reported,edinet-s100vwvy,element_id=jpcrp030000-asr_E02144-000:OperatingRevenuesIFRSKeyFinancialData; context_id=Prior1YearDuration
toyota-motor,revenue,2025,2025-03-31,48036704000000,JPY,consolidated,IFRS,reported,edinet-s100vwvy,element_id=jpcrp030000-asr_E02144-000:OperatingRevenuesIFRSKeyFinancialData; context_id=CurrentYearDuration
toyota-motor,employee_count,2021,2021-03-31,366283,persons,consolidated,,reported,edinet-s100vwvy,element_id=jpcrp030000-asr_E02144-000:NumberOfEmployeesIFRSSummaryOfBusinessResults; context_id=Prior4YearDuration
toyota-motor,employee_count,2022,2022-03-31,372817,persons,consolidated,,reported,edinet-s100vwvy,element_id=jpcrp030000-asr_E02144-000:NumberOfEmployeesIFRSSummaryOfBusinessResults; context_id=Prior3YearDuration
toyota-motor,employee_count,2023,2023-03-31,375235,persons,consolidated,,reported,edinet-s100vwvy,element_id=jpcrp030000-asr_E02144-000:NumberOfEmployeesIFRSSummaryOfBusinessResults; context_id=Prior2YearDuration
toyota-motor,employee_count,2024,2024-03-31,380793,persons,consolidated,,reported,edinet-s100vwvy,element_id=jpcrp030000-asr_E02144-000:NumberOfEmployeesIFRSSummaryOfBusinessResults; context_id=Prior1YearDuration
rohm,revenue,2021,2021-03-31,359888000000,JPY,consolidated,JGAAP,reported,edinet-s100w2w6,element_id=jpcrp_cor:NetSalesSummaryOfBusinessResults; context_id=Prior4YearDuration
rohm,revenue,2022,2022-03-31,452124000000,JPY,consolidated,JGAAP,reported,edinet-s100w2w6,element_id=jpcrp_cor:NetSalesSummaryOfBusinessResults; context_id=Prior3YearDuration
rohm,revenue,2023,2023-03-31,507882000000,JPY,consolidated,JGAAP,reported,edinet-s100w2w6,element_id=jpcrp_cor:NetSalesSummaryOfBusinessResults; context_id=Prior2YearDuration
rohm,revenue,2024,2024-03-31,467780000000,JPY,consolidated,JGAAP,reported,edinet-s100w2w6,element_id=jpcrp_cor:NetSalesSummaryOfBusinessResults; context_id=Prior1YearDuration
rohm,revenue,2025,2025-03-31,448466000000,JPY,consolidated,JGAAP,reported,edinet-s100w2w6,element_id=jpcrp_cor:NetSalesSummaryOfBusinessResults; context_id=CurrentYearDuration
rohm,equity_ratio,2021,2021-03-31,83,percent,consolidated,JGAAP,reported,edinet-s100w2w6,element_id=jpcrp_cor:EquityToAssetRatioSummaryOfBusinessResults; context_id=Prior4YearInstant
rohm,equity_ratio,2022,2022-03-31,81.6,percent,consolidated,JGAAP,reported,edinet-s100w2w6,element_id=jpcrp_cor:EquityToAssetRatioSummaryOfBusinessResults; context_id=Prior3YearInstant
rohm,equity_ratio,2023,2023-03-31,81.4,percent,consolidated,JGAAP,reported,edinet-s100w2w6,element_id=jpcrp_cor:EquityToAssetRatioSummaryOfBusinessResults; context_id=Prior2YearInstant
rohm,equity_ratio,2024,2024-03-31,65.3,percent,consolidated,JGAAP,reported,edinet-s100w2w6,element_id=jpcrp_cor:EquityToAssetRatioSummaryOfBusinessResults; context_id=Prior1YearInstant
rohm,equity_ratio,2025,2025-03-31,61.7,percent,consolidated,JGAAP,reported,edinet-s100w2w6,element_id=jpcrp_cor:EquityToAssetRatioSummaryOfBusinessResults; context_id=CurrentYearInstant
rohm,operating_cf,2021,2021-03-31,45975000000,JPY,consolidated,JGAAP,reported,edinet-s100w2w6,element_id=jpcrp_cor:NetCashProvidedByUsedInOperatingActivitiesSummaryOfBusinessResults; context_id=Prior4YearDuration
rohm,operating_cf,2022,2022-03-31,92181000000,JPY,consolidated,JGAAP,reported,edinet-s100w2w6,element_id=jpcrp_cor:NetCashProvidedByUsedInOperatingActivitiesSummaryOfBusinessResults; context_id=Prior3YearDuration
rohm,operating_cf,2023,2023-03-31,98628000000,JPY,consolidated,JGAAP,reported,edinet-s100w2w6,element_id=jpcrp_cor:NetCashProvidedByUsedInOperatingActivitiesSummaryOfBusinessResults; context_id=Prior2YearDuration
rohm,operating_cf,2024,2024-03-31,82858000000,JPY,consolidated,JGAAP,reported,edinet-s100w2w6,element_id=jpcrp_cor:NetCashProvidedByUsedInOperatingActivitiesSummaryOfBusinessResults; context_id=Prior1YearDuration
rohm,operating_cf,2025,2025-03-31,83956000000,JPY,consolidated,JGAAP,reported,edinet-s100w2w6,element_id=jpcrp_cor:NetCashProvidedByUsedInOperatingActivitiesSummaryOfBusinessResults; context_id=CurrentYearDuration
rohm,investing_cf,2021,2021-03-31,-40844000000,JPY,consolidated,JGAAP,reported,edinet-s100w2w6,element_id=jpcrp_cor:NetCashProvidedByUsedInInvestingActivitiesSummaryOfBusinessResults; context_id=Prior4YearDuration
rohm,investing_cf,2022,2022-03-31,-55437000000,JPY,consolidated,JGAAP,reported,edinet-s100w2w6,element_id=jpcrp_cor:NetCashProvidedByUsedInInvestingActivitiesSummaryOfBusinessResults; context_id=Prior3YearDuration
rohm,investing_cf,2023,2023-03-31,-88738000000,JPY,consolidated,JGAAP,reported,edinet-s100w2w6,element_id=jpcrp_cor:NetCashProvidedByUsedInInvestingActivitiesSummaryOfBusinessResults; context_id=Prior2YearDuration
rohm,investing_cf,2024,2024-03-31,-431952000000,JPY,consolidated,JGAAP,reported,edinet-s100w2w6,element_id=jpcrp_cor:NetCashProvidedByUsedInInvestingActivitiesSummaryOfBusinessResults; context_id=Prior1YearDuration
rohm,investing_cf,2025,2025-03-31,-115678000000,JPY,consolidated,JGAAP,reported,edinet-s100w2w6,element_id=jpcrp_cor:NetCashProvidedByUsedInInvestingActivitiesSummaryOfBusinessResults; context_id=CurrentYearDuration
rohm,financing_cf,2021,2021-03-31,-24840000000,JPY,consolidated,JGAAP,reported,edinet-s100w2w6,element_id=jpcrp_cor:NetCashProvidedByUsedInFinancingActivitiesSummaryOfBusinessResults; context_id=Prior4YearDuration
rohm,financing_cf,2022,2022-03-31,-16230000000,JPY,consolidated,JGAAP,reported,edinet-s100w2w6,element_id=jpcrp_cor:NetCashProvidedByUsedInFinancingActivitiesSummaryOfBusinessResults; context_id=Prior3YearDuration
rohm,financing_cf,2023,2023-03-31,-22153000000,JPY,consolidated,JGAAP,reported,edinet-s100w2w6,element_id=jpcrp_cor:NetCashProvidedByUsedInFinancingActivitiesSummaryOfBusinessResults; context_id=Prior2YearDuration
rohm,financing_cf,2024,2024-03-31,265063000000,JPY,consolidated,JGAAP,reported,edinet-s100w2w6,element_id=jpcrp_cor:NetCashProvidedByUsedInFinancingActivitiesSummaryOfBusinessResults; context_id=Prior1YearDuration
rohm,financing_cf,2025,2025-03-31,39052000000,JPY,consolidated,JGAAP,reported,edinet-s100w2w6,element_id=jpcrp_cor:NetCashProvidedByUsedInFinancingActivitiesSummaryOfBusinessResults; context_id=CurrentYearDuration
rohm,operating_profit,2024,2024-03-31,43327000000,JPY,consolidated,JGAAP,reported,edinet-s100w2w6,element_id=jppfs_cor:OperatingIncome; context_id=Prior1YearDuration
rohm,operating_profit,2025,2025-03-31,-40061000000,JPY,consolidated,JGAAP,reported,edinet-s100w2w6,element_id=jppfs_cor:OperatingIncome; context_id=CurrentYearDuration
tokyo-seimitsu,revenue,2021,2021-03-31,97105000000,JPY,consolidated,JGAAP,reported,edinet-s100w0k6,element_id=jpcrp_cor:NetSalesSummaryOfBusinessResults; context_id=Prior4YearDuration
tokyo-seimitsu,revenue,2022,2022-03-31,130702000000,JPY,consolidated,JGAAP,reported,edinet-s100w0k6,element_id=jpcrp_cor:NetSalesSummaryOfBusinessResults; context_id=Prior3YearDuration
tokyo-seimitsu,revenue,2023,2023-03-31,146801000000,JPY,consolidated,JGAAP,reported,edinet-s100w0k6,element_id=jpcrp_cor:NetSalesSummaryOfBusinessResults; context_id=Prior2YearDuration
tokyo-seimitsu,revenue,2024,2024-03-31,134680000000,JPY,consolidated,JGAAP,reported,edinet-s100w0k6,element_id=jpcrp_cor:NetSalesSummaryOfBusinessResults; context_id=Prior1YearDuration
tokyo-seimitsu,revenue,2025,2025-03-31,150534000000,JPY,consolidated,JGAAP,reported,edinet-s100w0k6,element_id=jpcrp_cor:NetSalesSummaryOfBusinessResults; context_id=CurrentYearDuration
tokyo-seimitsu,equity_ratio,2021,2021-03-31,71.4,percent,consolidated,JGAAP,reported,edinet-s100w0k6,element_id=jpcrp_cor:EquityToAssetRatioSummaryOfBusinessResults; context_id=Prior4YearInstant
tokyo-seimitsu,equity_ratio,2022,2022-03-31,68.1,percent,consolidated,JGAAP,reported,edinet-s100w0k6,element_id=jpcrp_cor:EquityToAssetRatioSummaryOfBusinessResults; context_id=Prior3YearInstant
tokyo-seimitsu,equity_ratio,2023,2023-03-31,69,percent,consolidated,JGAAP,reported,edinet-s100w0k6,element_id=jpcrp_cor:EquityToAssetRatioSummaryOfBusinessResults; context_id=Prior2YearInstant
tokyo-seimitsu,equity_ratio,2024,2024-03-31,69.4,percent,consolidated,JGAAP,reported,edinet-s100w0k6,element_id=jpcrp_cor:EquityToAssetRatioSummaryOfBusinessResults; context_id=Prior1YearInstant
tokyo-seimitsu,equity_ratio,2025,2025-03-31,73.2,percent,consolidated,JGAAP,reported,edinet-s100w0k6,element_id=jpcrp_cor:EquityToAssetRatioSummaryOfBusinessResults; context_id=CurrentYearInstant
tokyo-seimitsu,operating_cf,2021,2021-03-31,22062000000,JPY,consolidated,JGAAP,reported,edinet-s100w0k6,element_id=jpcrp_cor:NetCashProvidedByUsedInOperatingActivitiesSummaryOfBusinessResults; context_id=Prior4YearDuration
tokyo-seimitsu,operating_cf,2022,2022-03-31,23837000000,JPY,consolidated,JGAAP,reported,edinet-s100w0k6,element_id=jpcrp_cor:NetCashProvidedByUsedInOperatingActivitiesSummaryOfBusinessResults; context_id=Prior3YearDuration
tokyo-seimitsu,operating_cf,2023,2023-03-31,1000000000,JPY,consolidated,JGAAP,reported,edinet-s100w0k6,element_id=jpcrp_cor:NetCashProvidedByUsedInOperatingActivitiesSummaryOfBusinessResults; context_id=Prior2YearDuration
tokyo-seimitsu,operating_cf,2024,2024-03-31,4892000000,JPY,consolidated,JGAAP,reported,edinet-s100w0k6,element_id=jpcrp_cor:NetCashProvidedByUsedInOperatingActivitiesSummaryOfBusinessResults; context_id=Prior1YearDuration
tokyo-seimitsu,operating_cf,2025,2025-03-31,28824000000,JPY,consolidated,JGAAP,reported,edinet-s100w0k6,element_id=jpcrp_cor:NetCashProvidedByUsedInOperatingActivitiesSummaryOfBusinessResults; context_id=CurrentYearDuration
tokyo-seimitsu,investing_cf,2021,2021-03-31,-5191000000,JPY,consolidated,JGAAP,reported,edinet-s100w0k6,element_id=jpcrp_cor:NetCashProvidedByUsedInInvestingActivitiesSummaryOfBusinessResults; context_id=Prior4YearDuration
tokyo-seimitsu,investing_cf,2022,2022-03-31,-8990000000,JPY,consolidated,JGAAP,reported,edinet-s100w0k6,element_id=jpcrp_cor:NetCashProvidedByUsedInInvestingActivitiesSummaryOfBusinessResults; context_id=Prior3YearDuration
tokyo-seimitsu,investing_cf,2023,2023-03-31,-8421000000,JPY,consolidated,JGAAP,reported,edinet-s100w0k6,element_id=jpcrp_cor:NetCashProvidedByUsedInInvestingActivitiesSummaryOfBusinessResults; context_id=Prior2YearDuration
tokyo-seimitsu,investing_cf,2024,2024-03-31,-10563000000,JPY,consolidated,JGAAP,reported,edinet-s100w0k6,element_id=jpcrp_cor:NetCashProvidedByUsedInInvestingActivitiesSummaryOfBusinessResults; context_id=Prior1YearDuration
tokyo-seimitsu,investing_cf,2025,2025-03-31,2541000000,JPY,consolidated,JGAAP,reported,edinet-s100w0k6,element_id=jpcrp_cor:NetCashProvidedByUsedInInvestingActivitiesSummaryOfBusinessResults; context_id=CurrentYearDuration
tokyo-seimitsu,financing_cf,2021,2021-03-31,-8282000000,JPY,consolidated,JGAAP,reported,edinet-s100w0k6,element_id=jpcrp_cor:NetCashProvidedByUsedInFinancingActivitiesSummaryOfBusinessResults; context_id=Prior4YearDuration
tokyo-seimitsu,financing_cf,2022,2022-03-31,-10346000000,JPY,consolidated,JGAAP,reported,edinet-s100w0k6,element_id=jpcrp_cor:NetCashProvidedByUsedInFinancingActivitiesSummaryOfBusinessResults; context_id=Prior3YearDuration
tokyo-seimitsu,financing_cf,2023,2023-03-31,-2174000000,JPY,consolidated,JGAAP,reported,edinet-s100w0k6,element_id=jpcrp_cor:NetCashProvidedByUsedInFinancingActivitiesSummaryOfBusinessResults; context_id=Prior2YearDuration
tokyo-seimitsu,financing_cf,2024,2024-03-31,1616000000,JPY,consolidated,JGAAP,reported,edinet-s100w0k6,element_id=jpcrp_cor:NetCashProvidedByUsedInFinancingActivitiesSummaryOfBusinessResults; context_id=Prior1YearDuration
tokyo-seimitsu,financing_cf,2025,2025-03-31,-13991000000,JPY,consolidated,JGAAP,reported,edinet-s100w0k6,element_id=jpcrp_cor:NetCashProvidedByUsedInFinancingActivitiesSummaryOfBusinessResults; context_id=CurrentYearDuration
tokyo-seimitsu,operating_profit,2024,2024-03-31,25307000000,JPY,consolidated,JGAAP,reported,edinet-s100w0k6,element_id=jppfs_cor:OperatingIncome; context_id=Prior1YearDuration
tokyo-seimitsu,operating_profit,2025,2025-03-31,29703000000,JPY,consolidated,JGAAP,reported,edinet-s100w0k6,element_id=jppfs_cor:OperatingIncome; context_id=CurrentYearDuration
screen-holdings,revenue,2021,2021-03-31,320322000000,JPY,consolidated,JGAAP,reported,edinet-s100vzw3,element_id=jpcrp_cor:NetSalesSummaryOfBusinessResults; context_id=Prior4YearDuration
screen-holdings,revenue,2022,2022-03-31,411865000000,JPY,consolidated,JGAAP,reported,edinet-s100vzw3,element_id=jpcrp_cor:NetSalesSummaryOfBusinessResults; context_id=Prior3YearDuration
screen-holdings,revenue,2023,2023-03-31,460834000000,JPY,consolidated,JGAAP,reported,edinet-s100vzw3,element_id=jpcrp_cor:NetSalesSummaryOfBusinessResults; context_id=Prior2YearDuration
screen-holdings,revenue,2024,2024-03-31,504916000000,JPY,consolidated,JGAAP,reported,edinet-s100vzw3,element_id=jpcrp_cor:NetSalesSummaryOfBusinessResults; context_id=Prior1YearDuration
screen-holdings,revenue,2025,2025-03-31,625269000000,JPY,consolidated,JGAAP,reported,edinet-s100vzw3,element_id=jpcrp_cor:NetSalesSummaryOfBusinessResults; context_id=CurrentYearDuration
screen-holdings,equity_ratio,2021,2021-03-31,54.5,percent,consolidated,JGAAP,reported,edinet-s100vzw3,element_id=jpcrp_cor:EquityToAssetRatioSummaryOfBusinessResults; context_id=Prior4YearInstant
screen-holdings,equity_ratio,2022,2022-03-31,53.9,percent,consolidated,JGAAP,reported,edinet-s100vzw3,element_id=jpcrp_cor:EquityToAssetRatioSummaryOfBusinessResults; context_id=Prior3YearInstant
screen-holdings,equity_ratio,2023,2023-03-31,53.3,percent,consolidated,JGAAP,reported,edinet-s100vzw3,element_id=jpcrp_cor:EquityToAssetRatioSummaryOfBusinessResults; context_id=Prior2YearInstant
screen-holdings,equity_ratio,2024,2024-03-31,54.9,percent,consolidated,JGAAP,reported,edinet-s100vzw3,element_id=jpcrp_cor:EquityToAssetRatioSummaryOfBusinessResults; context_id=Prior1YearInstant
screen-holdings,equity_ratio,2025,2025-03-31,62.7,percent,consolidated,JGAAP,reported,edinet-s100vzw3,element_id=jpcrp_cor:EquityToAssetRatioSummaryOfBusinessResults; context_id=CurrentYearInstant
screen-holdings,operating_cf,2021,2021-03-31,57205000000,JPY,consolidated,JGAAP,reported,edinet-s100vzw3,element_id=jpcrp_cor:NetCashProvidedByUsedInOperatingActivitiesSummaryOfBusinessResults; context_id=Prior4YearDuration
screen-holdings,operating_cf,2022,2022-03-31,81752000000,JPY,consolidated,JGAAP,reported,edinet-s100vzw3,element_id=jpcrp_cor:NetCashProvidedByUsedInOperatingActivitiesSummaryOfBusinessResults; context_id=Prior3YearDuration
screen-holdings,operating_cf,2023,2023-03-31,73906000000,JPY,consolidated,JGAAP,reported,edinet-s100vzw3,element_id=jpcrp_cor:NetCashProvidedByUsedInOperatingActivitiesSummaryOfBusinessResults; context_id=Prior2YearDuration
screen-holdings,operating_cf,2024,2024-03-31,96255000000,JPY,consolidated,JGAAP,reported,edinet-s100vzw3,element_id=jpcrp_cor:NetCashProvidedByUsedInOperatingActivitiesSummaryOfBusinessResults; context_id=Prior1YearDuration
screen-holdings,operating_cf,2025,2025-03-31,71234000000,JPY,consolidated,JGAAP,reported,edinet-s100vzw3,element_id=jpcrp_cor:NetCashProvidedByUsedInOperatingActivitiesSummaryOfBusinessResults; context_id=CurrentYearDuration
screen-holdings,investing_cf,2021,2021-03-31,-6242000000,JPY,consolidated,JGAAP,reported,edinet-s100vzw3,element_id=jpcrp_cor:NetCashProvidedByUsedInInvestingActivitiesSummaryOfBusinessResults; context_id=Prior4YearDuration
screen-holdings,investing_cf,2022,2022-03-31,-9952000000,JPY,consolidated,JGAAP,reported,edinet-s100vzw3,element_id=jpcrp_cor:NetCashProvidedByUsedInInvestingActivitiesSummaryOfBusinessResults; context_id=Prior3YearDuration
screen-holdings,investing_cf,2023,2023-03-31,-12514000000,JPY,consolidated,JGAAP,reported,edinet-s100vzw3,element_id=jpcrp_cor:NetCashProvidedByUsedInInvestingActivitiesSummaryOfBusinessResults; context_id=Prior2YearDuration
screen-holdings,investing_cf,2024,2024-03-31,-43456000000,JPY,consolidated,JGAAP,reported,edinet-s100vzw3,element_id=jpcrp_cor:NetCashProvidedByUsedInInvestingActivitiesSummaryOfBusinessResults; context_id=Prior1YearDuration
screen-holdings,investing_cf,2025,2025-03-31,-21772000000,JPY,consolidated,JGAAP,reported,edinet-s100vzw3,element_id=jpcrp_cor:NetCashProvidedByUsedInInvestingActivitiesSummaryOfBusinessResults; context_id=CurrentYearDuration
screen-holdings,financing_cf,2021,2021-03-31,-27071000000,JPY,consolidated,JGAAP,reported,edinet-s100vzw3,element_id=jpcrp_cor:NetCashProvidedByUsedInFinancingActivitiesSummaryOfBusinessResults; context_id=Prior4YearDuration
screen-holdings,financing_cf,2022,2022-03-31,-4951000000,JPY,consolidated,JGAAP,reported,edinet-s100vzw3,element_id=jpcrp_cor:NetCashProvidedByUsedInFinancingActivitiesSummaryOfBusinessResults; context_id=Prior3YearDuration
screen-holdings,financing_cf,2023,2023-03-31,-20961000000,JPY,consolidated,JGAAP,reported,edinet-s100vzw3,element_id=jpcrp_cor:NetCashProvidedByUsedInFinancingActivitiesSummaryOfBusinessResults; context_id=Prior2YearDuration
screen-holdings,financing_cf,2024,2024-03-31,-35142000000,JPY,consolidated,JGAAP,reported,edinet-s100vzw3,element_id=jpcrp_cor:NetCashProvidedByUsedInFinancingActivitiesSummaryOfBusinessResults; context_id=Prior1YearDuration
screen-holdings,financing_cf,2025,2025-03-31,-46466000000,JPY,consolidated,JGAAP,reported,edinet-s100vzw3,element_id=jpcrp_cor:NetCashProvidedByUsedInFinancingActivitiesSummaryOfBusinessResults; context_id=CurrentYearDuration
screen-holdings,operating_profit,2024,2024-03-31,94164000000,JPY,consolidated,JGAAP,reported,edinet-s100vzw3,element_id=jppfs_cor:OperatingIncome; context_id=Prior1YearDuration
screen-holdings,operating_profit,2025,2025-03-31,135683000000,JPY,consolidated,JGAAP,reported,edinet-s100vzw3,element_id=jppfs_cor:OperatingIncome; context_id=CurrentYearDuration
kioxia,revenue,2022,2022-03-31,1526495000000,JPY,consolidated,IFRS,reported,edinet-s100w440,element_id=jpcrp_cor:RevenueIFRSSummaryOfBusinessResults; context_id=Prior3YearDuration
kioxia,revenue,2023,2023-03-31,1282101000000,JPY,consolidated,IFRS,reported,edinet-s100w440,element_id=jpcrp_cor:RevenueIFRSSummaryOfBusinessResults; context_id=Prior2YearDuration
kioxia,revenue,2024,2024-03-31,1076584000000,JPY,consolidated,IFRS,reported,edinet-s100w440,element_id=jpcrp_cor:RevenueIFRSSummaryOfBusinessResults; context_id=Prior1YearDuration
kioxia,revenue,2025,2025-03-31,1706460000000,JPY,consolidated,IFRS,reported,edinet-s100w440,element_id=jpcrp_cor:RevenueIFRSSummaryOfBusinessResults; context_id=CurrentYearDuration
kioxia,operating_profit,2022,2022-03-31,216228000000,JPY,consolidated,IFRS,reported,edinet-s100w440,element_id=jpcrp030000-asr_E35948-000:OperatingProfitLossIFRSSummaryOfBusinessResults; context_id=Prior3YearDuration
kioxia,operating_profit,2023,2023-03-31,-99015000000,JPY,consolidated,IFRS,reported,edinet-s100w440,element_id=jpcrp030000-asr_E35948-000:OperatingProfitLossIFRSSummaryOfBusinessResults; context_id=Prior2YearDuration
kioxia,operating_profit,2024,2024-03-31,-252698000000,JPY,consolidated,IFRS,reported,edinet-s100w440,element_id=jpcrp030000-asr_E35948-000:OperatingProfitLossIFRSSummaryOfBusinessResults; context_id=Prior1YearDuration
kioxia,operating_profit,2025,2025-03-31,451748000000,JPY,consolidated,IFRS,reported,edinet-s100w440,element_id=jpcrp030000-asr_E35948-000:OperatingProfitLossIFRSSummaryOfBusinessResults; context_id=CurrentYearDuration
kioxia,equity_ratio,2022,2022-03-31,25.9,percent,consolidated,IFRS,reported,edinet-s100w440,element_id=jpcrp_cor:RatioOfOwnersEquityToGrossAssetsIFRSSummaryOfBusinessResults; context_id=Prior3YearInstant
kioxia,equity_ratio,2023,2023-03-31,22.1,percent,consolidated,IFRS,reported,edinet-s100w440,element_id=jpcrp_cor:RatioOfOwnersEquityToGrossAssetsIFRSSummaryOfBusinessResults; context_id=Prior2YearInstant
kioxia,equity_ratio,2024,2024-03-31,15.7,percent,consolidated,IFRS,reported,edinet-s100w440,element_id=jpcrp_cor:RatioOfOwnersEquityToGrossAssetsIFRSSummaryOfBusinessResults; context_id=Prior1YearInstant
kioxia,equity_ratio,2025,2025-03-31,25.3,percent,consolidated,IFRS,reported,edinet-s100w440,element_id=jpcrp_cor:RatioOfOwnersEquityToGrossAssetsIFRSSummaryOfBusinessResults; context_id=CurrentYearInstant
kioxia,operating_cf,2022,2022-03-31,549133000000,JPY,consolidated,IFRS,reported,edinet-s100w440,element_id=jpcrp_cor:CashFlowsFromUsedInOperatingActivitiesIFRSSummaryOfBusinessResults; context_id=Prior3YearDuration
kioxia,operating_cf,2023,2023-03-31,339104000000,JPY,consolidated,IFRS,reported,edinet-s100w440,element_id=jpcrp_cor:CashFlowsFromUsedInOperatingActivitiesIFRSSummaryOfBusinessResults; context_id=Prior2YearDuration
kioxia,operating_cf,2024,2024-03-31,195111000000,JPY,consolidated,IFRS,reported,edinet-s100w440,element_id=jpcrp_cor:CashFlowsFromUsedInOperatingActivitiesIFRSSummaryOfBusinessResults; context_id=Prior1YearDuration
kioxia,operating_cf,2025,2025-03-31,476416000000,JPY,consolidated,IFRS,reported,edinet-s100w440,element_id=jpcrp_cor:CashFlowsFromUsedInOperatingActivitiesIFRSSummaryOfBusinessResults; context_id=CurrentYearDuration
kioxia,investing_cf,2022,2022-03-31,-400304000000,JPY,consolidated,IFRS,reported,edinet-s100w440,element_id=jpcrp_cor:CashFlowsFromUsedInInvestingActivitiesIFRSSummaryOfBusinessResults; context_id=Prior3YearDuration
kioxia,investing_cf,2023,2023-03-31,-498564000000,JPY,consolidated,IFRS,reported,edinet-s100w440,element_id=jpcrp_cor:CashFlowsFromUsedInInvestingActivitiesIFRSSummaryOfBusinessResults; context_id=Prior2YearDuration
kioxia,investing_cf,2024,2024-03-31,-274853000000,JPY,consolidated,IFRS,reported,edinet-s100w440,element_id=jpcrp_cor:CashFlowsFromUsedInInvestingActivitiesIFRSSummaryOfBusinessResults; context_id=Prior1YearDuration
kioxia,investing_cf,2025,2025-03-31,-173011000000,JPY,consolidated,IFRS,reported,edinet-s100w440,element_id=jpcrp_cor:CashFlowsFromUsedInInvestingActivitiesIFRSSummaryOfBusinessResults; context_id=CurrentYearDuration
kioxia,financing_cf,2022,2022-03-31,-93277000000,JPY,consolidated,IFRS,reported,edinet-s100w440,element_id=jpcrp_cor:CashFlowsFromUsedInFinancingActivitiesIFRSSummaryOfBusinessResults; context_id=Prior3YearDuration
kioxia,financing_cf,2023,2023-03-31,-50787000000,JPY,consolidated,IFRS,reported,edinet-s100w440,element_id=jpcrp_cor:CashFlowsFromUsedInFinancingActivitiesIFRSSummaryOfBusinessResults; context_id=Prior2YearDuration
kioxia,financing_cf,2024,2024-03-31,3238000000,JPY,consolidated,IFRS,reported,edinet-s100w440,element_id=jpcrp_cor:CashFlowsFromUsedInFinancingActivitiesIFRSSummaryOfBusinessResults; context_id=Prior1YearDuration
kioxia,financing_cf,2025,2025-03-31,-322679000000,JPY,consolidated,IFRS,reported,edinet-s100w440,element_id=jpcrp_cor:CashFlowsFromUsedInFinancingActivitiesIFRSSummaryOfBusinessResults; context_id=CurrentYearDuration
kioxia,employee_count,2022,2022-03-31,14203,persons,consolidated,,reported,edinet-s100w440,element_id=jpcrp_cor:NumberOfEmployees; context_id=Prior3YearInstant
kioxia,employee_count,2023,2023-03-31,15231,persons,consolidated,,reported,edinet-s100w440,element_id=jpcrp_cor:NumberOfEmployees; context_id=Prior2YearInstant
kioxia,employee_count,2024,2024-03-31,15249,persons,consolidated,,reported,edinet-s100w440,element_id=jpcrp_cor:NumberOfEmployees; context_id=Prior1YearInstant
kioxia,employee_count,2025,2025-03-31,15042,persons,consolidated,,reported,edinet-s100w440,element_id=jpcrp_cor:NumberOfEmployees; context_id=CurrentYearInstant
kioxia,average_age,2025,2025-03-31,46.5,years,non_consolidated,,reported,edinet-s100w440,element_id=jpcrp_cor:AverageAgeYearsInformationAboutReportingCompanyInformationAboutEmployees; context_id=CurrentYearInstant_NonConsolidatedMember
kioxia,average_tenure,2025,2025-03-31,14.5,years,non_consolidated,,reported,edinet-s100w440,element_id=jpcrp_cor:AverageLengthOfServiceYearsInformationAboutReportingCompanyInformationAboutEmployees; context_id=CurrentYearInstant_NonConsolidatedMember
kioxia,average_annual_salary,2025,2025-03-31,11485500,JPY,non_consolidated,,reported,edinet-s100w440,element_id=jpcrp_cor:AverageAnnualSalaryInformationAboutReportingCompanyInformationAboutEmployees; context_id=CurrentYearInstant_NonConsolidatedMember
kioxia,current_assets,2024,2024-03-31,651375000000,JPY,consolidated,IFRS,reported,edinet-s100w440,element_id=jpigp_cor:CurrentAssetsIFRS; context_id=Prior1YearInstant
kioxia,current_assets,2025,2025-03-31,806709000000,JPY,consolidated,IFRS,reported,edinet-s100w440,element_id=jpigp_cor:CurrentAssetsIFRS; context_id=CurrentYearInstant
kioxia,current_liabilities,2024,2024-03-31,1866127000000,JPY,consolidated,IFRS,reported,edinet-s100w440,element_id=jpigp_cor:TotalCurrentLiabilitiesIFRS; context_id=Prior1YearInstant
kioxia,current_liabilities,2025,2025-03-31,985173000000,JPY,consolidated,IFRS,reported,edinet-s100w440,element_id=jpigp_cor:TotalCurrentLiabilitiesIFRS; context_id=CurrentYearInstant
taiyo-yuden,employee_count,2021,2021-03-31,22852,persons,consolidated,,reported,edinet-s100w3ip,element_id=jpcrp_cor:NumberOfEmployees; context_id=Prior4YearInstant
taiyo-yuden,employee_count,2022,2022-03-31,22312,persons,consolidated,,reported,edinet-s100w3ip,element_id=jpcrp_cor:NumberOfEmployees; context_id=Prior3YearInstant
taiyo-yuden,employee_count,2023,2023-03-31,21819,persons,consolidated,,reported,edinet-s100w3ip,element_id=jpcrp_cor:NumberOfEmployees; context_id=Prior2YearInstant
taiyo-yuden,employee_count,2024,2024-03-31,21823,persons,consolidated,,reported,edinet-s100w3ip,element_id=jpcrp_cor:NumberOfEmployees; context_id=Prior1YearInstant
taiyo-yuden,employee_count,2025,2025-03-31,20779,persons,consolidated,,reported,edinet-s100w3ip,element_id=jpcrp_cor:NumberOfEmployees; context_id=CurrentYearInstant
taiyo-yuden,average_age,2025,2025-03-31,41.2,years,non_consolidated,,reported,edinet-s100w3ip,element_id=jpcrp_cor:AverageAgeYearsInformationAboutReportingCompanyInformationAboutEmployees; context_id=CurrentYearInstant_NonConsolidatedMember
taiyo-yuden,average_tenure,2025,2025-03-31,16.5,years,non_consolidated,,reported,edinet-s100w3ip,element_id=jpcrp_cor:AverageLengthOfServiceYearsInformationAboutReportingCompanyInformationAboutEmployees; context_id=CurrentYearInstant_NonConsolidatedMember
taiyo-yuden,average_annual_salary,2025,2025-03-31,6760000,JPY,non_consolidated,,reported,edinet-s100w3ip,element_id=jpcrp_cor:AverageAnnualSalaryInformationAboutReportingCompanyInformationAboutEmployees; context_id=CurrentYearInstant_NonConsolidatedMember
taiyo-yuden,current_assets,2024,2024-03-31,297219000000,JPY,consolidated,,reported,edinet-s100w3ip,element_id=jppfs_cor:CurrentAssets; context_id=Prior1YearInstant
taiyo-yuden,current_assets,2025,2025-03-31,279284000000,JPY,consolidated,,reported,edinet-s100w3ip,element_id=jppfs_cor:CurrentAssets; context_id=CurrentYearInstant
taiyo-yuden,current_liabilities,2024,2024-03-31,85780000000,JPY,consolidated,,reported,edinet-s100w3ip,element_id=jppfs_cor:CurrentLiabilities; context_id=Prior1YearInstant
taiyo-yuden,current_liabilities,2025,2025-03-31,79645000000,JPY,consolidated,,reported,edinet-s100w3ip,element_id=jppfs_cor:CurrentLiabilities; context_id=CurrentYearInstant
tokyo-electron,employee_count,2021,2021-03-31,14479,persons,consolidated,,reported,edinet-s100vx9r,element_id=jpcrp_cor:NumberOfEmployees; context_id=Prior4YearInstant
tokyo-electron,employee_count,2022,2022-03-31,15634,persons,consolidated,,reported,edinet-s100vx9r,element_id=jpcrp_cor:NumberOfEmployees; context_id=Prior3YearInstant
tokyo-electron,employee_count,2023,2023-03-31,17204,persons,consolidated,,reported,edinet-s100vx9r,element_id=jpcrp_cor:NumberOfEmployees; context_id=Prior2YearInstant
tokyo-electron,employee_count,2024,2024-03-31,17702,persons,consolidated,,reported,edinet-s100vx9r,element_id=jpcrp_cor:NumberOfEmployees; context_id=Prior1YearInstant
tokyo-electron,employee_count,2025,2025-03-31,19573,persons,consolidated,,reported,edinet-s100vx9r,element_id=jpcrp_cor:NumberOfEmployees; context_id=CurrentYearInstant
tokyo-electron,average_age,2025,2025-03-31,43.5,years,non_consolidated,,reported,edinet-s100vx9r,element_id=jpcrp_cor:AverageAgeYearsInformationAboutReportingCompanyInformationAboutEmployees; context_id=CurrentYearInstant_NonConsolidatedMember
tokyo-electron,average_tenure,2025,2025-03-31,14.9,years,non_consolidated,,reported,edinet-s100vx9r,element_id=jpcrp_cor:AverageLengthOfServiceYearsInformationAboutReportingCompanyInformationAboutEmployees; context_id=CurrentYearInstant_NonConsolidatedMember
tokyo-electron,average_annual_salary,2025,2025-03-31,13543475,JPY,non_consolidated,,reported,edinet-s100vx9r,element_id=jpcrp_cor:AverageAnnualSalaryInformationAboutReportingCompanyInformationAboutEmployees; context_id=CurrentYearInstant_NonConsolidatedMember
tokyo-electron,current_assets,2024,2024-03-31,1700451000000,JPY,consolidated,,reported,edinet-s100vx9r,element_id=jppfs_cor:CurrentAssets; context_id=Prior1YearInstant
tokyo-electron,current_assets,2025,2025-03-31,1800756000000,JPY,consolidated,,reported,edinet-s100vx9r,element_id=jppfs_cor:CurrentAssets; context_id=CurrentYearInstant
tokyo-electron,current_liabilities,2024,2024-03-31,611899000000,JPY,consolidated,,reported,edinet-s100vx9r,element_id=jppfs_cor:CurrentLiabilities; context_id=Prior1YearInstant
tokyo-electron,current_liabilities,2025,2025-03-31,677925000000,JPY,consolidated,,reported,edinet-s100vx9r,element_id=jppfs_cor:CurrentLiabilities; context_id=CurrentYearInstant
advantest,revenue,2021,2021-03-31,312789000000,JPY,consolidated,IFRS,reported,edinet-s100w4e8,element_id=jpcrp_cor:RevenueIFRSSummaryOfBusinessResults; context_id=Prior4YearDuration
advantest,revenue,2022,2022-03-31,416901000000,JPY,consolidated,IFRS,reported,edinet-s100w4e8,element_id=jpcrp_cor:RevenueIFRSSummaryOfBusinessResults; context_id=Prior3YearDuration
advantest,revenue,2023,2023-03-31,560191000000,JPY,consolidated,IFRS,reported,edinet-s100w4e8,element_id=jpcrp_cor:RevenueIFRSSummaryOfBusinessResults; context_id=Prior2YearDuration
advantest,revenue,2024,2024-03-31,486507000000,JPY,consolidated,IFRS,reported,edinet-s100w4e8,element_id=jpcrp_cor:RevenueIFRSSummaryOfBusinessResults; context_id=Prior1YearDuration
advantest,revenue,2025,2025-03-31,779707000000,JPY,consolidated,IFRS,reported,edinet-s100w4e8,element_id=jpcrp_cor:RevenueIFRSSummaryOfBusinessResults; context_id=CurrentYearDuration
advantest,equity_ratio,2021,2021-03-31,66.3,percent,consolidated,IFRS,reported,edinet-s100w4e8,element_id=jpcrp_cor:RatioOfOwnersEquityToGrossAssetsIFRSSummaryOfBusinessResults; context_id=Prior4YearInstant
advantest,equity_ratio,2022,2022-03-31,59.6,percent,consolidated,IFRS,reported,edinet-s100w4e8,element_id=jpcrp_cor:RatioOfOwnersEquityToGrossAssetsIFRSSummaryOfBusinessResults; context_id=Prior3YearInstant
advantest,equity_ratio,2023,2023-03-31,61.4,percent,consolidated,IFRS,reported,edinet-s100w4e8,element_id=jpcrp_cor:RatioOfOwnersEquityToGrossAssetsIFRSSummaryOfBusinessResults; context_id=Prior2YearInstant
advantest,equity_ratio,2024,2024-03-31,64.2,percent,consolidated,IFRS,reported,edinet-s100w4e8,element_id=jpcrp_cor:RatioOfOwnersEquityToGrossAssetsIFRSSummaryOfBusinessResults; context_id=Prior1YearInstant
advantest,equity_ratio,2025,2025-03-31,59.3,percent,consolidated,IFRS,reported,edinet-s100w4e8,element_id=jpcrp_cor:RatioOfOwnersEquityToGrossAssetsIFRSSummaryOfBusinessResults; context_id=CurrentYearInstant
advantest,operating_cf,2021,2021-03-31,67830000000,JPY,consolidated,IFRS,reported,edinet-s100w4e8,element_id=jpcrp_cor:CashFlowsFromUsedInOperatingActivitiesIFRSSummaryOfBusinessResults; context_id=Prior4YearDuration
advantest,operating_cf,2022,2022-03-31,78889000000,JPY,consolidated,IFRS,reported,edinet-s100w4e8,element_id=jpcrp_cor:CashFlowsFromUsedInOperatingActivitiesIFRSSummaryOfBusinessResults; context_id=Prior3YearDuration
advantest,operating_cf,2023,2023-03-31,70224000000,JPY,consolidated,IFRS,reported,edinet-s100w4e8,element_id=jpcrp_cor:CashFlowsFromUsedInOperatingActivitiesIFRSSummaryOfBusinessResults; context_id=Prior2YearDuration
advantest,operating_cf,2024,2024-03-31,32668000000,JPY,consolidated,IFRS,reported,edinet-s100w4e8,element_id=jpcrp_cor:CashFlowsFromUsedInOperatingActivitiesIFRSSummaryOfBusinessResults; context_id=Prior1YearDuration
advantest,operating_cf,2025,2025-03-31,285971000000,JPY,consolidated,IFRS,reported,edinet-s100w4e8,element_id=jpcrp_cor:CashFlowsFromUsedInOperatingActivitiesIFRSSummaryOfBusinessResults; context_id=CurrentYearDuration
advantest,investing_cf,2021,2021-03-31,-16831000000,JPY,consolidated,IFRS,reported,edinet-s100w4e8,element_id=jpcrp_cor:CashFlowsFromUsedInInvestingActivitiesIFRSSummaryOfBusinessResults; context_id=Prior4YearDuration
advantest,investing_cf,2022,2022-03-31,-46907000000,JPY,consolidated,IFRS,reported,edinet-s100w4e8,element_id=jpcrp_cor:CashFlowsFromUsedInInvestingActivitiesIFRSSummaryOfBusinessResults; context_id=Prior3YearDuration
advantest,investing_cf,2023,2023-03-31,-26706000000,JPY,consolidated,IFRS,reported,edinet-s100w4e8,element_id=jpcrp_cor:CashFlowsFromUsedInInvestingActivitiesIFRSSummaryOfBusinessResults; context_id=Prior2YearDuration
advantest,investing_cf,2024,2024-03-31,-27940000000,JPY,consolidated,IFRS,reported,edinet-s100w4e8,element_id=jpcrp_cor:CashFlowsFromUsedInInvestingActivitiesIFRSSummaryOfBusinessResults; context_id=Prior1YearDuration
advantest,investing_cf,2025,2025-03-31,-42189000000,JPY,consolidated,IFRS,reported,edinet-s100w4e8,element_id=jpcrp_cor:CashFlowsFromUsedInInvestingActivitiesIFRSSummaryOfBusinessResults; context_id=CurrentYearDuration
advantest,financing_cf,2021,2021-03-31,-30415000000,JPY,consolidated,IFRS,reported,edinet-s100w4e8,element_id=jpcrp_cor:CashFlowsFromUsedInFinancingActivitiesIFRSSummaryOfBusinessResults; context_id=Prior4YearDuration
advantest,financing_cf,2022,2022-03-31,-68736000000,JPY,consolidated,IFRS,reported,edinet-s100w4e8,element_id=jpcrp_cor:CashFlowsFromUsedInFinancingActivitiesIFRSSummaryOfBusinessResults; context_id=Prior3YearDuration
advantest,financing_cf,2023,2023-03-31,-77434000000,JPY,consolidated,IFRS,reported,edinet-s100w4e8,element_id=jpcrp_cor:CashFlowsFromUsedInFinancingActivitiesIFRSSummaryOfBusinessResults; context_id=Prior2YearDuration
advantest,financing_cf,2024,2024-03-31,10760000000,JPY,consolidated,IFRS,reported,edinet-s100w4e8,element_id=jpcrp_cor:CashFlowsFromUsedInFinancingActivitiesIFRSSummaryOfBusinessResults; context_id=Prior1YearDuration
advantest,financing_cf,2025,2025-03-31,-82818000000,JPY,consolidated,IFRS,reported,edinet-s100w4e8,element_id=jpcrp_cor:CashFlowsFromUsedInFinancingActivitiesIFRSSummaryOfBusinessResults; context_id=CurrentYearDuration
advantest,employee_count,2021,2021-03-31,5261,persons,consolidated,,reported,edinet-s100w4e8,element_id=jpcrp_cor:NumberOfEmployees; context_id=Prior4YearInstant
advantest,employee_count,2022,2022-03-31,5941,persons,consolidated,,reported,edinet-s100w4e8,element_id=jpcrp_cor:NumberOfEmployees; context_id=Prior3YearInstant
advantest,employee_count,2023,2023-03-31,6544,persons,consolidated,,reported,edinet-s100w4e8,element_id=jpcrp_cor:NumberOfEmployees; context_id=Prior2YearInstant
advantest,employee_count,2024,2024-03-31,6766,persons,consolidated,,reported,edinet-s100w4e8,element_id=jpcrp_cor:NumberOfEmployees; context_id=Prior1YearInstant
advantest,employee_count,2025,2025-03-31,7001,persons,consolidated,,reported,edinet-s100w4e8,element_id=jpcrp_cor:NumberOfEmployees; context_id=CurrentYearInstant
advantest,average_age,2025,2025-03-31,45.83,years,non_consolidated,,reported,edinet-s100w4e8,element_id=jpcrp_cor:AverageAgeYearsInformationAboutReportingCompanyInformationAboutEmployees; context_id=CurrentYearInstant_NonConsolidatedMember
advantest,average_tenure,2025,2025-03-31,20.15,years,non_consolidated,,reported,edinet-s100w4e8,element_id=jpcrp_cor:AverageLengthOfServiceYearsInformationAboutReportingCompanyInformationAboutEmployees; context_id=CurrentYearInstant_NonConsolidatedMember
advantest,average_annual_salary,2025,2025-03-31,10491797,JPY,non_consolidated,,reported,edinet-s100w4e8,element_id=jpcrp_cor:AverageAnnualSalaryInformationAboutReportingCompanyInformationAboutEmployees; context_id=CurrentYearInstant_NonConsolidatedMember
advantest,current_assets,2024,2024-03-31,420261000000,JPY,consolidated,IFRS,reported,edinet-s100w4e8,element_id=jpigp_cor:CurrentAssetsIFRS; context_id=Prior1YearInstant
advantest,current_assets,2025,2025-03-31,599753000000,JPY,consolidated,IFRS,reported,edinet-s100w4e8,element_id=jpigp_cor:CurrentAssetsIFRS; context_id=CurrentYearInstant
advantest,current_liabilities,2024,2024-03-31,126277000000,JPY,consolidated,IFRS,reported,edinet-s100w4e8,element_id=jpigp_cor:TotalCurrentLiabilitiesIFRS; context_id=Prior1YearInstant
advantest,current_liabilities,2025,2025-03-31,309424000000,JPY,consolidated,IFRS,reported,edinet-s100w4e8,element_id=jpigp_cor:TotalCurrentLiabilitiesIFRS; context_id=CurrentYearInstant
advantest,operating_profit,2024,2024-03-31,81628000000,JPY,consolidated,IFRS,reported,edinet-s100w4e8,element_id=jpigp_cor:OperatingProfitLossIFRS; context_id=Prior1YearDuration
advantest,operating_profit,2025,2025-03-31,228161000000,JPY,consolidated,IFRS,reported,edinet-s100w4e8,element_id=jpigp_cor:OperatingProfitLossIFRS; context_id=CurrentYearDuration
disco,employee_count,2021,2021-03-31,4091,persons,consolidated,,reported,edinet-s100w0jy,element_id=jpcrp_cor:NumberOfEmployees; context_id=Prior4YearInstant
disco,employee_count,2022,2022-03-31,4258,persons,consolidated,,reported,edinet-s100w0jy,element_id=jpcrp_cor:NumberOfEmployees; context_id=Prior3YearInstant
disco,employee_count,2023,2023-03-31,4553,persons,consolidated,,reported,edinet-s100w0jy,element_id=jpcrp_cor:NumberOfEmployees; context_id=Prior2YearInstant
disco,employee_count,2024,2024-03-31,4886,persons,consolidated,,reported,edinet-s100w0jy,element_id=jpcrp_cor:NumberOfEmployees; context_id=Prior1YearInstant
disco,employee_count,2025,2025-03-31,5256,persons,consolidated,,reported,edinet-s100w0jy,element_id=jpcrp_cor:NumberOfEmployees; context_id=CurrentYearInstant
disco,average_age,2025,2025-03-31,37.3,years,non_consolidated,,reported,edinet-s100w0jy,element_id=jpcrp_cor:AverageAgeYearsInformationAboutReportingCompanyInformationAboutEmployees; context_id=CurrentYearInstant_NonConsolidatedMember
disco,average_tenure,2025,2025-03-31,10.7,years,non_consolidated,,reported,edinet-s100w0jy,element_id=jpcrp_cor:AverageLengthOfServiceYearsInformationAboutReportingCompanyInformationAboutEmployees; context_id=CurrentYearInstant_NonConsolidatedMember
disco,average_annual_salary,2025,2025-03-31,16718921,JPY,non_consolidated,,reported,edinet-s100w0jy,element_id=jpcrp_cor:AverageAnnualSalaryInformationAboutReportingCompanyInformationAboutEmployees; context_id=CurrentYearInstant_NonConsolidatedMember
disco,current_assets,2024,2024-03-31,386945000000,JPY,consolidated,,reported,edinet-s100w0jy,element_id=jppfs_cor:CurrentAssets; context_id=Prior1YearInstant
disco,current_assets,2025,2025-03-31,424502000000,JPY,consolidated,,reported,edinet-s100w0jy,element_id=jppfs_cor:CurrentAssets; context_id=CurrentYearInstant
disco,current_liabilities,2024,2024-03-31,148715000000,JPY,consolidated,,reported,edinet-s100w0jy,element_id=jppfs_cor:CurrentLiabilities; context_id=Prior1YearInstant
disco,current_liabilities,2025,2025-03-31,160392000000,JPY,consolidated,,reported,edinet-s100w0jy,element_id=jppfs_cor:CurrentLiabilities; context_id=CurrentYearInstant
shin-etsu-chemical,employee_count,2021,2021-03-31,24069,persons,consolidated,,reported,edinet-s100w0rg,element_id=jpcrp_cor:NumberOfEmployees; context_id=Prior4YearInstant
shin-etsu-chemical,employee_count,2022,2022-03-31,24954,persons,consolidated,,reported,edinet-s100w0rg,element_id=jpcrp_cor:NumberOfEmployees; context_id=Prior3YearInstant
shin-etsu-chemical,employee_count,2023,2023-03-31,25717,persons,consolidated,,reported,edinet-s100w0rg,element_id=jpcrp_cor:NumberOfEmployees; context_id=Prior2YearInstant
shin-etsu-chemical,employee_count,2024,2024-03-31,26004,persons,consolidated,,reported,edinet-s100w0rg,element_id=jpcrp_cor:NumberOfEmployees; context_id=Prior1YearInstant
shin-etsu-chemical,employee_count,2025,2025-03-31,27274,persons,consolidated,,reported,edinet-s100w0rg,element_id=jpcrp_cor:NumberOfEmployees; context_id=CurrentYearInstant
shin-etsu-chemical,average_age,2025,2025-03-31,41.3,years,non_consolidated,,reported,edinet-s100w0rg,element_id=jpcrp_cor:AverageAgeYearsInformationAboutReportingCompanyInformationAboutEmployees; context_id=CurrentYearInstant_NonConsolidatedMember
shin-etsu-chemical,average_tenure,2025,2025-03-31,19.2,years,non_consolidated,,reported,edinet-s100w0rg,element_id=jpcrp_cor:AverageLengthOfServiceYearsInformationAboutReportingCompanyInformationAboutEmployees; context_id=CurrentYearInstant_NonConsolidatedMember
shin-etsu-chemical,average_annual_salary,2025,2025-03-31,8759000,JPY,non_consolidated,,reported,edinet-s100w0rg,element_id=jpcrp_cor:AverageAnnualSalaryInformationAboutReportingCompanyInformationAboutEmployees; context_id=CurrentYearInstant_NonConsolidatedMember
shin-etsu-chemical,current_assets,2024,2024-03-31,3036509000000,JPY,consolidated,,reported,edinet-s100w0rg,element_id=jppfs_cor:CurrentAssets; context_id=Prior1YearInstant
shin-etsu-chemical,current_assets,2025,2025-03-31,3209652000000,JPY,consolidated,,reported,edinet-s100w0rg,element_id=jppfs_cor:CurrentAssets; context_id=CurrentYearInstant
shin-etsu-chemical,current_liabilities,2024,2024-03-31,520395000000,JPY,consolidated,,reported,edinet-s100w0rg,element_id=jppfs_cor:CurrentLiabilities; context_id=Prior1YearInstant
shin-etsu-chemical,current_liabilities,2025,2025-03-31,537094000000,JPY,consolidated,,reported,edinet-s100w0rg,element_id=jppfs_cor:CurrentLiabilities; context_id=CurrentYearInstant
stella-chemifa,employee_count,2021,2021-03-31,813,persons,consolidated,,reported,edinet-s100w3ql,element_id=jpcrp_cor:NumberOfEmployees; context_id=Prior4YearInstant
stella-chemifa,employee_count,2022,2022-03-31,760,persons,consolidated,,reported,edinet-s100w3ql,element_id=jpcrp_cor:NumberOfEmployees; context_id=Prior3YearInstant
stella-chemifa,employee_count,2023,2023-03-31,727,persons,consolidated,,reported,edinet-s100w3ql,element_id=jpcrp_cor:NumberOfEmployees; context_id=Prior2YearInstant
stella-chemifa,employee_count,2024,2024-03-31,695,persons,consolidated,,reported,edinet-s100w3ql,element_id=jpcrp_cor:NumberOfEmployees; context_id=Prior1YearInstant
stella-chemifa,employee_count,2025,2025-03-31,694,persons,consolidated,,reported,edinet-s100w3ql,element_id=jpcrp_cor:NumberOfEmployees; context_id=CurrentYearInstant
stella-chemifa,average_age,2025,2025-03-31,39.17,years,non_consolidated,,reported,edinet-s100w3ql,element_id=jpcrp_cor:AverageAgeYearsInformationAboutReportingCompanyInformationAboutEmployees; context_id=CurrentYearInstant_NonConsolidatedMember
stella-chemifa,average_tenure,2025,2025-03-31,14.88,years,non_consolidated,,reported,edinet-s100w3ql,element_id=jpcrp_cor:AverageLengthOfServiceYearsInformationAboutReportingCompanyInformationAboutEmployees; context_id=CurrentYearInstant_NonConsolidatedMember
stella-chemifa,average_annual_salary,2025,2025-03-31,7005000,JPY,non_consolidated,,reported,edinet-s100w3ql,element_id=jpcrp_cor:AverageAnnualSalaryInformationAboutReportingCompanyInformationAboutEmployees; context_id=CurrentYearInstant_NonConsolidatedMember
stella-chemifa,current_assets,2024,2024-03-31,29002000000,JPY,consolidated,,reported,edinet-s100w3ql,element_id=jppfs_cor:CurrentAssets; context_id=Prior1YearInstant
stella-chemifa,current_assets,2025,2025-03-31,29839000000,JPY,consolidated,,reported,edinet-s100w3ql,element_id=jppfs_cor:CurrentAssets; context_id=CurrentYearInstant
stella-chemifa,current_liabilities,2024,2024-03-31,8890000000,JPY,consolidated,,reported,edinet-s100w3ql,element_id=jppfs_cor:CurrentLiabilities; context_id=Prior1YearInstant
stella-chemifa,current_liabilities,2025,2025-03-31,9784000000,JPY,consolidated,,reported,edinet-s100w3ql,element_id=jppfs_cor:CurrentLiabilities; context_id=CurrentYearInstant
sumco,employee_count,2020,2020-12-31,8199,persons,consolidated,,reported,edinet-s100vfya,element_id=jpcrp_cor:NumberOfEmployees; context_id=Prior4YearInstant
sumco,employee_count,2021,2021-12-31,8469,persons,consolidated,,reported,edinet-s100vfya,element_id=jpcrp_cor:NumberOfEmployees; context_id=Prior3YearInstant
sumco,employee_count,2022,2022-12-31,9189,persons,consolidated,,reported,edinet-s100vfya,element_id=jpcrp_cor:NumberOfEmployees; context_id=Prior2YearInstant
sumco,employee_count,2023,2023-12-31,9847,persons,consolidated,,reported,edinet-s100vfya,element_id=jpcrp_cor:NumberOfEmployees; context_id=Prior1YearInstant
sumco,employee_count,2024,2024-12-31,9850,persons,consolidated,,reported,edinet-s100vfya,element_id=jpcrp_cor:NumberOfEmployees; context_id=CurrentYearInstant
sumco,average_age,2024,2024-12-31,42.6,years,non_consolidated,,reported,edinet-s100vfya,element_id=jpcrp_cor:AverageAgeYearsInformationAboutReportingCompanyInformationAboutEmployees; context_id=CurrentYearInstant_NonConsolidatedMember
sumco,average_tenure,2024,2024-12-31,13.6,years,non_consolidated,,reported,edinet-s100vfya,element_id=jpcrp_cor:AverageLengthOfServiceYearsInformationAboutReportingCompanyInformationAboutEmployees; context_id=CurrentYearInstant_NonConsolidatedMember
sumco,average_annual_salary,2024,2024-12-31,6673384,JPY,non_consolidated,,reported,edinet-s100vfya,element_id=jpcrp_cor:AverageAnnualSalaryInformationAboutReportingCompanyInformationAboutEmployees; context_id=CurrentYearInstant_NonConsolidatedMember
sumco,current_assets,2023,2023-12-31,473821000000,JPY,consolidated,,reported,edinet-s100vfya,element_id=jppfs_cor:CurrentAssets; context_id=Prior1YearInstant
sumco,current_assets,2024,2024-12-31,435143000000,JPY,consolidated,,reported,edinet-s100vfya,element_id=jppfs_cor:CurrentAssets; context_id=CurrentYearInstant
sumco,current_liabilities,2023,2023-12-31,204529000000,JPY,consolidated,,reported,edinet-s100vfya,element_id=jppfs_cor:CurrentLiabilities; context_id=Prior1YearInstant
sumco,current_liabilities,2024,2024-12-31,163636000000,JPY,consolidated,,reported,edinet-s100vfya,element_id=jppfs_cor:CurrentLiabilities; context_id=CurrentYearInstant
resonac-holdings,revenue,2023,2023-12-31,1295395000000,JPY,consolidated,IFRS,reported,edinet-s100vha9,element_id=jpcrp_cor:RevenueIFRSSummaryOfBusinessResults; context_id=Prior1YearDuration
resonac-holdings,revenue,2024,2024-12-31,1391480000000,JPY,consolidated,IFRS,reported,edinet-s100vha9,element_id=jpcrp_cor:RevenueIFRSSummaryOfBusinessResults; context_id=CurrentYearDuration
resonac-holdings,equity_ratio,2022,2022-12-31,25.6,percent,consolidated,IFRS,reported,edinet-s100vha9,element_id=jpcrp_cor:RatioOfOwnersEquityToGrossAssetsIFRSSummaryOfBusinessResults; context_id=Prior2YearInstant
resonac-holdings,equity_ratio,2023,2023-12-31,27.3,percent,consolidated,IFRS,reported,edinet-s100vha9,element_id=jpcrp_cor:RatioOfOwnersEquityToGrossAssetsIFRSSummaryOfBusinessResults; context_id=Prior1YearInstant
resonac-holdings,equity_ratio,2024,2024-12-31,30.6,percent,consolidated,IFRS,reported,edinet-s100vha9,element_id=jpcrp_cor:RatioOfOwnersEquityToGrossAssetsIFRSSummaryOfBusinessResults; context_id=CurrentYearInstant
resonac-holdings,operating_cf,2023,2023-12-31,118715000000,JPY,consolidated,IFRS,reported,edinet-s100vha9,element_id=jpcrp_cor:CashFlowsFromUsedInOperatingActivitiesIFRSSummaryOfBusinessResults; context_id=Prior1YearDuration
resonac-holdings,operating_cf,2024,2024-12-31,163653000000,JPY,consolidated,IFRS,reported,edinet-s100vha9,element_id=jpcrp_cor:CashFlowsFromUsedInOperatingActivitiesIFRSSummaryOfBusinessResults; context_id=CurrentYearDuration
resonac-holdings,investing_cf,2023,2023-12-31,-55158000000,JPY,consolidated,IFRS,reported,edinet-s100vha9,element_id=jpcrp_cor:CashFlowsFromUsedInInvestingActivitiesIFRSSummaryOfBusinessResults; context_id=Prior1YearDuration
resonac-holdings,investing_cf,2024,2024-12-31,-52306000000,JPY,consolidated,IFRS,reported,edinet-s100vha9,element_id=jpcrp_cor:CashFlowsFromUsedInInvestingActivitiesIFRSSummaryOfBusinessResults; context_id=CurrentYearDuration
resonac-holdings,financing_cf,2023,2023-12-31,-73086000000,JPY,consolidated,IFRS,reported,edinet-s100vha9,element_id=jpcrp_cor:CashFlowsFromUsedInFinancingActivitiesIFRSSummaryOfBusinessResults; context_id=Prior1YearDuration
resonac-holdings,financing_cf,2024,2024-12-31,-20468000000,JPY,consolidated,IFRS,reported,edinet-s100vha9,element_id=jpcrp_cor:CashFlowsFromUsedInFinancingActivitiesIFRSSummaryOfBusinessResults; context_id=CurrentYearDuration
resonac-holdings,employee_count,2022,2022-12-31,25803,persons,consolidated,,reported,edinet-s100vha9,element_id=jpcrp_cor:NumberOfEmployees; context_id=Prior2YearInstant
resonac-holdings,employee_count,2023,2023-12-31,23840,persons,consolidated,,reported,edinet-s100vha9,element_id=jpcrp_cor:NumberOfEmployees; context_id=Prior1YearInstant
resonac-holdings,employee_count,2024,2024-12-31,23936,persons,consolidated,,reported,edinet-s100vha9,element_id=jpcrp_cor:NumberOfEmployees; context_id=CurrentYearInstant
resonac-holdings,employee_count,2020,2020-12-31,33684,persons,consolidated,,reported,edinet-s100vha9,element_id=jpcrp_cor:NumberOfEmployees; context_id=Prior4YearInstant
resonac-holdings,employee_count,2021,2021-12-31,26054,persons,consolidated,,reported,edinet-s100vha9,element_id=jpcrp_cor:NumberOfEmployees; context_id=Prior3YearInstant
resonac-holdings,average_age,2024,2024-12-31,46.1,years,non_consolidated,,reported,edinet-s100vha9,element_id=jpcrp_cor:AverageAgeYearsInformationAboutReportingCompanyInformationAboutEmployees; context_id=CurrentYearInstant_NonConsolidatedMember
resonac-holdings,average_tenure,2024,2024-12-31,16.4,years,non_consolidated,,reported,edinet-s100vha9,element_id=jpcrp_cor:AverageLengthOfServiceYearsInformationAboutReportingCompanyInformationAboutEmployees; context_id=CurrentYearInstant_NonConsolidatedMember
resonac-holdings,average_annual_salary,2024,2024-12-31,10259833,JPY,non_consolidated,,reported,edinet-s100vha9,element_id=jpcrp_cor:AverageAnnualSalaryInformationAboutReportingCompanyInformationAboutEmployees; context_id=CurrentYearInstant_NonConsolidatedMember
resonac-holdings,current_assets,2022,2022-12-31,792759000000,JPY,consolidated,IFRS,reported,edinet-s100vha9,element_id=jpigp_cor:CurrentAssetsIFRS; context_id=Prior2YearInstant
resonac-holdings,current_assets,2023,2023-12-31,765430000000,JPY,consolidated,IFRS,reported,edinet-s100vha9,element_id=jpigp_cor:CurrentAssetsIFRS; context_id=Prior1YearInstant
resonac-holdings,current_assets,2024,2024-12-31,886548000000,JPY,consolidated,IFRS,reported,edinet-s100vha9,element_id=jpigp_cor:CurrentAssetsIFRS; context_id=CurrentYearInstant
resonac-holdings,current_liabilities,2022,2022-12-31,473422000000,JPY,consolidated,IFRS,reported,edinet-s100vha9,element_id=jpigp_cor:TotalCurrentLiabilitiesIFRS; context_id=Prior2YearInstant
resonac-holdings,current_liabilities,2023,2023-12-31,463959000000,JPY,consolidated,IFRS,reported,edinet-s100vha9,element_id=jpigp_cor:TotalCurrentLiabilitiesIFRS; context_id=Prior1YearInstant
resonac-holdings,current_liabilities,2024,2024-12-31,495173000000,JPY,consolidated,IFRS,reported,edinet-s100vha9,element_id=jpigp_cor:TotalCurrentLiabilitiesIFRS; context_id=CurrentYearInstant
resonac-holdings,operating_profit,2023,2023-12-31,-9407000000,JPY,consolidated,IFRS,reported,edinet-s100vha9,element_id=jpigp_cor:OperatingProfitLossIFRS; context_id=Prior1YearDuration
resonac-holdings,operating_profit,2024,2024-12-31,89036000000,JPY,consolidated,IFRS,reported,edinet-s100vha9,element_id=jpigp_cor:OperatingProfitLossIFRS; context_id=CurrentYearDuration
agc,revenue,2020,2020-12-31,1412306000000,JPY,consolidated,IFRS,reported,edinet-s100vi0l,element_id=jpcrp_cor:RevenueIFRSSummaryOfBusinessResults; context_id=Prior4YearDuration
agc,revenue,2021,2021-12-31,1697383000000,JPY,consolidated,IFRS,reported,edinet-s100vi0l,element_id=jpcrp_cor:RevenueIFRSSummaryOfBusinessResults; context_id=Prior3YearDuration
agc,revenue,2022,2022-12-31,2035874000000,JPY,consolidated,IFRS,reported,edinet-s100vi0l,element_id=jpcrp_cor:RevenueIFRSSummaryOfBusinessResults; context_id=Prior2YearDuration
agc,revenue,2023,2023-12-31,2019254000000,JPY,consolidated,IFRS,reported,edinet-s100vi0l,element_id=jpcrp_cor:RevenueIFRSSummaryOfBusinessResults; context_id=Prior1YearDuration
agc,revenue,2024,2024-12-31,2067603000000,JPY,consolidated,IFRS,reported,edinet-s100vi0l,element_id=jpcrp_cor:RevenueIFRSSummaryOfBusinessResults; context_id=CurrentYearDuration
agc,equity_ratio,2020,2020-12-31,44,percent,consolidated,IFRS,reported,edinet-s100vi0l,element_id=jpcrp_cor:RatioOfOwnersEquityToGrossAssetsIFRSSummaryOfBusinessResults; context_id=Prior4YearInstant
agc,equity_ratio,2021,2021-12-31,49.29,percent,consolidated,IFRS,reported,edinet-s100vi0l,element_id=jpcrp_cor:RatioOfOwnersEquityToGrossAssetsIFRSSummaryOfBusinessResults; context_id=Prior3YearInstant
agc,equity_ratio,2022,2022-12-31,49.4,percent,consolidated,IFRS,reported,edinet-s100vi0l,element_id=jpcrp_cor:RatioOfOwnersEquityToGrossAssetsIFRSSummaryOfBusinessResults; context_id=Prior2YearInstant
agc,equity_ratio,2023,2023-12-31,49.34,percent,consolidated,IFRS,reported,edinet-s100vi0l,element_id=jpcrp_cor:RatioOfOwnersEquityToGrossAssetsIFRSSummaryOfBusinessResults; context_id=Prior1YearInstant
agc,equity_ratio,2024,2024-12-31,49.69,percent,consolidated,IFRS,reported,edinet-s100vi0l,element_id=jpcrp_cor:RatioOfOwnersEquityToGrossAssetsIFRSSummaryOfBusinessResults; context_id=CurrentYearInstant
agc,operating_cf,2020,2020-12-31,225392000000,JPY,consolidated,IFRS,reported,edinet-s100vi0l,element_id=jpcrp_cor:CashFlowsFromUsedInOperatingActivitiesIFRSSummaryOfBusinessResults; context_id=Prior4YearDuration
agc,operating_cf,2021,2021-12-31,326713000000,JPY,consolidated,IFRS,reported,edinet-s100vi0l,element_id=jpcrp_cor:CashFlowsFromUsedInOperatingActivitiesIFRSSummaryOfBusinessResults; context_id=Prior3YearDuration
agc,operating_cf,2022,2022-12-31,217146000000,JPY,consolidated,IFRS,reported,edinet-s100vi0l,element_id=jpcrp_cor:CashFlowsFromUsedInOperatingActivitiesIFRSSummaryOfBusinessResults; context_id=Prior2YearDuration
agc,operating_cf,2023,2023-12-31,212546000000,JPY,consolidated,IFRS,reported,edinet-s100vi0l,element_id=jpcrp_cor:CashFlowsFromUsedInOperatingActivitiesIFRSSummaryOfBusinessResults; context_id=Prior1YearDuration
agc,operating_cf,2024,2024-12-31,284815000000,JPY,consolidated,IFRS,reported,edinet-s100vi0l,element_id=jpcrp_cor:CashFlowsFromUsedInOperatingActivitiesIFRSSummaryOfBusinessResults; context_id=CurrentYearDuration
agc,investing_cf,2020,2020-12-31,-230248000000,JPY,consolidated,IFRS,reported,edinet-s100vi0l,element_id=jpcrp_cor:CashFlowsFromUsedInInvestingActivitiesIFRSSummaryOfBusinessResults; context_id=Prior4YearDuration
agc,investing_cf,2021,2021-12-31,-123787000000,JPY,consolidated,IFRS,reported,edinet-s100vi0l,element_id=jpcrp_cor:CashFlowsFromUsedInInvestingActivitiesIFRSSummaryOfBusinessResults; context_id=Prior3YearDuration
agc,investing_cf,2022,2022-12-31,-145312000000,JPY,consolidated,IFRS,reported,edinet-s100vi0l,element_id=jpcrp_cor:CashFlowsFromUsedInInvestingActivitiesIFRSSummaryOfBusinessResults; context_id=Prior2YearDuration
agc,investing_cf,2023,2023-12-31,-179790000000,JPY,consolidated,IFRS,reported,edinet-s100vi0l,element_id=jpcrp_cor:CashFlowsFromUsedInInvestingActivitiesIFRSSummaryOfBusinessResults; context_id=Prior1YearDuration
agc,investing_cf,2024,2024-12-31,-195583000000,JPY,consolidated,IFRS,reported,edinet-s100vi0l,element_id=jpcrp_cor:CashFlowsFromUsedInInvestingActivitiesIFRSSummaryOfBusinessResults; context_id=CurrentYearDuration
agc,financing_cf,2020,2020-12-31,128443000000,JPY,consolidated,IFRS,reported,edinet-s100vi0l,element_id=jpcrp_cor:CashFlowsFromUsedInFinancingActivitiesIFRSSummaryOfBusinessResults; context_id=Prior4YearDuration
agc,financing_cf,2021,2021-12-31,-252259000000,JPY,consolidated,IFRS,reported,edinet-s100vi0l,element_id=jpcrp_cor:CashFlowsFromUsedInFinancingActivitiesIFRSSummaryOfBusinessResults; context_id=Prior3YearDuration
agc,financing_cf,2022,2022-12-31,-78206000000,JPY,consolidated,IFRS,reported,edinet-s100vi0l,element_id=jpcrp_cor:CashFlowsFromUsedInFinancingActivitiesIFRSSummaryOfBusinessResults; context_id=Prior2YearDuration
agc,financing_cf,2023,2023-12-31,-108021000000,JPY,consolidated,IFRS,reported,edinet-s100vi0l,element_id=jpcrp_cor:CashFlowsFromUsedInFinancingActivitiesIFRSSummaryOfBusinessResults; context_id=Prior1YearDuration
agc,financing_cf,2024,2024-12-31,-131949000000,JPY,consolidated,IFRS,reported,edinet-s100vi0l,element_id=jpcrp_cor:CashFlowsFromUsedInFinancingActivitiesIFRSSummaryOfBusinessResults; context_id=CurrentYearDuration
agc,employee_count,2020,2020-12-31,56179,persons,consolidated,,reported,edinet-s100vi0l,element_id=jpcrp_cor:NumberOfEmployees; context_id=Prior4YearInstant
agc,employee_count,2021,2021-12-31,55999,persons,consolidated,,reported,edinet-s100vi0l,element_id=jpcrp_cor:NumberOfEmployees; context_id=Prior3YearInstant
agc,employee_count,2022,2022-12-31,57609,persons,consolidated,,reported,edinet-s100vi0l,element_id=jpcrp_cor:NumberOfEmployees; context_id=Prior2YearInstant
agc,employee_count,2023,2023-12-31,56724,persons,consolidated,,reported,edinet-s100vi0l,element_id=jpcrp_cor:NumberOfEmployees; context_id=Prior1YearInstant
agc,employee_count,2024,2024-12-31,53687,persons,consolidated,,reported,edinet-s100vi0l,element_id=jpcrp_cor:NumberOfEmployees; context_id=CurrentYearInstant
agc,average_age,2024,2024-12-31,43.2,years,non_consolidated,,reported,edinet-s100vi0l,element_id=jpcrp_cor:AverageAgeYearsInformationAboutReportingCompanyInformationAboutEmployees; context_id=CurrentYearInstant_NonConsolidatedMember
agc,average_tenure,2024,2024-12-31,16.9,years,non_consolidated,,reported,edinet-s100vi0l,element_id=jpcrp_cor:AverageLengthOfServiceYearsInformationAboutReportingCompanyInformationAboutEmployees; context_id=CurrentYearInstant_NonConsolidatedMember
agc,average_annual_salary,2024,2024-12-31,8881463,JPY,non_consolidated,,reported,edinet-s100vi0l,element_id=jpcrp_cor:AverageAnnualSalaryInformationAboutReportingCompanyInformationAboutEmployees; context_id=CurrentYearInstant_NonConsolidatedMember
agc,current_assets,2023,2023-12-31,1041878000000,JPY,consolidated,IFRS,reported,edinet-s100vi0l,element_id=jpigp_cor:CurrentAssetsIFRS; context_id=Prior1YearInstant
agc,current_assets,2024,2024-12-31,1001270000000,JPY,consolidated,IFRS,reported,edinet-s100vi0l,element_id=jpigp_cor:CurrentAssetsIFRS; context_id=CurrentYearInstant
agc,current_liabilities,2023,2023-12-31,717298000000,JPY,consolidated,IFRS,reported,edinet-s100vi0l,element_id=jpigp_cor:TotalCurrentLiabilitiesIFRS; context_id=Prior1YearInstant
agc,current_liabilities,2024,2024-12-31,708771000000,JPY,consolidated,IFRS,reported,edinet-s100vi0l,element_id=jpigp_cor:TotalCurrentLiabilitiesIFRS; context_id=CurrentYearInstant
agc,operating_profit,2023,2023-12-31,128779000000,JPY,consolidated,IFRS,reported,edinet-s100vi0l,element_id=jpigp_cor:OperatingProfitLossIFRS; context_id=Prior1YearDuration
agc,operating_profit,2024,2024-12-31,125835000000,JPY,consolidated,IFRS,reported,edinet-s100vi0l,element_id=jpigp_cor:OperatingProfitLossIFRS; context_id=CurrentYearDuration
lasertec,employee_count,2021,2021-06-30,529,persons,consolidated,,reported,edinet-s100wq7f,element_id=jpcrp_cor:NumberOfEmployees; context_id=Prior4YearInstant
lasertec,employee_count,2022,2022-06-30,662,persons,consolidated,,reported,edinet-s100wq7f,element_id=jpcrp_cor:NumberOfEmployees; context_id=Prior3YearInstant
lasertec,employee_count,2023,2023-06-30,859,persons,consolidated,,reported,edinet-s100wq7f,element_id=jpcrp_cor:NumberOfEmployees; context_id=Prior2YearInstant
lasertec,employee_count,2024,2024-06-30,1017,persons,consolidated,,reported,edinet-s100wq7f,element_id=jpcrp_cor:NumberOfEmployees; context_id=Prior1YearInstant
lasertec,employee_count,2025,2025-06-30,1163,persons,consolidated,,reported,edinet-s100wq7f,element_id=jpcrp_cor:NumberOfEmployees; context_id=CurrentYearInstant
lasertec,average_age,2025,2025-06-30,40.1,years,non_consolidated,,reported,edinet-s100wq7f,element_id=jpcrp_cor:AverageAgeYearsInformationAboutReportingCompanyInformationAboutEmployees; context_id=CurrentYearInstant_NonConsolidatedMember
lasertec,average_tenure,2025,2025-06-30,8.3,years,non_consolidated,,reported,edinet-s100wq7f,element_id=jpcrp_cor:AverageLengthOfServiceYearsInformationAboutReportingCompanyInformationAboutEmployees; context_id=CurrentYearInstant_NonConsolidatedMember
lasertec,average_annual_salary,2025,2025-06-30,16808225,JPY,non_consolidated,,reported,edinet-s100wq7f,element_id=jpcrp_cor:AverageAnnualSalaryInformationAboutReportingCompanyInformationAboutEmployees; context_id=CurrentYearInstant_NonConsolidatedMember
lasertec,current_assets,2024,2024-06-30,231978000000,JPY,consolidated,,reported,edinet-s100wq7f,element_id=jppfs_cor:CurrentAssets; context_id=Prior1YearInstant
lasertec,current_assets,2025,2025-06-30,286861000000,JPY,consolidated,,reported,edinet-s100wq7f,element_id=jppfs_cor:CurrentAssets; context_id=CurrentYearInstant
lasertec,current_liabilities,2024,2024-06-30,118284000000,JPY,consolidated,,reported,edinet-s100wq7f,element_id=jppfs_cor:CurrentLiabilities; context_id=Prior1YearInstant
lasertec,current_liabilities,2025,2025-06-30,117919000000,JPY,consolidated,,reported,edinet-s100wq7f,element_id=jppfs_cor:CurrentLiabilities; context_id=CurrentYearInstant
taiyo-yuden,revenue,2021,2021-03-31,300920000000,JPY,consolidated,JGAAP,reported,edinet-s100w3ip,element_id=jpcrp_cor:NetSalesSummaryOfBusinessResults; context_id=Prior4YearDuration
taiyo-yuden,revenue,2022,2022-03-31,349636000000,JPY,consolidated,JGAAP,reported,edinet-s100w3ip,element_id=jpcrp_cor:NetSalesSummaryOfBusinessResults; context_id=Prior3YearDuration
taiyo-yuden,revenue,2023,2023-03-31,319504000000,JPY,consolidated,JGAAP,reported,edinet-s100w3ip,element_id=jpcrp_cor:NetSalesSummaryOfBusinessResults; context_id=Prior2YearDuration
taiyo-yuden,revenue,2024,2024-03-31,322647000000,JPY,consolidated,JGAAP,reported,edinet-s100w3ip,element_id=jpcrp_cor:NetSalesSummaryOfBusinessResults; context_id=Prior1YearDuration
taiyo-yuden,revenue,2025,2025-03-31,341438000000,JPY,consolidated,JGAAP,reported,edinet-s100w3ip,element_id=jpcrp_cor:NetSalesSummaryOfBusinessResults; context_id=CurrentYearDuration
taiyo-yuden,equity_ratio,2021,2021-03-31,60.1,percent,consolidated,JGAAP,reported,edinet-s100w3ip,element_id=jpcrp_cor:EquityToAssetRatioSummaryOfBusinessResults; context_id=Prior4YearInstant
taiyo-yuden,equity_ratio,2022,2022-03-31,63.1,percent,consolidated,JGAAP,reported,edinet-s100w3ip,element_id=jpcrp_cor:EquityToAssetRatioSummaryOfBusinessResults; context_id=Prior3YearInstant
taiyo-yuden,equity_ratio,2023,2023-03-31,63.1,percent,consolidated,JGAAP,reported,edinet-s100w3ip,element_id=jpcrp_cor:EquityToAssetRatioSummaryOfBusinessResults; context_id=Prior2YearInstant
taiyo-yuden,equity_ratio,2024,2024-03-31,56.8,percent,consolidated,JGAAP,reported,edinet-s100w3ip,element_id=jpcrp_cor:EquityToAssetRatioSummaryOfBusinessResults; context_id=Prior1YearInstant
taiyo-yuden,equity_ratio,2025,2025-03-31,55.6,percent,consolidated,JGAAP,reported,edinet-s100w3ip,element_id=jpcrp_cor:EquityToAssetRatioSummaryOfBusinessResults; context_id=CurrentYearInstant
taiyo-yuden,operating_cf,2021,2021-03-31,52882000000,JPY,consolidated,JGAAP,reported,edinet-s100w3ip,element_id=jpcrp_cor:NetCashProvidedByUsedInOperatingActivitiesSummaryOfBusinessResults; context_id=Prior4YearDuration
taiyo-yuden,operating_cf,2022,2022-03-31,67315000000,JPY,consolidated,JGAAP,reported,edinet-s100w3ip,element_id=jpcrp_cor:NetCashProvidedByUsedInOperatingActivitiesSummaryOfBusinessResults; context_id=Prior3YearDuration
taiyo-yuden,operating_cf,2023,2023-03-31,39460000000,JPY,consolidated,JGAAP,reported,edinet-s100w3ip,element_id=jpcrp_cor:NetCashProvidedByUsedInOperatingActivitiesSummaryOfBusinessResults; context_id=Prior2YearDuration
taiyo-yuden,operating_cf,2024,2024-03-31,51104000000,JPY,consolidated,JGAAP,reported,edinet-s100w3ip,element_id=jpcrp_cor:NetCashProvidedByUsedInOperatingActivitiesSummaryOfBusinessResults; context_id=Prior1YearDuration
taiyo-yuden,operating_cf,2025,2025-03-31,33941000000,JPY,consolidated,JGAAP,reported,edinet-s100w3ip,element_id=jpcrp_cor:NetCashProvidedByUsedInOperatingActivitiesSummaryOfBusinessResults; context_id=CurrentYearDuration
taiyo-yuden,investing_cf,2021,2021-03-31,-42218000000,JPY,consolidated,JGAAP,reported,edinet-s100w3ip,element_id=jpcrp_cor:NetCashProvidedByUsedInInvestingActivitiesSummaryOfBusinessResults; context_id=Prior4YearDuration
taiyo-yuden,investing_cf,2022,2022-03-31,-50622000000,JPY,consolidated,JGAAP,reported,edinet-s100w3ip,element_id=jpcrp_cor:NetCashProvidedByUsedInInvestingActivitiesSummaryOfBusinessResults; context_id=Prior3YearDuration
taiyo-yuden,investing_cf,2023,2023-03-31,-60438000000,JPY,consolidated,JGAAP,reported,edinet-s100w3ip,element_id=jpcrp_cor:NetCashProvidedByUsedInInvestingActivitiesSummaryOfBusinessResults; context_id=Prior2YearDuration
taiyo-yuden,investing_cf,2024,2024-03-31,-82793000000,JPY,consolidated,JGAAP,reported,edinet-s100w3ip,element_id=jpcrp_cor:NetCashProvidedByUsedInInvestingActivitiesSummaryOfBusinessResults; context_id=Prior1YearDuration
taiyo-yuden,investing_cf,2025,2025-03-31,-63527000000,JPY,consolidated,JGAAP,reported,edinet-s100w3ip,element_id=jpcrp_cor:NetCashProvidedByUsedInInvestingActivitiesSummaryOfBusinessResults; context_id=CurrentYearDuration
taiyo-yuden,financing_cf,2021,2021-03-31,12604000000,JPY,consolidated,JGAAP,reported,edinet-s100w3ip,element_id=jpcrp_cor:NetCashProvidedByUsedInFinancingActivitiesSummaryOfBusinessResults; context_id=Prior4YearDuration
taiyo-yuden,financing_cf,2022,2022-03-31,-14711000000,JPY,consolidated,JGAAP,reported,edinet-s100w3ip,element_id=jpcrp_cor:NetCashProvidedByUsedInFinancingActivitiesSummaryOfBusinessResults; context_id=Prior3YearDuration
taiyo-yuden,financing_cf,2023,2023-03-31,14485000000,JPY,consolidated,JGAAP,reported,edinet-s100w3ip,element_id=jpcrp_cor:NetCashProvidedByUsedInFinancingActivitiesSummaryOfBusinessResults; context_id=Prior2YearDuration
taiyo-yuden,financing_cf,2024,2024-03-31,37647000000,JPY,consolidated,JGAAP,reported,edinet-s100w3ip,element_id=jpcrp_cor:NetCashProvidedByUsedInFinancingActivitiesSummaryOfBusinessResults; context_id=Prior1YearDuration
taiyo-yuden,financing_cf,2025,2025-03-31,3048000000,JPY,consolidated,JGAAP,reported,edinet-s100w3ip,element_id=jpcrp_cor:NetCashProvidedByUsedInFinancingActivitiesSummaryOfBusinessResults; context_id=CurrentYearDuration
taiyo-yuden,operating_profit,2024,2024-03-31,9079000000,JPY,consolidated,JGAAP,reported,edinet-s100w3ip,element_id=jppfs_cor:OperatingIncome; context_id=Prior1YearDuration
taiyo-yuden,operating_profit,2025,2025-03-31,10459000000,JPY,consolidated,JGAAP,reported,edinet-s100w3ip,element_id=jppfs_cor:OperatingIncome; context_id=CurrentYearDuration
tokyo-electron,revenue,2021,2021-03-31,1399102000000,JPY,consolidated,JGAAP,reported,edinet-s100vx9r,element_id=jpcrp_cor:NetSalesSummaryOfBusinessResults; context_id=Prior4YearDuration
tokyo-electron,revenue,2022,2022-03-31,2003805000000,JPY,consolidated,JGAAP,reported,edinet-s100vx9r,element_id=jpcrp_cor:NetSalesSummaryOfBusinessResults; context_id=Prior3YearDuration
tokyo-electron,revenue,2023,2023-03-31,2209025000000,JPY,consolidated,JGAAP,reported,edinet-s100vx9r,element_id=jpcrp_cor:NetSalesSummaryOfBusinessResults; context_id=Prior2YearDuration
tokyo-electron,revenue,2024,2024-03-31,1830527000000,JPY,consolidated,JGAAP,reported,edinet-s100vx9r,element_id=jpcrp_cor:NetSalesSummaryOfBusinessResults; context_id=Prior1YearDuration
tokyo-electron,revenue,2025,2025-03-31,2431568000000,JPY,consolidated,JGAAP,reported,edinet-s100vx9r,element_id=jpcrp_cor:NetSalesSummaryOfBusinessResults; context_id=CurrentYearDuration
tokyo-electron,equity_ratio,2021,2021-03-31,71.1,percent,consolidated,JGAAP,reported,edinet-s100vx9r,element_id=jpcrp_cor:EquityToAssetRatioSummaryOfBusinessResults; context_id=Prior4YearInstant
tokyo-electron,equity_ratio,2022,2022-03-31,70.5,percent,consolidated,JGAAP,reported,edinet-s100vx9r,element_id=jpcrp_cor:EquityToAssetRatioSummaryOfBusinessResults; context_id=Prior3YearInstant
tokyo-electron,equity_ratio,2023,2023-03-31,68.7,percent,consolidated,JGAAP,reported,edinet-s100vx9r,element_id=jpcrp_cor:EquityToAssetRatioSummaryOfBusinessResults; context_id=Prior2YearInstant
tokyo-electron,equity_ratio,2024,2024-03-31,71.1,percent,consolidated,JGAAP,reported,edinet-s100vx9r,element_id=jpcrp_cor:EquityToAssetRatioSummaryOfBusinessResults; context_id=Prior1YearInstant
tokyo-electron,equity_ratio,2025,2025-03-31,70.1,percent,consolidated,JGAAP,reported,edinet-s100vx9r,element_id=jpcrp_cor:EquityToAssetRatioSummaryOfBusinessResults; context_id=CurrentYearInstant
tokyo-electron,operating_cf,2021,2021-03-31,145888000000,JPY,consolidated,JGAAP,reported,edinet-s100vx9r,element_id=jpcrp_cor:NetCashProvidedByUsedInOperatingActivitiesSummaryOfBusinessResults; context_id=Prior4YearDuration
tokyo-electron,operating_cf,2022,2022-03-31,283387000000,JPY,consolidated,JGAAP,reported,edinet-s100vx9r,element_id=jpcrp_cor:NetCashProvidedByUsedInOperatingActivitiesSummaryOfBusinessResults; context_id=Prior3YearDuration
tokyo-electron,operating_cf,2023,2023-03-31,426270000000,JPY,consolidated,JGAAP,reported,edinet-s100vx9r,element_id=jpcrp_cor:NetCashProvidedByUsedInOperatingActivitiesSummaryOfBusinessResults; context_id=Prior2YearDuration
tokyo-electron,operating_cf,2024,2024-03-31,434720000000,JPY,consolidated,JGAAP,reported,edinet-s100vx9r,element_id=jpcrp_cor:NetCashProvidedByUsedInOperatingActivitiesSummaryOfBusinessResults; context_id=Prior1YearDuration
tokyo-electron,operating_cf,2025,2025-03-31,582174000000,JPY,consolidated,JGAAP,reported,edinet-s100vx9r,element_id=jpcrp_cor:NetCashProvidedByUsedInOperatingActivitiesSummaryOfBusinessResults; context_id=CurrentYearDuration
tokyo-electron,investing_cf,2021,2021-03-31,-18274000000,JPY,consolidated,JGAAP,reported,edinet-s100vx9r,element_id=jpcrp_cor:NetCashProvidedByUsedInInvestingActivitiesSummaryOfBusinessResults; context_id=Prior4YearDuration
tokyo-electron,investing_cf,2022,2022-03-31,-55632000000,JPY,consolidated,JGAAP,reported,edinet-s100vx9r,element_id=jpcrp_cor:NetCashProvidedByUsedInInvestingActivitiesSummaryOfBusinessResults; context_id=Prior3YearDuration
tokyo-electron,investing_cf,2023,2023-03-31,-41756000000,JPY,consolidated,JGAAP,reported,edinet-s100vx9r,element_id=jpcrp_cor:NetCashProvidedByUsedInInvestingActivitiesSummaryOfBusinessResults; context_id=Prior2YearDuration
tokyo-electron,investing_cf,2024,2024-03-31,-125148000000,JPY,consolidated,JGAAP,reported,edinet-s100vx9r,element_id=jpcrp_cor:NetCashProvidedByUsedInInvestingActivitiesSummaryOfBusinessResults; context_id=Prior1YearDuration
tokyo-electron,investing_cf,2025,2025-03-31,-169609000000,JPY,consolidated,JGAAP,reported,edinet-s100vx9r,element_id=jpcrp_cor:NetCashProvidedByUsedInInvestingActivitiesSummaryOfBusinessResults; context_id=CurrentYearDuration
tokyo-electron,financing_cf,2021,2021-03-31,-114525000000,JPY,consolidated,JGAAP,reported,edinet-s100vx9r,element_id=jpcrp_cor:NetCashProvidedByUsedInFinancingActivitiesSummaryOfBusinessResults; context_id=Prior4YearDuration
tokyo-electron,financing_cf,2022,2022-03-31,-167256000000,JPY,consolidated,JGAAP,reported,edinet-s100vx9r,element_id=jpcrp_cor:NetCashProvidedByUsedInFinancingActivitiesSummaryOfBusinessResults; context_id=Prior3YearDuration
tokyo-electron,financing_cf,2023,2023-03-31,-256534000000,JPY,consolidated,JGAAP,reported,edinet-s100vx9r,element_id=jpcrp_cor:NetCashProvidedByUsedInFinancingActivitiesSummaryOfBusinessResults; context_id=Prior2YearDuration
tokyo-electron,financing_cf,2024,2024-03-31,-325012000000,JPY,consolidated,JGAAP,reported,edinet-s100vx9r,element_id=jpcrp_cor:NetCashProvidedByUsedInFinancingActivitiesSummaryOfBusinessResults; context_id=Prior1YearDuration
tokyo-electron,financing_cf,2025,2025-03-31,-388836000000,JPY,consolidated,JGAAP,reported,edinet-s100vx9r,element_id=jpcrp_cor:NetCashProvidedByUsedInFinancingActivitiesSummaryOfBusinessResults; context_id=CurrentYearDuration
tokyo-electron,operating_profit,2024,2024-03-31,456263000000,JPY,consolidated,JGAAP,reported,edinet-s100vx9r,element_id=jppfs_cor:OperatingIncome; context_id=Prior1YearDuration
tokyo-electron,operating_profit,2025,2025-03-31,697319000000,JPY,consolidated,JGAAP,reported,edinet-s100vx9r,element_id=jppfs_cor:OperatingIncome; context_id=CurrentYearDuration
disco,revenue,2021,2021-03-31,182857000000,JPY,consolidated,JGAAP,reported,edinet-s100w0jy,element_id=jpcrp_cor:NetSalesSummaryOfBusinessResults; context_id=Prior4YearDuration
disco,revenue,2022,2022-03-31,253781000000,JPY,consolidated,JGAAP,reported,edinet-s100w0jy,element_id=jpcrp_cor:NetSalesSummaryOfBusinessResults; context_id=Prior3YearDuration
disco,revenue,2023,2023-03-31,284135000000,JPY,consolidated,JGAAP,reported,edinet-s100w0jy,element_id=jpcrp_cor:NetSalesSummaryOfBusinessResults; context_id=Prior2YearDuration
disco,revenue,2024,2024-03-31,307554000000,JPY,consolidated,JGAAP,reported,edinet-s100w0jy,element_id=jpcrp_cor:NetSalesSummaryOfBusinessResults; context_id=Prior1YearDuration
disco,revenue,2025,2025-03-31,393313000000,JPY,consolidated,JGAAP,reported,edinet-s100w0jy,element_id=jpcrp_cor:NetSalesSummaryOfBusinessResults; context_id=CurrentYearDuration
disco,equity_ratio,2021,2021-03-31,76.3,percent,consolidated,JGAAP,reported,edinet-s100w0jy,element_id=jpcrp_cor:EquityToAssetRatioSummaryOfBusinessResults; context_id=Prior4YearInstant
disco,equity_ratio,2022,2022-03-31,72.3,percent,consolidated,JGAAP,reported,edinet-s100w0jy,element_id=jpcrp_cor:EquityToAssetRatioSummaryOfBusinessResults; context_id=Prior3YearInstant
disco,equity_ratio,2023,2023-03-31,74,percent,consolidated,JGAAP,reported,edinet-s100w0jy,element_id=jpcrp_cor:EquityToAssetRatioSummaryOfBusinessResults; context_id=Prior2YearInstant
disco,equity_ratio,2024,2024-03-31,72.9,percent,consolidated,JGAAP,reported,edinet-s100w0jy,element_id=jpcrp_cor:EquityToAssetRatioSummaryOfBusinessResults; context_id=Prior1YearInstant
disco,equity_ratio,2025,2025-03-31,75.1,percent,consolidated,JGAAP,reported,edinet-s100w0jy,element_id=jpcrp_cor:EquityToAssetRatioSummaryOfBusinessResults; context_id=CurrentYearInstant
disco,operating_cf,2021,2021-03-31,56709000000,JPY,consolidated,JGAAP,reported,edinet-s100w0jy,element_id=jpcrp_cor:NetCashProvidedByUsedInOperatingActivitiesSummaryOfBusinessResults; context_id=Prior4YearDuration
disco,operating_cf,2022,2022-03-31,83654000000,JPY,consolidated,JGAAP,reported,edinet-s100w0jy,element_id=jpcrp_cor:NetCashProvidedByUsedInOperatingActivitiesSummaryOfBusinessResults; context_id=Prior3YearDuration
disco,operating_cf,2023,2023-03-31,81783000000,JPY,consolidated,JGAAP,reported,edinet-s100w0jy,element_id=jpcrp_cor:NetCashProvidedByUsedInOperatingActivitiesSummaryOfBusinessResults; context_id=Prior2YearDuration
disco,operating_cf,2024,2024-03-31,97524000000,JPY,consolidated,JGAAP,reported,edinet-s100w0jy,element_id=jpcrp_cor:NetCashProvidedByUsedInOperatingActivitiesSummaryOfBusinessResults; context_id=Prior1YearDuration
disco,operating_cf,2025,2025-03-31,120364000000,JPY,consolidated,JGAAP,reported,edinet-s100w0jy,element_id=jpcrp_cor:NetCashProvidedByUsedInOperatingActivitiesSummaryOfBusinessResults; context_id=CurrentYearDuration
disco,investing_cf,2021,2021-03-31,-13107000000,JPY,consolidated,JGAAP,reported,edinet-s100w0jy,element_id=jpcrp_cor:NetCashProvidedByUsedInInvestingActivitiesSummaryOfBusinessResults; context_id=Prior4YearDuration
disco,investing_cf,2022,2022-03-31,-43591000000,JPY,consolidated,JGAAP,reported,edinet-s100w0jy,element_id=jpcrp_cor:NetCashProvidedByUsedInInvestingActivitiesSummaryOfBusinessResults; context_id=Prior3YearDuration
disco,investing_cf,2023,2023-03-31,-13077000000,JPY,consolidated,JGAAP,reported,edinet-s100w0jy,element_id=jpcrp_cor:NetCashProvidedByUsedInInvestingActivitiesSummaryOfBusinessResults; context_id=Prior2YearDuration
disco,investing_cf,2024,2024-03-31,-16403000000,JPY,consolidated,JGAAP,reported,edinet-s100w0jy,element_id=jpcrp_cor:NetCashProvidedByUsedInInvestingActivitiesSummaryOfBusinessResults; context_id=Prior1YearDuration
disco,investing_cf,2025,2025-03-31,-68002000000,JPY,consolidated,JGAAP,reported,edinet-s100w0jy,element_id=jpcrp_cor:NetCashProvidedByUsedInInvestingActivitiesSummaryOfBusinessResults; context_id=CurrentYearDuration
disco,financing_cf,2021,2021-03-31,-15825000000,JPY,consolidated,JGAAP,reported,edinet-s100w0jy,element_id=jpcrp_cor:NetCashProvidedByUsedInFinancingActivitiesSummaryOfBusinessResults; context_id=Prior4YearDuration
disco,financing_cf,2022,2022-03-31,-27193000000,JPY,consolidated,JGAAP,reported,edinet-s100w0jy,element_id=jpcrp_cor:NetCashProvidedByUsedInFinancingActivitiesSummaryOfBusinessResults; context_id=Prior3YearDuration
disco,financing_cf,2023,2023-03-31,-32090000000,JPY,consolidated,JGAAP,reported,edinet-s100w0jy,element_id=jpcrp_cor:NetCashProvidedByUsedInFinancingActivitiesSummaryOfBusinessResults; context_id=Prior2YearDuration
disco,financing_cf,2024,2024-03-31,-30938000000,JPY,consolidated,JGAAP,reported,edinet-s100w0jy,element_id=jpcrp_cor:NetCashProvidedByUsedInFinancingActivitiesSummaryOfBusinessResults; context_id=Prior1YearDuration
disco,financing_cf,2025,2025-03-31,-38150000000,JPY,consolidated,JGAAP,reported,edinet-s100w0jy,element_id=jpcrp_cor:NetCashProvidedByUsedInFinancingActivitiesSummaryOfBusinessResults; context_id=CurrentYearDuration
disco,operating_profit,2024,2024-03-31,121490000000,JPY,consolidated,JGAAP,reported,edinet-s100w0jy,element_id=jppfs_cor:OperatingIncome; context_id=Prior1YearDuration
disco,operating_profit,2025,2025-03-31,166834000000,JPY,consolidated,JGAAP,reported,edinet-s100w0jy,element_id=jppfs_cor:OperatingIncome; context_id=CurrentYearDuration
shin-etsu-chemical,revenue,2021,2021-03-31,1496906000000,JPY,consolidated,JGAAP,reported,edinet-s100w0rg,element_id=jpcrp_cor:NetSalesSummaryOfBusinessResults; context_id=Prior4YearDuration
shin-etsu-chemical,revenue,2022,2022-03-31,2074428000000,JPY,consolidated,JGAAP,reported,edinet-s100w0rg,element_id=jpcrp_cor:NetSalesSummaryOfBusinessResults; context_id=Prior3YearDuration
shin-etsu-chemical,revenue,2023,2023-03-31,2808824000000,JPY,consolidated,JGAAP,reported,edinet-s100w0rg,element_id=jpcrp_cor:NetSalesSummaryOfBusinessResults; context_id=Prior2YearDuration
shin-etsu-chemical,revenue,2024,2024-03-31,2414937000000,JPY,consolidated,JGAAP,reported,edinet-s100w0rg,element_id=jpcrp_cor:NetSalesSummaryOfBusinessResults; context_id=Prior1YearDuration
shin-etsu-chemical,revenue,2025,2025-03-31,2561249000000,JPY,consolidated,JGAAP,reported,edinet-s100w0rg,element_id=jpcrp_cor:NetSalesSummaryOfBusinessResults; context_id=CurrentYearDuration
shin-etsu-chemical,equity_ratio,2021,2021-03-31,83.2,percent,consolidated,JGAAP,reported,edinet-s100w0rg,element_id=jpcrp_cor:EquityToAssetRatioSummaryOfBusinessResults; context_id=Prior4YearInstant
shin-etsu-chemical,equity_ratio,2022,2022-03-31,82.1,percent,consolidated,JGAAP,reported,edinet-s100w0rg,element_id=jpcrp_cor:EquityToAssetRatioSummaryOfBusinessResults; context_id=Prior3YearInstant
shin-etsu-chemical,equity_ratio,2023,2023-03-31,81.8,percent,consolidated,JGAAP,reported,edinet-s100w0rg,element_id=jpcrp_cor:EquityToAssetRatioSummaryOfBusinessResults; context_id=Prior2YearInstant
shin-etsu-chemical,equity_ratio,2024,2024-03-31,82.7,percent,consolidated,JGAAP,reported,edinet-s100w0rg,element_id=jpcrp_cor:EquityToAssetRatioSummaryOfBusinessResults; context_id=Prior1YearInstant
shin-etsu-chemical,equity_ratio,2025,2025-03-31,82.6,percent,consolidated,JGAAP,reported,edinet-s100w0rg,element_id=jpcrp_cor:EquityToAssetRatioSummaryOfBusinessResults; context_id=CurrentYearInstant
shin-etsu-chemical,operating_cf,2021,2021-03-31,401176000000,JPY,consolidated,JGAAP,reported,edinet-s100w0rg,element_id=jpcrp_cor:NetCashProvidedByUsedInOperatingActivitiesSummaryOfBusinessResults; context_id=Prior4YearDuration
shin-etsu-chemical,operating_cf,2022,2022-03-31,553528000000,JPY,consolidated,JGAAP,reported,edinet-s100w0rg,element_id=jpcrp_cor:NetCashProvidedByUsedInOperatingActivitiesSummaryOfBusinessResults; context_id=Prior3YearDuration
shin-etsu-chemical,operating_cf,2023,2023-03-31,788013000000,JPY,consolidated,JGAAP,reported,edinet-s100w0rg,element_id=jpcrp_cor:NetCashProvidedByUsedInOperatingActivitiesSummaryOfBusinessResults; context_id=Prior2YearDuration
shin-etsu-chemical,operating_cf,2024,2024-03-31,755183000000,JPY,consolidated,JGAAP,reported,edinet-s100w0rg,element_id=jpcrp_cor:NetCashProvidedByUsedInOperatingActivitiesSummaryOfBusinessResults; context_id=Prior1YearDuration
shin-etsu-chemical,operating_cf,2025,2025-03-31,881934000000,JPY,consolidated,JGAAP,reported,edinet-s100w0rg,element_id=jpcrp_cor:NetCashProvidedByUsedInOperatingActivitiesSummaryOfBusinessResults; context_id=CurrentYearDuration
shin-etsu-chemical,investing_cf,2021,2021-03-31,-250719000000,JPY,consolidated,JGAAP,reported,edinet-s100w0rg,element_id=jpcrp_cor:NetCashProvidedByUsedInInvestingActivitiesSummaryOfBusinessResults; context_id=Prior4YearDuration
shin-etsu-chemical,investing_cf,2022,2022-03-31,-253723000000,JPY,consolidated,JGAAP,reported,edinet-s100w0rg,element_id=jpcrp_cor:NetCashProvidedByUsedInInvestingActivitiesSummaryOfBusinessResults; context_id=Prior3YearDuration
shin-etsu-chemical,investing_cf,2023,2023-03-31,-186488000000,JPY,consolidated,JGAAP,reported,edinet-s100w0rg,element_id=jpcrp_cor:NetCashProvidedByUsedInInvestingActivitiesSummaryOfBusinessResults; context_id=Prior2YearDuration
shin-etsu-chemical,investing_cf,2024,2024-03-31,-1099208000000,JPY,consolidated,JGAAP,reported,edinet-s100w0rg,element_id=jpcrp_cor:NetCashProvidedByUsedInInvestingActivitiesSummaryOfBusinessResults; context_id=Prior1YearDuration
shin-etsu-chemical,investing_cf,2025,2025-03-31,-142553000000,JPY,consolidated,JGAAP,reported,edinet-s100w0rg,element_id=jpcrp_cor:NetCashProvidedByUsedInInvestingActivitiesSummaryOfBusinessResults; context_id=CurrentYearDuration
shin-etsu-chemical,financing_cf,2021,2021-03-31,-91123000000,JPY,consolidated,JGAAP,reported,edinet-s100w0rg,element_id=jpcrp_cor:NetCashProvidedByUsedInFinancingActivitiesSummaryOfBusinessResults; context_id=Prior4YearDuration
shin-etsu-chemical,financing_cf,2022,2022-03-31,-122504000000,JPY,consolidated,JGAAP,reported,edinet-s100w0rg,element_id=jpcrp_cor:NetCashProvidedByUsedInFinancingActivitiesSummaryOfBusinessResults; context_id=Prior3YearDuration
shin-etsu-chemical,financing_cf,2023,2023-03-31,-423559000000,JPY,consolidated,JGAAP,reported,edinet-s100w0rg,element_id=jpcrp_cor:NetCashProvidedByUsedInFinancingActivitiesSummaryOfBusinessResults; context_id=Prior2YearDuration
shin-etsu-chemical,financing_cf,2024,2024-03-31,-369466000000,JPY,consolidated,JGAAP,reported,edinet-s100w0rg,element_id=jpcrp_cor:NetCashProvidedByUsedInFinancingActivitiesSummaryOfBusinessResults; context_id=Prior1YearDuration
shin-etsu-chemical,financing_cf,2025,2025-03-31,-454905000000,JPY,consolidated,JGAAP,reported,edinet-s100w0rg,element_id=jpcrp_cor:NetCashProvidedByUsedInFinancingActivitiesSummaryOfBusinessResults; context_id=CurrentYearDuration
shin-etsu-chemical,operating_profit,2024,2024-03-31,701038000000,JPY,consolidated,JGAAP,reported,edinet-s100w0rg,element_id=jppfs_cor:OperatingIncome; context_id=Prior1YearDuration
shin-etsu-chemical,operating_profit,2025,2025-03-31,742105000000,JPY,consolidated,JGAAP,reported,edinet-s100w0rg,element_id=jppfs_cor:OperatingIncome; context_id=CurrentYearDuration
stella-chemifa,revenue,2021,2021-03-31,32893000000,JPY,consolidated,JGAAP,reported,edinet-s100w3ql,element_id=jpcrp_cor:NetSalesSummaryOfBusinessResults; context_id=Prior4YearDuration
stella-chemifa,revenue,2022,2022-03-31,37296000000,JPY,consolidated,JGAAP,reported,edinet-s100w3ql,element_id=jpcrp_cor:NetSalesSummaryOfBusinessResults; context_id=Prior3YearDuration
stella-chemifa,revenue,2023,2023-03-31,35382000000,JPY,consolidated,JGAAP,reported,edinet-s100w3ql,element_id=jpcrp_cor:NetSalesSummaryOfBusinessResults; context_id=Prior2YearDuration
stella-chemifa,revenue,2024,2024-03-31,30446000000,JPY,consolidated,JGAAP,reported,edinet-s100w3ql,element_id=jpcrp_cor:NetSalesSummaryOfBusinessResults; context_id=Prior1YearDuration
stella-chemifa,revenue,2025,2025-03-31,36288000000,JPY,consolidated,JGAAP,reported,edinet-s100w3ql,element_id=jpcrp_cor:NetSalesSummaryOfBusinessResults; context_id=CurrentYearDuration
stella-chemifa,equity_ratio,2021,2021-03-31,68.4,percent,consolidated,JGAAP,reported,edinet-s100w3ql,element_id=jpcrp_cor:EquityToAssetRatioSummaryOfBusinessResults; context_id=Prior4YearInstant
stella-chemifa,equity_ratio,2022,2022-03-31,74.5,percent,consolidated,JGAAP,reported,edinet-s100w3ql,element_id=jpcrp_cor:EquityToAssetRatioSummaryOfBusinessResults; context_id=Prior3YearInstant
stella-chemifa,equity_ratio,2023,2023-03-31,77.3,percent,consolidated,JGAAP,reported,edinet-s100w3ql,element_id=jpcrp_cor:EquityToAssetRatioSummaryOfBusinessResults; context_id=Prior2YearInstant
stella-chemifa,equity_ratio,2024,2024-03-31,75.5,percent,consolidated,JGAAP,reported,edinet-s100w3ql,element_id=jpcrp_cor:EquityToAssetRatioSummaryOfBusinessResults; context_id=Prior1YearInstant
stella-chemifa,equity_ratio,2025,2025-03-31,73.7,percent,consolidated,JGAAP,reported,edinet-s100w3ql,element_id=jpcrp_cor:EquityToAssetRatioSummaryOfBusinessResults; context_id=CurrentYearInstant
stella-chemifa,operating_cf,2021,2021-03-31,7352000000,JPY,consolidated,JGAAP,reported,edinet-s100w3ql,element_id=jpcrp_cor:NetCashProvidedByUsedInOperatingActivitiesSummaryOfBusinessResults; context_id=Prior4YearDuration
stella-chemifa,operating_cf,2022,2022-03-31,5403000000,JPY,consolidated,JGAAP,reported,edinet-s100w3ql,element_id=jpcrp_cor:NetCashProvidedByUsedInOperatingActivitiesSummaryOfBusinessResults; context_id=Prior3YearDuration
stella-chemifa,operating_cf,2023,2023-03-31,5634000000,JPY,consolidated,JGAAP,reported,edinet-s100w3ql,element_id=jpcrp_cor:NetCashProvidedByUsedInOperatingActivitiesSummaryOfBusinessResults; context_id=Prior2YearDuration
stella-chemifa,operating_cf,2024,2024-03-31,6542000000,JPY,consolidated,JGAAP,reported,edinet-s100w3ql,element_id=jpcrp_cor:NetCashProvidedByUsedInOperatingActivitiesSummaryOfBusinessResults; context_id=Prior1YearDuration
stella-chemifa,operating_cf,2025,2025-03-31,7115000000,JPY,consolidated,JGAAP,reported,edinet-s100w3ql,element_id=jpcrp_cor:NetCashProvidedByUsedInOperatingActivitiesSummaryOfBusinessResults; context_id=CurrentYearDuration
stella-chemifa,investing_cf,2021,2021-03-31,-2464000000,JPY,consolidated,JGAAP,reported,edinet-s100w3ql,element_id=jpcrp_cor:NetCashProvidedByUsedInInvestingActivitiesSummaryOfBusinessResults; context_id=Prior4YearDuration
stella-chemifa,investing_cf,2022,2022-03-31,-5674000000,JPY,consolidated,JGAAP,reported,edinet-s100w3ql,element_id=jpcrp_cor:NetCashProvidedByUsedInInvestingActivitiesSummaryOfBusinessResults; context_id=Prior3YearDuration
stella-chemifa,investing_cf,2023,2023-03-31,-3281000000,JPY,consolidated,JGAAP,reported,edinet-s100w3ql,element_id=jpcrp_cor:NetCashProvidedByUsedInInvestingActivitiesSummaryOfBusinessResults; context_id=Prior2YearDuration
stella-chemifa,investing_cf,2024,2024-03-31,-5831000000,JPY,consolidated,JGAAP,reported,edinet-s100w3ql,element_id=jpcrp_cor:NetCashProvidedByUsedInInvestingActivitiesSummaryOfBusinessResults; context_id=Prior1YearDuration
stella-chemifa,investing_cf,2025,2025-03-31,-4324000000,JPY,consolidated,JGAAP,reported,edinet-s100w3ql,element_id=jpcrp_cor:NetCashProvidedByUsedInInvestingActivitiesSummaryOfBusinessResults; context_id=CurrentYearDuration
stella-chemifa,financing_cf,2021,2021-03-31,-3004000000,JPY,consolidated,JGAAP,reported,edinet-s100w3ql,element_id=jpcrp_cor:NetCashProvidedByUsedInFinancingActivitiesSummaryOfBusinessResults; context_id=Prior4YearDuration
stella-chemifa,financing_cf,2022,2022-03-31,94000000,JPY,consolidated,JGAAP,reported,edinet-s100w3ql,element_id=jpcrp_cor:NetCashProvidedByUsedInFinancingActivitiesSummaryOfBusinessResults; context_id=Prior3YearDuration
stella-chemifa,financing_cf,2023,2023-03-31,-3717000000,JPY,consolidated,JGAAP,reported,edinet-s100w3ql,element_id=jpcrp_cor:NetCashProvidedByUsedInFinancingActivitiesSummaryOfBusinessResults; context_id=Prior2YearDuration
stella-chemifa,financing_cf,2024,2024-03-31,-141000000,JPY,consolidated,JGAAP,reported,edinet-s100w3ql,element_id=jpcrp_cor:NetCashProvidedByUsedInFinancingActivitiesSummaryOfBusinessResults; context_id=Prior1YearDuration
stella-chemifa,financing_cf,2025,2025-03-31,-2828000000,JPY,consolidated,JGAAP,reported,edinet-s100w3ql,element_id=jpcrp_cor:NetCashProvidedByUsedInFinancingActivitiesSummaryOfBusinessResults; context_id=CurrentYearDuration
stella-chemifa,operating_profit,2024,2024-03-31,2722000000,JPY,consolidated,JGAAP,reported,edinet-s100w3ql,element_id=jppfs_cor:OperatingIncome; context_id=Prior1YearDuration
stella-chemifa,operating_profit,2025,2025-03-31,4338000000,JPY,consolidated,JGAAP,reported,edinet-s100w3ql,element_id=jppfs_cor:OperatingIncome; context_id=CurrentYearDuration
sumco,revenue,2020,2020-12-31,291333000000,JPY,consolidated,JGAAP,reported,edinet-s100vfya,element_id=jpcrp_cor:NetSalesSummaryOfBusinessResults; context_id=Prior4YearDuration
sumco,revenue,2021,2021-12-31,335674000000,JPY,consolidated,JGAAP,reported,edinet-s100vfya,element_id=jpcrp_cor:NetSalesSummaryOfBusinessResults; context_id=Prior3YearDuration
sumco,revenue,2022,2022-12-31,441083000000,JPY,consolidated,JGAAP,reported,edinet-s100vfya,element_id=jpcrp_cor:NetSalesSummaryOfBusinessResults; context_id=Prior2YearDuration
sumco,revenue,2023,2023-12-31,425941000000,JPY,consolidated,JGAAP,reported,edinet-s100vfya,element_id=jpcrp_cor:NetSalesSummaryOfBusinessResults; context_id=Prior1YearDuration
sumco,revenue,2024,2024-12-31,396619000000,JPY,consolidated,JGAAP,reported,edinet-s100vfya,element_id=jpcrp_cor:NetSalesSummaryOfBusinessResults; context_id=CurrentYearDuration
sumco,equity_ratio,2020,2020-12-31,53.1,percent,consolidated,JGAAP,reported,edinet-s100vfya,element_id=jpcrp_cor:EquityToAssetRatioSummaryOfBusinessResults; context_id=Prior4YearInstant
sumco,equity_ratio,2021,2021-12-31,62.3,percent,consolidated,JGAAP,reported,edinet-s100vfya,element_id=jpcrp_cor:EquityToAssetRatioSummaryOfBusinessResults; context_id=Prior3YearInstant
sumco,equity_ratio,2022,2022-12-31,59.8,percent,consolidated,JGAAP,reported,edinet-s100vfya,element_id=jpcrp_cor:EquityToAssetRatioSummaryOfBusinessResults; context_id=Prior2YearInstant
sumco,equity_ratio,2023,2023-12-31,53.3,percent,consolidated,JGAAP,reported,edinet-s100vfya,element_id=jpcrp_cor:EquityToAssetRatioSummaryOfBusinessResults; context_id=Prior1YearInstant
sumco,equity_ratio,2024,2024-12-31,50.5,percent,consolidated,JGAAP,reported,edinet-s100vfya,element_id=jpcrp_cor:EquityToAssetRatioSummaryOfBusinessResults; context_id=CurrentYearInstant
sumco,operating_cf,2020,2020-12-31,84188000000,JPY,consolidated,JGAAP,reported,edinet-s100vfya,element_id=jpcrp_cor:NetCashProvidedByUsedInOperatingActivitiesSummaryOfBusinessResults; context_id=Prior4YearDuration
sumco,operating_cf,2021,2021-12-31,104708000000,JPY,consolidated,JGAAP,reported,edinet-s100vfya,element_id=jpcrp_cor:NetCashProvidedByUsedInOperatingActivitiesSummaryOfBusinessResults; context_id=Prior3YearDuration
sumco,operating_cf,2022,2022-12-31,179462000000,JPY,consolidated,JGAAP,reported,edinet-s100vfya,element_id=jpcrp_cor:NetCashProvidedByUsedInOperatingActivitiesSummaryOfBusinessResults; context_id=Prior2YearDuration
sumco,operating_cf,2023,2023-12-31,96342000000,JPY,consolidated,JGAAP,reported,edinet-s100vfya,element_id=jpcrp_cor:NetCashProvidedByUsedInOperatingActivitiesSummaryOfBusinessResults; context_id=Prior1YearDuration
sumco,operating_cf,2024,2024-12-31,69627000000,JPY,consolidated,JGAAP,reported,edinet-s100vfya,element_id=jpcrp_cor:NetCashProvidedByUsedInOperatingActivitiesSummaryOfBusinessResults; context_id=CurrentYearDuration
sumco,investing_cf,2020,2020-12-31,-55193000000,JPY,consolidated,JGAAP,reported,edinet-s100vfya,element_id=jpcrp_cor:NetCashProvidedByUsedInInvestingActivitiesSummaryOfBusinessResults; context_id=Prior4YearDuration
sumco,investing_cf,2021,2021-12-31,-67337000000,JPY,consolidated,JGAAP,reported,edinet-s100vfya,element_id=jpcrp_cor:NetCashProvidedByUsedInInvestingActivitiesSummaryOfBusinessResults; context_id=Prior3YearDuration
sumco,investing_cf,2022,2022-12-31,-126351000000,JPY,consolidated,JGAAP,reported,edinet-s100vfya,element_id=jpcrp_cor:NetCashProvidedByUsedInInvestingActivitiesSummaryOfBusinessResults; context_id=Prior2YearDuration
sumco,investing_cf,2023,2023-12-31,-247677000000,JPY,consolidated,JGAAP,reported,edinet-s100vfya,element_id=jpcrp_cor:NetCashProvidedByUsedInInvestingActivitiesSummaryOfBusinessResults; context_id=Prior1YearDuration
sumco,investing_cf,2024,2024-12-31,-247876000000,JPY,consolidated,JGAAP,reported,edinet-s100vfya,element_id=jpcrp_cor:NetCashProvidedByUsedInInvestingActivitiesSummaryOfBusinessResults; context_id=CurrentYearDuration
sumco,financing_cf,2020,2020-12-31,-16236000000,JPY,consolidated,JGAAP,reported,edinet-s100vfya,element_id=jpcrp_cor:NetCashProvidedByUsedInFinancingActivitiesSummaryOfBusinessResults; context_id=Prior4YearDuration
sumco,financing_cf,2021,2021-12-31,99099000000,JPY,consolidated,JGAAP,reported,edinet-s100vfya,element_id=jpcrp_cor:NetCashProvidedByUsedInFinancingActivitiesSummaryOfBusinessResults; context_id=Prior3YearDuration
sumco,financing_cf,2022,2022-12-31,-23153000000,JPY,consolidated,JGAAP,reported,edinet-s100vfya,element_id=jpcrp_cor:NetCashProvidedByUsedInFinancingActivitiesSummaryOfBusinessResults; context_id=Prior2YearDuration
sumco,financing_cf,2023,2023-12-31,43456000000,JPY,consolidated,JGAAP,reported,edinet-s100vfya,element_id=jpcrp_cor:NetCashProvidedByUsedInFinancingActivitiesSummaryOfBusinessResults; context_id=Prior1YearDuration
sumco,financing_cf,2024,2024-12-31,112294000000,JPY,consolidated,JGAAP,reported,edinet-s100vfya,element_id=jpcrp_cor:NetCashProvidedByUsedInFinancingActivitiesSummaryOfBusinessResults; context_id=CurrentYearDuration
sumco,operating_profit,2023,2023-12-31,73080000000,JPY,consolidated,JGAAP,reported,edinet-s100vfya,element_id=jppfs_cor:OperatingIncome; context_id=Prior1YearDuration
sumco,operating_profit,2024,2024-12-31,36924000000,JPY,consolidated,JGAAP,reported,edinet-s100vfya,element_id=jppfs_cor:OperatingIncome; context_id=CurrentYearDuration
lasertec,revenue,2021,2021-06-30,70248000000,JPY,consolidated,JGAAP,reported,edinet-s100wq7f,element_id=jpcrp_cor:NetSalesSummaryOfBusinessResults; context_id=Prior4YearDuration
lasertec,revenue,2022,2022-06-30,90378000000,JPY,consolidated,JGAAP,reported,edinet-s100wq7f,element_id=jpcrp_cor:NetSalesSummaryOfBusinessResults; context_id=Prior3YearDuration
lasertec,revenue,2023,2023-06-30,152832000000,JPY,consolidated,JGAAP,reported,edinet-s100wq7f,element_id=jpcrp_cor:NetSalesSummaryOfBusinessResults; context_id=Prior2YearDuration
lasertec,revenue,2024,2024-06-30,213506000000,JPY,consolidated,JGAAP,reported,edinet-s100wq7f,element_id=jpcrp_cor:NetSalesSummaryOfBusinessResults; context_id=Prior1YearDuration
lasertec,revenue,2025,2025-06-30,251477000000,JPY,consolidated,JGAAP,reported,edinet-s100wq7f,element_id=jpcrp_cor:NetSalesSummaryOfBusinessResults; context_id=CurrentYearDuration
lasertec,equity_ratio,2021,2021-06-30,46.5,percent,consolidated,JGAAP,reported,edinet-s100wq7f,element_id=jpcrp_cor:EquityToAssetRatioSummaryOfBusinessResults; context_id=Prior4YearInstant
lasertec,equity_ratio,2022,2022-06-30,40.7,percent,consolidated,JGAAP,reported,edinet-s100wq7f,element_id=jpcrp_cor:EquityToAssetRatioSummaryOfBusinessResults; context_id=Prior3YearInstant
lasertec,equity_ratio,2023,2023-06-30,40.2,percent,consolidated,JGAAP,reported,edinet-s100wq7f,element_id=jpcrp_cor:EquityToAssetRatioSummaryOfBusinessResults; context_id=Prior2YearInstant
lasertec,equity_ratio,2024,2024-06-30,55.8,percent,consolidated,JGAAP,reported,edinet-s100wq7f,element_id=jpcrp_cor:EquityToAssetRatioSummaryOfBusinessResults; context_id=Prior1YearInstant
lasertec,equity_ratio,2025,2025-06-30,63.7,percent,consolidated,JGAAP,reported,edinet-s100wq7f,element_id=jpcrp_cor:EquityToAssetRatioSummaryOfBusinessResults; context_id=CurrentYearInstant
lasertec,operating_cf,2021,2021-06-30,10488000000,JPY,consolidated,JGAAP,reported,edinet-s100wq7f,element_id=jpcrp_cor:NetCashProvidedByUsedInOperatingActivitiesSummaryOfBusinessResults; context_id=Prior4YearDuration
lasertec,operating_cf,2022,2022-06-30,-3464000000,JPY,consolidated,JGAAP,reported,edinet-s100wq7f,element_id=jpcrp_cor:NetCashProvidedByUsedInOperatingActivitiesSummaryOfBusinessResults; context_id=Prior3YearDuration
lasertec,operating_cf,2023,2023-06-30,40548000000,JPY,consolidated,JGAAP,reported,edinet-s100wq7f,element_id=jpcrp_cor:NetCashProvidedByUsedInOperatingActivitiesSummaryOfBusinessResults; context_id=Prior2YearDuration
lasertec,operating_cf,2024,2024-06-30,33317000000,JPY,consolidated,JGAAP,reported,edinet-s100wq7f,element_id=jpcrp_cor:NetCashProvidedByUsedInOperatingActivitiesSummaryOfBusinessResults; context_id=Prior1YearDuration
lasertec,operating_cf,2025,2025-06-30,77874000000,JPY,consolidated,JGAAP,reported,edinet-s100wq7f,element_id=jpcrp_cor:NetCashProvidedByUsedInOperatingActivitiesSummaryOfBusinessResults; context_id=CurrentYearDuration
lasertec,investing_cf,2021,2021-06-30,-3703000000,JPY,consolidated,JGAAP,reported,edinet-s100wq7f,element_id=jpcrp_cor:NetCashProvidedByUsedInInvestingActivitiesSummaryOfBusinessResults; context_id=Prior4YearDuration
lasertec,investing_cf,2022,2022-06-30,-5387000000,JPY,consolidated,JGAAP,reported,edinet-s100wq7f,element_id=jpcrp_cor:NetCashProvidedByUsedInInvestingActivitiesSummaryOfBusinessResults; context_id=Prior3YearDuration
lasertec,investing_cf,2023,2023-06-30,-20570000000,JPY,consolidated,JGAAP,reported,edinet-s100wq7f,element_id=jpcrp_cor:NetCashProvidedByUsedInInvestingActivitiesSummaryOfBusinessResults; context_id=Prior2YearDuration
lasertec,investing_cf,2024,2024-06-30,-3571000000,JPY,consolidated,JGAAP,reported,edinet-s100wq7f,element_id=jpcrp_cor:NetCashProvidedByUsedInInvestingActivitiesSummaryOfBusinessResults; context_id=Prior1YearDuration
lasertec,investing_cf,2025,2025-06-30,-2420000000,JPY,consolidated,JGAAP,reported,edinet-s100wq7f,element_id=jpcrp_cor:NetCashProvidedByUsedInInvestingActivitiesSummaryOfBusinessResults; context_id=CurrentYearDuration
lasertec,financing_cf,2021,2021-06-30,-4242000000,JPY,consolidated,JGAAP,reported,edinet-s100wq7f,element_id=jpcrp_cor:NetCashProvidedByUsedInFinancingActivitiesSummaryOfBusinessResults; context_id=Prior4YearDuration
lasertec,financing_cf,2022,2022-06-30,2149000000,JPY,consolidated,JGAAP,reported,edinet-s100wq7f,element_id=jpcrp_cor:NetCashProvidedByUsedInFinancingActivitiesSummaryOfBusinessResults; context_id=Prior3YearDuration
lasertec,financing_cf,2023,2023-06-30,-15557000000,JPY,consolidated,JGAAP,reported,edinet-s100wq7f,element_id=jpcrp_cor:NetCashProvidedByUsedInFinancingActivitiesSummaryOfBusinessResults; context_id=Prior2YearDuration
lasertec,financing_cf,2024,2024-06-30,-23145000000,JPY,consolidated,JGAAP,reported,edinet-s100wq7f,element_id=jpcrp_cor:NetCashProvidedByUsedInFinancingActivitiesSummaryOfBusinessResults; context_id=Prior1YearDuration
lasertec,financing_cf,2025,2025-06-30,-24568000000,JPY,consolidated,JGAAP,reported,edinet-s100wq7f,element_id=jpcrp_cor:NetCashProvidedByUsedInFinancingActivitiesSummaryOfBusinessResults; context_id=CurrentYearDuration
lasertec,operating_profit,2024,2024-06-30,81375000000,JPY,consolidated,JGAAP,reported,edinet-s100wq7f,element_id=jppfs_cor:OperatingIncome; context_id=Prior1YearDuration
lasertec,operating_profit,2025,2025-06-30,122843000000,JPY,consolidated,JGAAP,reported,edinet-s100wq7f,element_id=jppfs_cor:OperatingIncome; context_id=CurrentYearDuration
